Sample Name,Sample Number,Tt.Ar,Ct.Ar,Ma.Ar,Ct.Ar/Tt.Ar,Ct.Th,Ps.Pm,Ec.Pm,I_max,I_min,J,I_max/C_max,I_min/C_min,Ct.Po,Po.A,BMD,TMD,Length,exp_name,gene_symbol,Gender
ACVR2A_E01_F01_CF                         ,3564,1.59434,0.706,0.8869400000000001,0.4428164632387069,0.1675,4.5429002385399455,3.4832698376665663,0.2038,0.09763,0.30143,0.22368,0.16492,0.0019700000000000273,0.0014000000000000679,1230.7241,1319.8248,14.69,Acvr2a_E01.xlsx,Acvr2a,Female
ACVR2A_E01_F02_CF                         ,3565,1.65304,0.66141,0.9904200000000001,0.4001173595315298,0.1521,4.59419725608251,3.6348869716747068,0.19292,0.10378,0.29669,0.21374,0.16981,0.0018399999999999528,0.0012099999999999334,1206.9724,1301.2086,14.46,Acvr2a_E01.xlsx,Acvr2a,Female
ACVR2A_E01_F03_CF                         ,3566,1.72606,0.67828,1.0464499999999999,0.3929643233723046,0.1579,4.7051557328608205,3.707625555712457,0.21206,0.10933,0.32139,0.2276,0.17098,0.0019500000000000073,0.0013300000000000534,1209.9253,1305.6381,14.61,Acvr2a_E01.xlsx,Acvr2a,Female
ACVR2A_E01_F04_CF                         ,3567,1.59503,0.66997,0.92375,0.4200359867839476,0.1616,4.522864328373403,3.502921305751318,0.1876,0.09939,0.28699,0.21741,0.16379,0.0019500000000000073,0.0013100000000000334,1207.8711,1298.1273,14.43,Acvr2a_E01.xlsx,Acvr2a,Female
ACVR2A_E01_F05_CF                         ,3569,1.65252,0.68688,0.96421,0.4156560888824341,0.1617,4.624220206741279,3.599147325057388,0.21063,0.10047,0.3111,0.22565,0.16914,0.0020700000000000163,0.0014299999999999313,1220.3247,1311.8647,14.37,Acvr2a_E01.xlsx,Acvr2a,Female
ACVR2A_E01_F06_CF                         ,3570,1.50587,0.65503,0.8493400000000001,0.4349844276066327,0.1605,4.383562021434099,3.3696583076702664,0.17256,0.0902,0.26275,0.20105,0.14759,0.0022799999999999487,0.0014999999999999458,1215.2534,1306.7935,14.51,Acvr2a_E01.xlsx,Acvr2a,Female
ACVR2A_E01_F07_CF                         ,3571,1.53497,0.6545,0.87911,0.42639269822862985,0.1617,4.448434729924108,3.427272325057387,0.1828,0.08983,0.27263,0.20383,0.15014,0.0020700000000000163,0.0013600000000000279,1209.5402,1301.8506,14.11,Acvr2a_E01.xlsx,Acvr2a,Female
ACVR2A_E01_F08_CF                         ,3572,1.67074,0.74699,0.9219699999999998,0.4471012844607779,0.1753,4.648737309890796,3.541912736397137,0.22007,0.11079,0.33086,0.23355,0.17642,0.0023699999999999832,0.0017800000000000038,1220.5173,1304.5468,14.65,Acvr2a_E01.xlsx,Acvr2a,Female
ALG3_E01_F01_CF                           ,1817,1.54642,0.64976,0.89543,0.4201704582196299,0.153,4.480672129633583,3.5176622168579046,0.18276,0.09027,0.27303,0.20489,0.14833,0.0019000000000000128,0.0012299999999999534,1175.9669,1261.7938,14.37,Alg3_E01.xlsx,Alg3,Female
ALG3_E01_F02_CF                           ,1818,1.48219,0.65664,0.8244999999999999,0.44302012562491994,0.1671,4.369032745314558,3.3148836175851457,0.17818,0.08432,0.2625,0.20183,0.14654,0.0016000000000000458,0.0010499999999999954,1191.887,1278.0348,,Alg3_E01.xlsx,Alg3,Female
ALG3_E01_F03_CF                           ,1819,1.59328,0.6725,0.91973,0.4220852580839526,0.1609,4.513654625679103,3.4956338134659735,0.18901,0.09929,0.2883,0.21182,0.16285,0.0015699999999999603,0.0010499999999999954,1189.7686,1273.7338,14.45,Alg3_E01.xlsx,Alg3,Female
ALG3_E01_F04_CF                           ,1820,1.56724,0.66463,0.90143,0.42407672085960035,0.1619,4.487534484740909,3.46570650652667,0.18986,0.09301,0.28287,0.2117,0.15531,0.0017599999999999838,0.0011799999999999589,1189.1266,1274.8251,14.61,Alg3_E01.xlsx,Alg3,Female
ALG3_E01_F05_CF                           ,1822,1.69187,0.72076,0.96948,0.42601381902864877,0.1695,4.7285897925813964,3.6371429023593875,0.23339,0.1032,0.33659,0.23941,0.17399,0.0022499999999999742,0.0016300000000000203,1224.2405,1315.7806,14.42,Alg3_E01.xlsx,Alg3,Female
ALG3_E01_F06_CF                           ,1823,1.49651,0.68158,0.81373,0.45544633848086546,0.173,4.365701438297533,3.2751428637861086,0.17164,0.09456,0.2662,0.19761,0.15175,0.0017700000000000493,0.0012000000000000899,1236.1163,1326.3726,14.43,Alg3_E01.xlsx,Alg3,Female
ALG3_E01_F07_CF                           ,1824,1.48584,0.66912,0.8153400000000001,0.4503311258278146,0.1711,4.370297836010338,3.2928306398279292,0.17897,0.08708,0.26605,0.20305,0.14296,0.0020499999999999963,0.0013799999999999368,1234.1906,1327.0145,14.54,Alg3_E01.xlsx,Alg3,Female
ALG3_E01_F08_CF                           ,1825,1.60055,0.72728,0.8718899999999999,0.45439380213051767,0.1789,4.525593464300493,3.396674431415643,0.20092,0.10535,0.30628,0.22598,0.17,0.0018899999999999473,0.0013799999999999368,1246.0022,1334.14,15.01,Alg3_E01.xlsx,Alg3,Female
CACNA1C_E01_F01_CF                        ,2273,1.68221,0.70011,0.9806,0.41618466184364616,0.1638,4.650869582211301,3.6176615876277065,0.21199,0.10828,0.32027,0.22829,0.16814,0.0021400000000000308,0.0014999999999999458,1215.446,1306.0232,14.58,Cacna1c_E01.xlsx,Cacna1c,Female
CACNA1C_E01_F02_CF                        ,2274,1.48214,0.62602,0.85481,0.42237575397735705,0.1586,4.332673233800865,3.327636262283516,0.15693,0.08893,0.24586,0.18481,0.14271,0.0020999999999999908,0.0013100000000000334,1202.158,1295.3029,14.37,Cacna1c_E01.xlsx,Cacna1c,Female
CACNA1C_E01_F03_CF                        ,2275,1.59069,0.67901,0.91021,0.42686507113265315,0.1635,4.477076598619517,3.447287101138069,0.18247,0.10349,0.28595,0.21196,0.16949,0.0021700000000000053,0.0014699999999999713,1220.7098,1311.608,15.06,Cacna1c_E01.xlsx,Cacna1c,Female
CACNA1C_E01_F04_CF                        ,2276,1.62508,0.67462,0.9490700000000001,0.4151303320451916,0.1605,4.531755644985172,3.5169797362416957,0.18827,0.10446,0.29273,0.21353,0.16817,0.0020499999999999963,0.0013900000000000023,1205.1108,1297.1002,14.61,Cacna1c_E01.xlsx,Cacna1c,Female
CACNA1C_E01_F05_CF                        ,2278,1.57904,0.65541,0.92211,0.4150686493059074,0.1644,4.516626851517371,3.4801739534641234,0.18218,0.09509,0.27727,0.21311,0.15372,0.0023199999999999887,0.0015199999999999658,1185.7886,1275.788,14.62,Cacna1c_E01.xlsx,Cacna1c,Female
CACNA1C_E01_F06_CF                        ,2279,1.52264,0.62823,0.89288,0.41259260232228234,0.1526,4.403564117063264,3.4346554610621975,0.16291,0.09241,0.25532,0.19133,0.15058,0.0024199999999999777,0.0015300000000000313,1210.3105,1306.4083,14.54,Cacna1c_E01.xlsx,Cacna1c,Female
CACNA1C_E01_F07_CF                        ,2280,1.57232,0.66236,0.9083199999999999,0.4212628472575557,0.1616,4.512017773353048,3.490644520037032,0.18754,0.09401,0.28156,0.21298,0.15171,0.0024600000000000177,0.0016400000000000858,1195.6102,1284.9034,14.9,Cacna1c_E01.xlsx,Cacna1c,Female
CACNA1C_E01_F08_CF                        ,2281,1.62884,0.68442,0.9428300000000001,0.42018860047641265,0.163,4.559000310986283,3.5308891474648636,0.19518,0.10382,0.299,0.21577,0.16339,0.0023300000000000542,0.0015899999999999803,1211.2092,1299.7964,14.43,Cacna1c_E01.xlsx,Cacna1c,Female
CHN1_E01_F01_CF                           ,5334,1.47216,0.6625,0.8078899999999999,0.4500190196717748,0.1689,4.340858281968887,3.2746305365229693,0.16869,0.08879,0.25747,0.19498,0.14805,0.00266999999999995,0.0017700000000000493,1231.5586,1322.9703,14.32,Chn1_E01.xlsx,Chn1,Female
CHN1_E01_F02_CF                           ,5335,1.52268,0.67465,0.84669,0.44306748627420073,0.17,4.425158929642833,3.352647998889735,0.17907,0.09368,0.27275,0.20205,0.15343,0.0019900000000000473,0.0013400000000000079,1229.7612,1320.5951,13.93,Chn1_E01.xlsx,Chn1,Female
CHN1_E01_F03_CF                           ,5336,1.42414,0.6484,0.77393,0.45529231676661003,0.1681,4.275915290662448,3.1990188106458413,0.15774,0.08558,0.24331,0.18582,0.14135,0.002789999999999959,0.0018099999999999783,1238.4274,1333.1771,14.38,Chn1_E01.xlsx,Chn1,Female
CHN1_E01_F04_CF                           ,5337,1.50234,0.66446,0.83627,0.4422833712741457,0.1667,4.4043295609474225,3.3507384689322954,0.17212,0.09319,0.26531,0.19489,0.15142,0.0024100000000000232,0.0016100000000000003,1233.677,1325.7306,14.16,Chn1_E01.xlsx,Chn1,Female
CHN1_E01_F05_CF                           ,5339,1.59149,0.69304,0.8965900000000001,0.4354661355082344,0.1669,4.517821659396719,3.4628333646872917,0.18942,0.10267,0.29209,0.21637,0.16847,0.0026800000000000157,0.0018599999999999728,1246.0664,1339.3396,14.77,Chn1_E01.xlsx,Chn1,Female
CHN1_E01_F06_CF                           ,5340,1.56281,0.65489,0.9063800000000001,0.4190464611821014,0.1564,4.463348448125441,3.479637051835699,0.17667,0.09707,0.27373,0.20095,0.15831,0.0023499999999999632,0.0015399999999999858,1244.8467,1342.8062,14.38,Chn1_E01.xlsx,Chn1,Female
CHN1_E01_F07_CF                           ,5341,1.71434,0.723,0.98949,0.4217366450062415,0.166,4.718259791641353,3.6654375837898088,0.22215,0.11292,0.33507,0.23384,0.17907,0.0025600000000000067,0.0018500000000000183,1235.4102,1331.5723,14.46,Chn1_E01.xlsx,Chn1,Female
CHN1_E01_F08_CF                           ,5342,1.41015,0.6269,0.78166,0.44456263518065453,0.1632,4.227630407516631,3.2010197575055743,0.14142,0.08848,0.2299,0.17027,0.14471,0.0025300000000000322,0.0015899999999999803,1250.8167,1348.2626,14.27,Chn1_E01.xlsx,Chn1,Female
CLCNKB_E01_F01_CF                         ,5923,1.67178,0.71152,0.95867,0.42560624005550973,0.1633,4.638588569679843,3.6097457768116437,0.20867,0.10933,0.318,0.23032,0.17537,0.0022299999999999542,0.0015899999999999803,1215.767,1306.7935,,Clcnkb_E01.xlsx,Clcnkb,Female
CLCNKB_E01_F02_CF                         ,5924,1.56118,0.67544,0.88376,0.4326471002703084,0.1655,4.441469850538466,3.3991512372594603,0.17509,0.10155,0.27663,0.20958,0.16082,0.0029200000000000337,0.0019799999999999818,1215.9596,1307.8848,,Clcnkb_E01.xlsx,Clcnkb,Female
CLCNKB_E01_F03_CF                         ,5925,1.48485,0.63979,0.8436400000000001,0.4308785399198572,0.1594,4.33818330812729,3.331819416732073,0.16542,0.08765,0.25307,0.19468,0.14777,0.0022100000000000453,0.0014199999999999768,1213.3276,1305.317,,Clcnkb_E01.xlsx,Clcnkb,Female
CLCNKB_E01_F04_CF                         ,5926,1.7307,0.73435,0.9950299999999999,0.4243080834344485,0.1684,4.698869107274217,3.6394825828497646,0.22156,0.118,0.33956,0.23861,0.18347,0.0018000000000000238,0.0013200000000000989,1208.5773,1294.7893,,Clcnkb_E01.xlsx,Clcnkb,Female
CLCNKB_E01_F05_CF                         ,5928,1.75879,0.71801,1.0389400000000002,0.4082408928865868,0.1632,4.741721866006639,3.711622436077003,0.22322,0.11883,0.34205,0.23805,0.17789,0.0025600000000000067,0.0018399999999999528,1232.9708,1329.4539,,Clcnkb_E01.xlsx,Clcnkb,Female
CLCNKB_E01_F06_CF                         ,5929,1.45763,0.6001,0.85634,0.4116956978108299,0.1496,4.306279628693538,3.3609329175943956,0.14589,0.08599,0.23188,0.1745,0.13582,0.0019900000000000473,0.0011900000000000244,1215.6385,1314.0474,,Clcnkb_E01.xlsx,Clcnkb,Female
CLCNKB_E01_F07_CF                         ,5930,1.60588,0.6821,0.9220499999999999,0.4247515380974918,0.1645,4.527998414252382,3.4882303299130504,0.19065,0.10201,0.29266,0.21056,0.16763,0.0025300000000000322,0.0017300000000000093,1233.677,1329.2612,,Clcnkb_E01.xlsx,Clcnkb,Female
CLCNKB_E01_F08_CF                         ,5931,1.6659,0.7071,0.9570299999999999,0.4244552494147308,0.166,4.670963094742759,3.6230268695040944,0.21857,0.1032,0.32177,0.23063,0.16815,0.0024899999999999922,0.0017700000000000493,1227.1293,1316.936,,Clcnkb_E01.xlsx,Clcnkb,Female
CRCP_E01_F01_CF                           ,736,1.52008,0.66217,0.8562100000000001,0.4356152307773275,0.1629,4.410843942252011,3.3805336638730794,0.17699,0.09136,0.26835,0.20251,0.15284,0.0025600000000000067,0.0016999999999999238,1217.9496,1308.1416,14.82,Crcp_E01.xlsx,Crcp,Female
CRCP_E01_F02_CF                           ,737,1.30079,0.57216,0.7273799999999999,0.4398557799491079,0.1566,4.075654192329734,3.088383733304981,0.12933,0.06822,0.19755,0.15844,0.12151,0.0021900000000000253,0.0012499999999999734,1220.3247,1317.9631,13.94,Crcp_E01.xlsx,Crcp,Female
CRCP_E01_F03_CF                           ,738,1.49288,0.60642,0.88523,0.406208134612293,0.1498,4.345375156693168,3.4015992419208203,0.1561,0.08763,0.24373,0.18396,0.14509,0.0020200000000000218,0.0012300000000000644,1202.5431,1298.0631,14,Crcp_E01.xlsx,Crcp,Female
CRCP_E01_F04_CF                           ,739,1.5263,0.64657,0.87848,0.423619209853895,0.159,4.395342600616187,3.394459982364937,0.16892,0.09299,0.2619,0.19786,0.15138,0.0019200000000000328,0.0012499999999999734,1199.6544,1287.7922,14.67,Crcp_E01.xlsx,Crcp,Female
CRCP_E01_F05_CF                           ,741,1.45164,0.59344,0.85675,0.40880659116585377,0.1498,4.2981529694281795,3.353608170492249,0.15475,0.07975,0.23449,0.18657,0.13736,0.0024399999999999977,0.0014500000000000624,1228.1564,1333.8832,13.94,Crcp_E01.xlsx,Crcp,Female
CRCP_E01_F06_CF                           ,742,1.60244,0.71882,0.8818600000000001,0.44857841791268316,0.1759,4.518400829196866,3.4088893879478412,0.19688,0.10527,0.30215,0.21987,0.16971,0.0024399999999999977,0.0017599999999999838,1252.3573,1349.4823,,Crcp_E01.xlsx,Crcp,Female
CRCP_E01_F07_CF                           ,743,1.51047,0.68226,0.82631,0.4516872231821883,0.1748,4.384191126502565,3.280090675581076,0.17787,0.09274,0.27061,0.20947,0.15224,0.00277000000000005,0.0019000000000000128,1249.0835,1344.7319,14.56,Crcp_E01.xlsx,Crcp,Female
CRCP_E01_F08_CF                           ,744,1.37523,0.58907,0.7844899999999999,0.42834289537022896,0.1556,4.208363381513671,3.2198735402442855,0.13936,0.07502,0.21439,0.17085,0.12345,0.0028200000000000447,0.0016700000000000603,1219.8112,1322.2642,14.55,Crcp_E01.xlsx,Crcp,Female
EBF1_E01_F01_CF                           ,1582,1.55185,0.66829,0.8820899999999999,0.4306408480201051,0.1633,4.472434492455565,3.444009169668787,0.1824,0.09446,0.27686,0.21014,0.15631,0.0021999999999999797,0.0014699999999999713,1200.3605,1288.3058,13.84,Ebf1_E01.xlsx,Ebf1,Female
EBF1_E01_F02_CF                           ,1583,1.5151,0.68688,0.8265999999999999,0.45335621411127985,0.1703,4.38456288813284,3.310968913950801,0.17479,0.09642,0.27121,0.21147,0.15666,0.0023600000000000287,0.0016199999999999548,1195.546,1280.4741,14.46,Ebf1_E01.xlsx,Ebf1,Female
EBF1_E01_F03_CF                           ,1584,1.48174,0.63181,0.84848,0.42639734366353066,0.1592,4.364200138249422,3.359233449548505,0.16127,0.08892,0.25019,0.19238,0.14523,0.0022900000000000142,0.0014500000000000624,1174.6189,1258.0063,14.16,Ebf1_E01.xlsx,Ebf1,Female
EBF1_E01_F04_CF                           ,1585,1.45523,0.66721,0.7864,0.45849109762717916,0.1721,4.355797361073254,3.2629033328886248,0.16535,0.08798,0.25334,0.19259,0.14905,0.0024199999999999777,0.0016200000000000658,1188.613,1269.176,14.05,Ebf1_E01.xlsx,Ebf1,Female
EBF1_E01_F05_CF                           ,1587,1.34782,0.62803,0.71806,0.4659598462702735,0.166,4.148711948987763,3.0995893695040944,0.14086,0.07771,0.21857,0.17214,0.13621,0.0027399999999999647,0.0017300000000000093,1217.757,1311.2871,14.14,Ebf1_E01.xlsx,Ebf1,Female
EBF1_E01_F06_CF                           ,1588,1.54518,0.69642,0.84688,0.4507047722595426,0.1712,4.447170425766075,3.363945051991142,0.18448,0.09818,0.28266,0.20957,0.15727,0.0027000000000000357,0.0018799999999999928,1234.7683,1328.8761,14.35,Ebf1_E01.xlsx,Ebf1,Female
EBF1_E01_F07_CF                           ,1589,1.53505,0.6695,0.86377,0.4361421452069965,0.1624,4.458132185516261,3.434001781628446,0.18652,0.08977,0.27629,0.2121,0.15062,0.002650000000000041,0.0017800000000000038,1226.744,1320.5951,14.61,Ebf1_E01.xlsx,Ebf1,Female
EBF1_E01_F08_CF                           ,1590,1.49902,0.67525,0.82163,0.4504609678323171,0.1685,4.379887753969258,3.3127175307272627,0.17405,0.09209,0.26614,0.20259,0.15254,0.0031600000000000517,0.0021400000000000308,1232.7783,1325.4097,,Ebf1_E01.xlsx,Ebf1,Female
EDNRA_E01_F01_CF                          ,3544,1.61529,0.68891,0.9251299999999999,0.4264930755468059,0.1663,4.555974709600272,3.5071290345651605,0.19998,0.10082,0.30079,0.22024,0.16328,0.0018099999999999783,0.0012499999999999734,1172.9498,1255.7595,14.74,Ednra_E01.xlsx,Ednra,Female
EDNRA_E01_F02_CF                          ,3545,1.68335,0.70869,0.9734599999999999,0.4209997920812666,0.1679,4.646868475029584,3.586923914890845,0.20749,0.11266,0.32015,0.22772,0.17386,0.0016899999999999693,0.0011999999999999789,1182.8357,1265.0676,15.04,Ednra_E01.xlsx,Ednra,Female
EDNRA_E01_F03_CF                          ,3546,1.65804,0.77643,0.8804599999999999,0.46828182673518126,0.1894,4.6492631041432,3.4524153871243786,0.22256,0.11323,0.33579,0.23641,0.17772,0.0014699999999999713,0.0011500000000000954,1185.8528,1258.7125,15.18,Ednra_E01.xlsx,Ednra,Female
EDNRA_E01_F04_CF                          ,3547,1.48607,0.64789,0.83703,0.4359754251145639,0.1654,4.371264888171701,3.324688610810534,0.16959,0.08856,0.25815,0.19564,0.14377,0.0017700000000000493,0.0011499999999999844,1196.5089,1284.9677,14.37,Ednra_E01.xlsx,Ednra,Female
EDNRA_E01_F05_CF                          ,3549,1.56649,0.66065,0.9041699999999999,0.42173904716914884,0.1622,4.4960455860880595,3.4720184930163067,0.18529,0.0951,0.28038,0.2038,0.15804,0.0025300000000000322,0.0016700000000000603,1233.9337,1333.2412,14.19,Ednra_E01.xlsx,Ednra,Female
EDNRA_E01_F06_CF                          ,3550,1.50556,0.60842,0.89564,0.4041154122054252,0.1514,4.403316013797165,3.442889657960791,0.16917,0.08415,0.25332,0.19088,0.14249,0.0024699999999999722,0.0015000000000000568,1221.9296,1320.7235,14.34,Ednra_E01.xlsx,Ednra,Female
EDNRA_E01_F07_CF                          ,3551,1.53421,0.65547,0.8771100000000001,0.42723616714791324,0.1612,4.437096195188726,3.4221466928127535,0.1751,0.09296,0.26807,0.19885,0.15435,0.0024800000000000377,0.0016300000000000203,1235.3461,1336.5793,14.5,Ednra_E01.xlsx,Ednra,Female
EDNRA_E01_F08_CF                          ,3552,1.51536,0.63371,0.88034,0.41819105691056907,0.157,4.415497942329734,3.423622631957831,0.16985,0.09029,0.26013,0.19176,0.14482,0.0020499999999999963,0.0013100000000000334,1217.8854,1316.3584,14.02,Ednra_E01.xlsx,Ednra,Female
HESX1_E01_F01_CF                          ,1068,1.61261,0.70319,0.9080600000000001,0.436057075176267,0.1685,4.543912999152456,3.479570209298691,0.19732,0.10406,0.30138,0.22008,0.17058,0.0019400000000000528,0.0013600000000000279,1223.4702,1312.1216,14.72,Hesx1_E01.xlsx,Hesx1,Female
HESX1_E01_F02_CF                          ,1069,1.59057,0.66445,0.9243600000000001,0.41774332472006886,0.1573,4.5094257627794,3.515314082733182,0.18391,0.09928,0.28319,0.20764,0.16352,0.0026399999999999757,0.0017599999999999838,1221.0951,1313.6622,14.66,Hesx1_E01.xlsx,Hesx1,Female
HESX1_E01_F03_CF                          ,1070,1.58438,0.70712,0.8756499999999999,0.4463070727981924,0.1696,4.515808818623217,3.4404001716654564,0.19875,0.0992,0.29795,0.22578,0.16542,0.0022699999999999942,0.0016100000000000003,1228.8624,1318.9902,14.85,Hesx1_E01.xlsx,Hesx1,Female
HESX1_E01_F04_CF                          ,1071,1.61641,0.67908,0.9354899999999999,0.42011618339406465,0.1617,4.581875548454825,3.562875003628816,0.19955,0.09886,0.29841,0.21392,0.16244,0.00270999999999999,0.0018399999999999528,1208.3206,1296.9719,14.67,Hesx1_E01.xlsx,Hesx1,Female
HESX1_E01_F05_CF                          ,1073,1.65135,0.73263,0.9161700000000002,0.4436551912071941,0.1773,4.609435160259042,3.490986693947101,0.20889,0.11059,0.31948,0.23388,0.17514,0.0034600000000000186,0.002549999999999941,1252.4857,1345.1813,14.96,Hesx1_E01.xlsx,Hesx1,Female
HESX1_E01_F06_CF                          ,1074,1.61283,0.74339,0.86739,0.4609227258917555,0.1816,4.528950132220551,3.383169809822379,0.20167,0.10952,0.31119,0.23119,0.176,0.00275000000000003,0.0020499999999999963,1253.5128,1342.6135,15.06,Hesx1_E01.xlsx,Hesx1,Female
HESX1_E01_F07_CF                          ,1075,1.50914,0.67319,0.8344299999999999,0.4460752481545781,0.1685,4.3552969277238835,3.2931862807272627,0.16941,0.09586,0.26527,0.20474,0.15678,0.0022499999999999742,0.0015200000000000768,1252.5499,1349.3539,14.46,Hesx1_E01.xlsx,Hesx1,Female
HESX1_E01_F08_CF                          ,1076,1.4996,0.71144,0.78646,0.47441984529207787,0.1836,4.363461628343793,3.2066857316580566,0.17901,0.0954,0.27441,0.21457,0.15479,0.0023800000000000487,0.0017000000000000348,1259.7396,1351.0229,14.82,Hesx1_E01.xlsx,Hesx1,Female
II6ST_E02_F01_CF                          ,616,1.62398,0.70144,0.92131,0.4319265015579009,0.1686,4.586323713438169,3.5216667643190465,0.21016,0.09939,0.30955,0.22591,0.16456,0.0017500000000000293,0.0012300000000000644,1205.7528,1291.3229,14.88,IL6st_E01.xlsx,IL6st,Female
II6ST_E02_F02_CF                          ,617,1.52884,0.68276,0.84454,0.44658695481541566,0.1727,4.422203611073254,3.329098734439328,0.1857,0.09216,0.27786,0.20973,0.1556,0.0022499999999999742,0.0015399999999999858,1213.9696,1301.5939,14.74,IL6st_E01.xlsx,IL6st,Female
II6ST_E02_F03_CF                          ,618,1.45005,0.61584,0.8328700000000001,0.424702596462191,0.1586,4.324472064901902,3.3242880479978014,0.16073,0.07969,0.24043,0.1879,0.13815,0.0021799999999999597,0.0013399999999998968,1190.5388,1280.4099,14.37,IL6st_E01.xlsx,IL6st,Female
II6ST_E02_F04_CF                          ,619,1.55169,0.6156,0.93448,0.3967287280320167,0.1489,4.4744219723260334,3.5322168538804797,0.17473,0.08843,0.26315,0.1974,0.14369,0.002610000000000001,0.0016100000000000003,1196.9583,1293.3129,14.61,IL6st_E01.xlsx,IL6st,Female
II6ST_E02_F05_CF                          ,621,1.62933,0.70941,0.91797,0.43539982692272283,0.1737,4.558819050257192,3.4637919632143097,0.20287,0.10549,0.30835,0.22462,0.16556,0.0027399999999999647,0.0019500000000000073,1242.6641,1335.5522,14.66,IL6st_E01.xlsx,IL6st,Female
II6ST_E02_F06_CF                          ,622,1.58368,0.676,0.90589,0.42685390988078403,0.166,4.509343586049199,3.4589643695040944,0.18924,0.0985,0.28773,0.21053,0.15756,0.002630000000000021,0.0017899999999999583,1246.9651,1342.8704,14.5,IL6st_E01.xlsx,IL6st,Female
II6ST_E02_F07_CF                          ,623,1.54873,0.639,0.90784,0.41259612714934174,0.1577,4.433743754085839,3.437606552814604,0.17141,0.09453,0.26594,0.19664,0.15275,0.002950000000000008,0.0018899999999999473,1229.6328,1326.9503,14.34,IL6st_E01.xlsx,IL6st,Female
II6ST_E02_F08_CF                          ,624,1.5897,0.69668,0.8912899999999999,0.4382462099767252,0.1709,4.523129338908191,3.445802708358647,0.19607,0.09938,0.29545,0.21513,0.16539,0.0024899999999999922,0.0017300000000000093,1234.5115,1327.1428,14.74,IL6st_E01.xlsx,IL6st,Female
JUN_E01_F01_CF                            ,2759,1.51782,0.68721,0.82934,0.45276119697987904,0.1735,4.404520061848606,3.3120765317450283,0.17844,0.0943,0.27274,0.2086,0.15309,0.0018399999999999528,0.0012699999999999934,1171.7943,1251.0093,14.64,Jun_E01.xlsx,Jun,Female
JUN_E01_F02_CF                            ,2760,1.70483,0.70493,0.9986,0.413489908084677,0.1585,4.686327311025144,3.682861135834589,0.21489,0.11036,0.32525,0.23156,0.17898,0.0018299999999999983,0.0013000000000000789,1200.5531,1285.2887,14.93,Jun_E01.xlsx,Jun,Female
JUN_E01_F03_CF                            ,2761,1.5693,0.65368,0.9146699999999999,0.41654240744280896,0.1561,4.469767972248312,3.4800214939174907,0.17598,0.09748,0.27346,0.20004,0.15833,0.0014499999999999513,0.0009500000000000064,1179.626,1263.848,14.37,Jun_E01.xlsx,Jun,Female
JUN_E01_F04_CF                            ,2762,1.52241,0.64735,0.8739100000000001,0.425213969955531,0.1623,4.388100816781989,3.3623293337509477,0.16215,0.09639,0.25854,0.1931,0.14655,0.0017800000000000038,0.0011499999999999844,1186.4946,1272.8351,14.62,Jun_E01.xlsx,Jun,Female
JUN_E01_F05_CF                            ,2764,1.44732,0.6554,0.79058,0.4528369676367355,0.1678,4.316999085070294,3.2602291455847756,0.17196,0.08131,0.25327,0.20367,0.13675,0.0020499999999999963,0.0013400000000000079,1235.6028,1328.8119,14.29,Jun_E01.xlsx,Jun,Female
JUN_E01_F06_CF                            ,2765,1.55683,0.67387,0.8809899999999999,0.4328475170699434,0.1627,4.484120214455935,3.4548226966895124,0.1923,0.09111,0.28342,0.21677,0.15594,0.0029200000000000337,0.0019700000000000273,1238.8125,1333.8832,14.45,Jun_E01.xlsx,Jun,Female
JUN_E01_F07_CF                            ,2766,1.45164,0.64365,0.80678,0.4433950566256097,0.1632,4.310186665231287,3.27970279321986,0.16292,0.08445,0.24737,0.19045,0.14668,0.0018700000000000383,0.0012099999999999334,1235.1534,1328.3625,14.56,Jun_E01.xlsx,Jun,Female
JUN_E01_F08_CF                            ,2767,1.4259,0.65949,0.76486,0.4625078897538397,0.1724,4.251581021317518,3.1654206765211197,0.15723,0.08614,0.24337,0.19021,0.13692,0.0023400000000000087,0.0015499999999999403,1232.0721,1323.3555,14.5,Jun_E01.xlsx,Jun,Female
KIF16_E01_F01_CF                          ,1977,1.67144,0.70668,0.96323,0.422797109079596,0.1652,4.592767811926326,3.550205322198395,0.19548,0.11628,0.31176,0.21928,0.18382,0.0021700000000000053,0.0015300000000000313,1209.8612,1296.6509,14.54,Kif16_E01.xlsx,Kif16,Female
KIF16_E01_F02_CF                          ,1978,1.58235,0.67204,0.9088799999999999,0.4247100831042437,0.1642,4.4985258322113015,3.4618290577091275,0.18674,0.09894,0.28569,0.20942,0.16033,0.0021200000000000108,0.0014300000000000423,1199.8469,1290.8093,14.11,Kif16_E01.xlsx,Kif16,Female
KIF16_E01_F03_CF                          ,1979,1.53427,0.66785,0.86514,0.4352884433639451,0.1636,4.44809176947629,3.4157229418727098,0.18735,0.08968,0.27703,0.20863,0.15409,0.0019200000000000328,0.0012799999999999478,1190.7957,1277.5212,14.1,Kif16_E01.xlsx,Kif16,Female
KIF16_E01_F04_CF                          ,1980,1.43031,0.59177,0.83746,0.4137354839160742,0.1487,4.272446071754235,3.335300529554055,0.14908,0.08,0.22909,0.17563,0.1378,0.0018399999999999528,0.0010799999999999699,1193.556,1283.8763,13.83,Kif16_E01.xlsx,Kif16,Female
KIF16_E01_F05_CF                          ,1982,1.63721,0.70743,0.9282600000000001,0.43209484427776523,0.1713,4.5674952916024925,3.4886308927257828,0.20008,0.10794,0.30802,0.22119,0.17227,0.0021400000000000308,0.0015199999999999658,1236.5015,1328.6194,14.51,Kif16_E01.xlsx,Kif16,Female
KIF16_E01_F06_CF                          ,1983,1.55409,0.70027,0.85193,0.4505980992091835,0.1733,4.458682554133951,3.3679503859900315,0.18655,0.0989,0.28546,0.21131,0.16492,0.0026800000000000157,0.0018900000000000583,1234.1263,1325.9874,14.5,Kif16_E01.xlsx,Kif16,Female
KIF16_E01_F07_CF                          ,1984,1.61386,0.73105,0.88129,0.4529822909050351,0.1781,4.540904305035133,3.4164868126813723,0.20283,0.10692,0.30974,0.22184,0.16803,0.0020700000000000163,0.0015200000000000768,1231.366,1319.1187,14.69,Kif16_E01.xlsx,Kif16,Female
KIF16_E01_F08_CF                          ,1985,1.72114,0.73567,0.9838899999999999,0.4274318184459138,0.172,4.68883714486859,3.604735349296841,0.22103,0.11792,0.33895,0.23499,0.18466,0.0021400000000000308,0.0015799999999999148,1229.697,1314.4325,14.85,Kif16_E01.xlsx,Kif16,Female
LOX_E01_F01_CF                            ,2608,1.73974,0.75281,0.9856800000000001,0.4327140837136583,0.172,4.722530136175031,3.6354273135825554,0.22661,0.12088,0.34748,0.24731,0.18836,0.0016599999999999948,0.0012499999999999734,1197.9211,1279.0619,14.88,Lox_E01.xlsx,Lox,Female
LOX_E01_F02_CF                            ,2609,1.59292,0.71664,0.8749999999999999,0.44989076664239264,0.1786,4.505921648667628,3.3819919092117194,0.19403,0.10478,0.29881,0.22675,0.17002,0.0017800000000000038,0.0012799999999999478,1189.0624,1267.2502,15.01,Lox_E01.xlsx,Lox,Female
LOX_E01_F03_CF                            ,2610,1.60678,0.72172,0.8837000000000002,0.44917163519585757,0.1726,4.570256668991464,3.4784084294189728,0.2107,0.09985,0.31055,0.2281,0.16376,0.0018700000000000383,0.0013599999999999168,1196.8298,1278.5483,14.78,Lox_E01.xlsx,Lox,Female
LOX_E01_F04_CF                            ,2611,1.65693,0.70171,0.95381,0.42350008751124063,0.165,4.6017996941709605,3.5603202478719695,0.20149,0.10924,0.31073,0.22239,0.17474,0.0020000000000000018,0.0014100000000000223,1196.3163,1281.2444,14.42,Lox_E01.xlsx,Lox,Female
LOX_E01_F05_CF                            ,2613,1.61798,0.75162,0.86451,0.464542206949406,0.1839,4.548035110956672,3.3859887895762655,0.20529,0.11065,0.31594,0.23245,0.17406,0.002449999999999952,0.0018500000000000183,1246.3873,1334.7819,14.58,Lox_E01.xlsx,Lox,Female
LOX_E01_F06_CF                            ,2614,1.53803,0.65354,0.8831,0.42492019011332677,0.1611,4.402816366985543,3.384514423506684,0.16977,0.09645,0.26623,0.20259,0.15723,0.0021299999999999653,0.0013900000000000023,1244.4615,1342.7419,14.29,Lox_E01.xlsx,Lox,Female
LOX_E01_F07_CF                            ,2615,1.5462,0.69017,0.85465,0.4463652826283792,0.17,4.4351705445003455,3.360460498889735,0.18478,0.09682,0.2816,0.21386,0.16183,0.0020000000000000018,0.0013800000000000479,1238.0421,1330.6094,14.61,Lox_E01.xlsx,Lox,Female
LOX_E01_F08_CF                            ,2616,1.64997,0.72208,0.9259999999999999,0.437632199373322,0.1727,4.586299139072884,3.494835341582186,0.20228,0.11174,0.31402,0.22845,0.17609,0.0026199999999999557,0.0018899999999999473,1236.9508,1326.0516,15.07,Lox_E01.xlsx,Lox,Female
LRP1_E01_F01_CF                           ,1917,1.8184,0.76545,1.05142,0.4209469863616366,0.1743,4.819562294461486,3.718045400479299,0.24097,0.13066,0.37163,0.25999,0.18912,0.0019799999999999818,0.0015300000000000313,1205.6244,1292.2216,15.36,Lrp1_E01.xlsx,Lrp1,Female
LRP1_E01_F02_CF                           ,1918,1.84147,0.75987,1.08022,0.4126431600840633,0.1704,4.8765767945003455,3.7994940403997273,0.24609,0.13122,0.37731,0.254,0.19669,0.0018099999999999783,0.0013799999999999368,1207.4218,1293.6338,14.91,Lrp1_E01.xlsx,Lrp1,Female
LRP1_E01_F03_CF                           ,1919,1.87248,0.76528,1.1053099999999998,0.40869862428437154,0.1711,4.910307040623588,3.8296609969707864,0.24852,0.13861,0.38713,0.25773,0.20601,0.0024600000000000177,0.0018900000000000583,1223.2134,1308.0132,15.31,Lrp1_E01.xlsx,Lrp1,Female
LRP1_E01_F04_CF                           ,1920,1.62155,0.67273,0.94686,0.4148684900249761,0.1596,4.5781386652701475,3.570588419629926,0.19736,0.09912,0.29648,0.21915,0.1663,0.002909999999999968,0.0019599999999999618,1209.2192,1302.1715,14.86,Lrp1_E01.xlsx,Lrp1,Female
LRP1_E01_F05_CF                           ,1922,1.4427,0.63701,0.8037000000000001,0.44154016774104105,0.1625,4.277576717353789,3.2512099437916584,0.15847,0.08495,0.24341,0.18936,0.14185,0.003129999999999966,0.0019900000000000473,1217.757,1310.7736,14.14,Lrp1_E01.xlsx,Lrp1,Female
LRP1_E01_F06_CF                           ,1923,1.55017,0.67932,0.86926,0.43822290458465846,0.1677,4.458008527152085,3.398378126278706,0.18316,0.09609,0.27925,0.21122,0.15805,0.0023300000000000542,0.0015899999999999803,1230.5957,1321.6222,14.46,Lrp1_E01.xlsx,Lrp1,Female
LRP1_E01_F07_CF                           ,1924,1.66707,0.71249,0.95282,0.4273905714817014,0.1686,4.637278557070664,3.5724480143190465,0.21158,0.10761,0.31919,0.2304,0.17901,0.0024699999999999722,0.0017600000000000948,1218.3989,1305.1245,15.04,Lrp1_E01.xlsx,Lrp1,Female
LRP1_E01_F08_CF                           ,1925,1.51842,0.67341,0.84352,0.44349389496977115,0.1663,4.415560558049569,3.3637138559937316,0.17525,0.09384,0.26908,0.205,0.15982,0.0022100000000000453,0.0014900000000001024,1218.3989,1305.7664,14.91,Lrp1_E01.xlsx,Lrp1,Female
MCCC2_E01_F01_CF                          ,3214,1.63625,0.67237,0.96215,0.41092131398013754,0.1577,4.573670152738689,3.577115481386033,0.19274,0.10377,0.29651,0.2112,0.16955,0.0025600000000000067,0.0017300000000000093,1208.7057,1299.8606,14.7,Mccc2_E01.xlsx,Mccc2,Female
MCCC2_E01_F02_CF                          ,3215,1.52712,0.65937,0.8663700000000001,0.4317735344963068,0.1602,4.452650912372294,3.441471321180629,0.18766,0.08678,0.27445,0.20635,0.14788,0.0020999999999999908,0.0013799999999999368,1204.4689,1293.698,,Mccc2_E01.xlsx,Mccc2,Female
MCCC2_E01_F03_CF                          ,3216,1.69521,0.71653,0.9771100000000001,0.4226791960878003,0.166,4.683169597640612,3.6358616909326655,0.21651,0.11041,0.32692,0.23152,0.17259,0.0021799999999999597,0.0015699999999999603,1204.5331,1292.4142,14.91,Mccc2_E01.xlsx,Mccc2,Female
MCCC2_E01_F04_CF                          ,3217,1.66811,0.69315,0.97334,0.4155301508893299,0.1593,4.634814431678364,3.627334468854575,0.20568,0.10651,0.31219,0.22468,0.17171,0.0023300000000000542,0.0016199999999999548,1208.2563,1296.2015,14.72,Mccc2_E01.xlsx,Mccc2,Female
MCCC2_E01_F05_CF                          ,3219,1.58556,0.68322,0.9008200000000001,0.4309013849996216,0.1633,4.51617635343632,3.4836297053830725,0.19497,0.0972,0.29217,0.21554,0.16363,0.0022100000000000453,0.0015199999999999658,1226.5515,1316.23,14.61,Mccc2_E01.xlsx,Mccc2,Female
MCCC2_E01_F06_CF                          ,3220,1.56843,0.69274,0.87408,0.4416773461359449,0.164,4.532743831232397,3.493707376239845,0.20582,0.09061,0.29642,0.22124,0.15507,0.0023199999999999887,0.0016100000000000003,1212.493,1297.4855,14.59,Mccc2_E01.xlsx,Mccc2,Female
MCCC2_E01_F07_CF                          ,3221,1.63232,0.6767,0.95384,0.41456332091746717,0.158,4.54995152147296,3.5532935393042404,0.191,0.10477,0.29577,0.21289,0.16392,0.0026199999999999557,0.0017800000000000038,1202.4147,1293.6338,14.54,Mccc2_E01.xlsx,Mccc2,Female
MCCC2_E01_F08_CF                          ,3222,1.67209,0.6956,0.97506,0.4160063154495272,0.1606,4.628506672005899,3.611531648404908,0.20289,0.10915,0.31204,0.22416,0.1776,0.0020499999999999963,0.0014300000000000423,1220.3247,1309.6823,14.48,Mccc2_E01.xlsx,Mccc2,Female
MCL1_E01_F01_CF                           ,2628,1.67089,0.76209,0.90713,0.45609824704199564,0.1824,4.619318889935207,3.4677101071280783,0.2175,0.11517,0.33267,0.24748,0.18415,0.0021799999999999597,0.0016699999999999493,1233.9979,1321.4938,14.81,Mcl1_E01.xlsx,Mcl1,Female
MCL1_E01_F02_CF                           ,2629,1.50505,0.70389,0.79942,0.46768545895485203,0.1778,4.392917303116185,3.2723400047631634,0.18201,0.09368,0.27569,0.20623,0.15606,0.0024699999999999722,0.0017399999999999638,1236.7583,1324.3184,14.45,Mcl1_E01.xlsx,Mcl1,Female
MCL1_E01_F03_CF                           ,2630,1.5653,0.67412,0.8895399999999999,0.4306650482335655,0.163,4.461831813884136,3.4332328974648636,0.1806,0.09908,0.27967,0.20704,0.16712,0.0024300000000000432,0.0016399999999999748,1238.0421,1334.2683,14.59,Mcl1_E01.xlsx,Mcl1,Female
MCL1_E01_F04_CF                           ,2631,1.45163,0.65183,0.79832,0.4490331558317202,0.1636,4.323372900742019,3.2890488347298525,0.16969,0.08286,0.25255,0.19673,0.1403,0.0022600000000000398,0.0014799999999999258,1228.9908,1321.2371,14.61,Mcl1_E01.xlsx,Mcl1,Female
MCL1_E01_F05_CF                           ,2633,1.47121,0.66209,0.8075999999999999,0.45003092692409646,0.1656,4.3545238167431295,3.3050870779941017,0.16777,0.08856,0.25632,0.19334,0.1506,0.0022799999999999487,0.0015200000000000768,1226.5515,1319.9532,14.74,Mcl1_E01.xlsx,Mcl1,Female
MCL1_E01_F06_CF                           ,2634,1.49563,0.69758,0.79638,0.4664121473893944,0.1762,4.354863336911522,3.2433263744374785,0.17322,0.09596,0.26918,0.20489,0.15849,0.0023900000000000032,0.0016700000000000603,1252.8066,1345.1171,14.48,Mcl1_E01.xlsx,Mcl1,Female
MCL1_E01_F07_CF                           ,2635,1.51359,0.67597,0.83615,0.4466004664407138,0.1698,4.415602039683543,3.3460218531347388,0.18362,0.0911,0.27472,0.20306,0.15264,0.0021600000000000508,0.0014700000000000824,1243.2418,1335.9374,14.18,Mcl1_E01.xlsx,Mcl1,Female
MCL1_E01_F08_CF                           ,2636,1.54333,0.67538,0.86633,0.43761217626819926,0.1633,4.449278123721294,3.416665419668787,0.185,0.09411,0.27911,0.20614,0.15626,0.0023900000000000032,0.0016200000000000658,1228.0922,1322.9061,14.1,Mcl1_E01.xlsx,Mcl1,Female
MEIS1_E01_F01_CF                          ,3234,1.58436,0.72421,0.85852,0.45709939660178245,0.178,4.482099706585837,3.359881329089588,0.19036,0.10744,0.2978,0.21916,0.17265,0.0022499999999999742,0.0016300000000000203,1223.6627,1308.4625,14.51,Meis1_E01.xlsx,Meis1,Female
MEIS1_E01_F02_CF                          ,3235,1.52337,0.67007,0.8517499999999999,0.4398603097080815,0.1655,4.4197106844984955,3.3679012372594603,0.17498,0.09495,0.26993,0.20153,0.1597,0.0022999999999999687,0.0015499999999999403,1229.5044,1321.6222,14.11,Meis1_E01.xlsx,Meis1,Female
MEIS1_E01_F03_CF                          ,3236,1.48328,0.60359,0.87842,0.4069292379051831,0.1475,4.3514762947335095,3.4194275835955055,0.15852,0.08465,0.24316,0.18643,0.14703,0.0020999999999999908,0.0012699999999999934,1209.4117,1305.2528,14.03,Meis1_E01.xlsx,Meis1,Female
MEIS1_E01_F04_CF                          ,3237,1.40307,0.6104,0.7912800000000001,0.43504600625770634,0.1584,4.238848724167261,3.238420830814234,0.14811,0.07935,0.22746,0.18043,0.14083,0.0022900000000000142,0.0013899999999998913,1210.3748,1304.2899,13.78,Meis1_E01.xlsx,Meis1,Female
MEIS1_E01_F05_CF                          ,3239,1.41951,0.58714,0.83091,0.41362160182034646,0.1469,4.268953065018484,3.344303610616231,0.1495,0.07745,0.22695,0.17761,0.13711,0.0024899999999999922,0.0014600000000000168,1204.5331,1298.2557,13.91,Meis1_E01.xlsx,Meis1,Female
MEIS1_E01_F06_CF                          ,3240,1.54989,0.67459,0.8739,0.43525024356567243,0.162,4.420152728945203,3.3973119901184536,0.16869,0.10363,0.27232,0.2024,0.17322,0.0020799999999999708,0.0013999999999999568,1216.6014,1304.9961,13.81,Meis1_E01.xlsx,Meis1,Female
MEIS1_E01_F07_CF                          ,3241,1.32868,0.58747,0.7395300000000001,0.44214558810247767,0.1592,4.1658866112286965,3.149412020977076,0.13466,0.07253,0.20719,0.16246,0.12972,0.0028399999999999537,0.0016799999999999038,1220.8383,1318.9902,13.71,Meis1_E01.xlsx,Meis1,Female
MEIS1_E01_F08_CF                          ,3242,1.53134,0.63621,0.8935599999999999,0.4154596627790041,0.1556,4.418147555268297,3.43415925453,0.16784,0.09347,0.26131,0.19746,0.15857,0.0024699999999999722,0.0015699999999999603,1223.406,1317.7064,14.3,Meis1_E01.xlsx,Meis1,Female
NDC80_E01_F01_CF                          ,1602,1.50695,0.64692,0.85832,0.4292909519227579,0.1621,4.394234982821961,3.3724442594245234,0.17059,0.08963,0.26023,0.1943,0.14854,0.0026399999999999757,0.0017099999999999893,1222.8282,1317.4496,14.86,Ndc80_E01.xlsx,Ndc80,Female
NDC80_E01_F02_CF                          ,1603,1.75156,0.71791,1.03227,0.40986891685126403,0.1622,4.731466374700198,3.7080676001591644,0.21574,0.12053,0.33627,0.23567,0.18422,0.0019200000000000328,0.0013799999999999368,1213.1992,1304.0332,14.78,Ndc80_E01.xlsx,Ndc80,Female
NDC80_E01_F03_CF                          ,1604,1.78814,0.69362,1.0926200000000001,0.387900276264722,0.1533,4.780936825553272,3.810804560490399,0.21926,0.11919,0.33845,0.23143,0.18616,0.0027199999999999447,0.0019000000000000128,1214.4189,1309.297,14.99,Ndc80_E01.xlsx,Ndc80,Female
NDC80_E01_F04_CF                          ,1605,1.57347,0.63142,0.94058,0.4012914132458833,0.1504,4.462984353591762,3.5152276791858093,0.17261,0.09621,0.26882,0.19614,0.15619,0.0023300000000000542,0.0014699999999999713,1220.774,1319.9532,14.27,Ndc80_E01.xlsx,Ndc80,Female
NDC80_E01_F05_CF                          ,1607,1.45687,0.61534,0.8399200000000001,0.42237124794937086,0.1534,4.30262570877681,3.3378341512250396,0.15958,0.08199,0.24158,0.18992,0.14054,0.0026000000000000467,0.0016100000000000003,1214.9966,1311.5438,14.08,Ndc80_E01.xlsx,Ndc80,Female
NDC80_E01_F06_CF                          ,1608,1.66864,0.72232,0.9445799999999999,0.4328794707066833,0.1725,4.629267889072884,3.5389904458271886,0.20745,0.11271,0.32016,0.22711,0.17409,0.0024100000000000232,0.0017400000000000748,1227.8353,1318.8619,14.85,Ndc80_E01.xlsx,Ndc80,Female
NDC80_E01_F07_CF                          ,1609,1.75146,0.72539,1.02399,0.41416304111997987,0.1644,4.742040252089169,3.7039462748926946,0.22758,0.11665,0.34423,0.241,0.18399,0.0028599999999999737,0.0020799999999999708,1223.2134,1318.22,14.85,Ndc80_E01.xlsx,Ndc80,Female
NDC80_E01_F08_CF                          ,1610,1.68588,0.74594,0.93439,0.4424632832704582,0.1731,4.767764057031804,3.678288525949321,0.23179,0.10615,0.33794,0.24145,0.17304,0.007380000000000053,0.005549999999999944,1218.3989,1310.4525,14.99,Ndc80_E01.xlsx,Ndc80,Female
NUP205_E01_F01_CF                         ,983,1.4832,0.58515,0.89673,0.3945186084142394,0.1442,4.3379674463230735,3.4286787679237807,0.14964,0.08563,0.23526,0.17652,0.14017,0.0022600000000000398,0.0013200000000000989,1191.3092,1287.728,14.1,Nup205_E01.xlsx,Nup205,Female
NUP205_E01_F02_CF                         ,984,1.68249,0.73872,0.94218,0.4390635308382219,0.1742,4.622720479768664,3.5202568811732293,0.21074,0.11656,0.32731,0.23298,0.18286,0.0021400000000000308,0.0015899999999999803,1239.647,1329.6464,14.83,Nup205_E01.xlsx,Nup205,Female
NUP205_E01_F03_CF                         ,985,1.57823,0.6723,0.90411,0.42598353852100135,0.1632,4.513063561965188,3.4861760075055743,0.19065,0.09446,0.28511,0.21644,0.15194,0.00268999999999997,0.0018200000000000438,1195.8027,1283.8121,14.78,Nup205_E01.xlsx,Nup205,Female
NUP205_E01_F04_CF                         ,986,1.56091,0.65349,0.90603,0.41865962803749096,0.1596,4.468412251187986,3.4640035982013546,0.18535,0.09198,0.27733,0.20873,0.15567,0.0021200000000000108,0.0013900000000000023,1204.9182,1296.6509,14.58,Nup205_E01.xlsx,Nup205,Female
NUP205_E01_F05_CF                         ,988,1.53092,0.66139,0.8678800000000001,0.43202126825699577,0.1634,4.439059887231657,3.404074474689142,0.17699,0.09304,0.27003,0.20304,0.15346,0.0024800000000000377,0.0016499999999999293,1233.5486,1329.2612,14.4,Nup205_E01.xlsx,Nup205,Female
NUP205_E01_F06_CF                         ,989,1.55254,0.66896,0.88166,0.43088100789673695,0.164,4.47083066812914,3.436229697668417,0.18705,0.09278,0.27983,0.20633,0.15748,0.0028599999999999737,0.0019200000000000328,1232.2006,1327.4639,14.3,Nup205_E01.xlsx,Nup205,Female
NUP205_E01_F07_CF                         ,990,1.50306,0.65489,0.8465,0.4357044961611645,0.1649,4.398567156537727,3.3602995857087574,0.17849,0.08685,0.26535,0.20416,0.14594,0.0025399999999999867,0.0016700000000000603,1237.2719,1334.3325,,Nup205_E01.xlsx,Nup205,Female
NUP205_E01_F08_CF                         ,991,1.48728,0.70947,0.7760199999999999,0.4770251734710344,0.1831,4.353660861935577,3.1998859922705654,0.17498,0.09577,0.27075,0.20725,0.15264,0.0025199999999999667,0.0017899999999999583,1250.6241,1339.4038,14.54,Nup205_E01.xlsx,Nup205,Female
P3H1_E01_F01_CF                           ,3835,1.77157,0.73228,1.0380600000000002,0.41335086956767164,0.1649,4.793797007884876,3.7559469071373286,0.23304,0.11967,0.35271,0.24053,0.18436,0.0016800000000000148,0.0012299999999999534,1189.897,1273.2202,14.36,P3h1_E01.xlsx,P3h1,Female
P3H1_E01_F02_CF                           ,3836,1.45922,0.63999,0.81797,0.43858362686914926,0.1605,4.353568658495536,3.3384083076702664,0.16988,0.08265,0.25253,0.19248,0.14201,0.0019599999999999618,0.0012600000000000389,1193.6843,1280.6667,14.38,P3h1_E01.xlsx,P3h1,Female
P3H1_E01_F03_CF                           ,3837,1.56147,0.64259,0.9140199999999999,0.41152887983758896,0.1596,4.552117608330843,3.5125527053442114,0.17458,0.0962,0.27078,0.203,0.14748,0.007510000000000017,0.0048599999999999755,1188.4847,1284.9677,14.46,P3h1_E01.xlsx,P3h1,Female
P3H1_E01_F04_CF                           ,3838,1.58038,0.68086,0.8980699999999999,0.43082043559144007,0.1652,4.48883260343632,3.4469687150555375,0.19118,0.09705,0.28824,0.21648,0.15511,0.0021299999999999653,0.0014499999999999513,1181.3593,1264.3616,14.08,P3h1_E01.xlsx,P3h1,Female
P3H1_E01_F05_CF                           ,3840,1.6533,0.70528,0.94637,0.4265892457509224,0.1698,4.5838519209492725,3.5100843531347388,0.19997,0.10965,0.30962,0.23068,0.16679,0.0023499999999999632,0.0016499999999999293,1221.8654,1312.25,14.81,P3h1_E01.xlsx,P3h1,Female
P3H1_E01_F06_CF                           ,3841,1.53983,0.68136,0.8568600000000001,0.4424904047849438,0.1715,4.4253037220928695,3.342913288480779,0.18118,0.09692,0.2781,0.20997,0.15253,0.0023600000000000287,0.0016100000000000003,1233.356,1325.0886,14.27,P3h1_E01.xlsx,P3h1,Female
P3H1_E01_F07_CF                           ,3842,1.50804,0.63998,0.8669,0.42437866369592314,0.1612,4.394793018536246,3.3775038356698968,0.16757,0.09159,0.25916,0.19085,0.14807,0.0018099999999999783,0.0011600000000000499,1225.396,1321.4938,14.19,P3h1_E01.xlsx,P3h1,Female
P3H1_E01_F08_CF                           ,3843,1.53547,0.66118,0.8728699999999999,0.43060431008095246,0.1645,4.414295467353789,3.380529437055907,0.17176,0.09665,0.26841,0.19992,0.15503,0.0021499999999999853,0.0014199999999999768,1216.1521,1312.4425,,P3h1_E01.xlsx,P3h1,Female
P4HB_E01_F01_CF                           ,3855,1.77294,0.72625,1.04508,0.4096303315397024,0.1637,4.762964477966298,3.730140925464493,0.22569,0.12104,0.34673,0.23551,0.18862,0.0021999999999999797,0.0016100000000000003,1232.8424,1327.9774,14.46,P4hb_E01.xlsx,P4hb,Female
P4HB_E01_F02_CF                           ,3856,1.70778,0.73407,0.9720700000000001,0.4298387380107508,0.1713,4.714366222092869,3.630371964154354,0.22658,0.11237,0.33895,0.23757,0.17844,0.0022199999999999998,0.0016399999999999748,1232.7141,1324.1899,14.94,P4hb_E01.xlsx,P4hb,Female
P4HB_E01_F03_CF                           ,3857,1.64444,0.69719,0.9453599999999999,0.4239680377514534,0.166,4.59820760343632,3.555504548075523,0.2125,0.10119,0.31369,0.22634,0.16404,0.0027000000000000357,0.0018900000000000583,1236.0521,1332.9845,14.21,P4hb_E01.xlsx,P4hb,Female
P4HB_E01_F04_CF                           ,3858,1.71148,0.71196,0.9978899999999999,0.4159908383387478,0.1669,4.693809531028843,3.6414047932587206,0.21522,0.11382,0.32904,0.22772,0.17305,0.0022799999999999487,0.0016299999999999093,1231.366,1325.5381,14.5,P4hb_E01.xlsx,P4hb,Female
P4HB_E01_F05_CF                           ,3860,1.49813,0.66295,0.83324,0.44251833952994735,0.1677,4.4027629914377995,3.343690626278706,0.1766,0.08935,0.26596,0.19926,0.14634,0.0029200000000000337,0.0019399999999999418,1244.8467,1340.6235,14.48,P4hb_E01.xlsx,P4hb,Female
P4HB_E01_F06_CF                           ,4187,1.46125,0.65854,0.80138,0.45066894781864847,0.1706,4.3211576651535655,3.245852329011867,0.16411,0.08945,0.25356,0.19127,0.14838,0.0020200000000000218,0.0013299999999999423,1232.2648,1322.5209,14.46,P4hb_E01.xlsx,P4hb,Female
P4HB_E01_F07_CF                           ,4189,1.47898,0.66334,0.8141499999999999,0.4485118121948911,0.1706,4.3747248669078225,3.302213936154724,0.18044,0.08449,0.26493,0.20472,0.14196,0.0022400000000000198,0.0014899999999999913,1249.276,1344.5393,14.02,P4hb_E01.xlsx,P4hb,Female
P4HB_E01_F08_CF                           ,3862,1.48401,0.66642,0.81601,0.4490670548042129,0.1707,4.385641704744609,3.314734598317936,0.18317,0.08449,0.26766,0.20601,0.14183,0.0023699999999999832,0.0015800000000000258,1242.4073,1338.1842,14.27,P4hb_E01.xlsx,P4hb,Female
PDCD6IP_E01_F01_CF                        ,4147,1.66633,0.68417,0.9809100000000001,0.41058493815750774,0.1605,4.6361413515562315,3.6230065219559804,0.207,0.10424,0.31124,0.22136,0.16562,0.0018099999999999783,0.0012500000000000844,1188.2921,1275.0819,14.86,Pdcd6ip_E01.xlsx,Pdcd6ip,Female
PDCD6IP_E01_F02_CF                        ,4148,1.62702,0.72021,0.9055099999999999,0.44265589851384746,0.1731,4.586402449888946,3.4958108473778924,0.20707,0.10526,0.31233,0.22584,0.17337,0.0018099999999999783,0.0012999999999999678,1196.1879,1274.9535,14.46,Pdcd6ip_E01.xlsx,Pdcd6ip,Female
PDCD6IP_E01_F03_CF                        ,4149,1.50215,0.66239,0.8383700000000001,0.4409612888193589,0.168,4.390523460540316,3.3299133270540575,0.17564,0.09031,0.26595,0.19844,0.14881,0.0020900000000000363,0.0013900000000000023,1202.0938,1284.8392,14.32,Pdcd6ip_E01.xlsx,Pdcd6ip,Female
PDCD6IP_E01_F04_CF                        ,4150,1.55987,0.62768,0.9308100000000001,0.40239250706789664,0.1538,4.473806334246832,3.5056623355921754,0.18038,0.0901,0.27048,0.20631,0.14619,0.0021900000000000253,0.0013799999999999368,1190.9241,1279.447,14.34,Pdcd6ip_E01.xlsx,Pdcd6ip,Female
PDCD6IP_E01_F05_CF                        ,4152,1.71734,0.73087,0.98484,0.42558258702411866,0.1715,4.714295939276438,3.6314177527664926,0.22197,0.11591,0.33788,0.23323,0.17975,0.0022199999999999998,0.0016300000000000203,1230.9808,1322.2642,14.53,Pdcd6ip_E01.xlsx,Pdcd6ip,Female
PDCD6IP_E01_F06_CF                        ,4153,1.60656,0.72178,0.88352,0.4492704909869535,0.1762,4.5269864401776205,3.4112951244374785,0.19693,0.10762,0.30455,0.22299,0.17382,0.0017399999999999638,0.0012600000000000389,1237.2719,1323.4197,15.01,Pdcd6ip_E01.xlsx,Pdcd6ip,Female
PDCD6IP_E01_F07_CF                        ,4154,1.54424,0.68628,0.8562400000000001,0.44441278557737135,0.1733,4.431516624583617,3.3378164574186027,0.17672,0.09988,0.27661,0.20339,0.15421,0.0024999999999999467,0.0017199999999999438,1217.757,1308.8477,14.27,Pdcd6ip_E01.xlsx,Pdcd6ip,Female
PDCD6IP_E01_F08_CF                        ,4155,1.58832,0.69044,0.8960699999999999,0.4346982975722777,0.1698,4.523232649724254,3.45260667456331,0.1906,0.10154,0.29215,0.21131,0.16016,0.002610000000000001,0.0018099999999999783,1220.3889,1311.6722,14.41,Pdcd6ip_E01.xlsx,Pdcd6ip,Female
PIEZO2_E01_F01_CF                         ,879,1.53786,0.67954,0.85677,0.44187377264510425,0.1662,4.440006591844906,3.3908137295448046,0.18441,0.09376,0.27817,0.20727,0.15777,0.0022699999999999942,0.0015499999999999403,1220.8383,1309.4254,14.46,Piezo2_E01.xlsx,Piezo2,Female
PIEZO2_E01_F02_CF                         ,880,1.48477,0.66379,0.81939,0.44706587552280824,0.1692,4.360389531968888,3.2932193087268926,0.17399,0.08731,0.2613,0.20051,0.15143,0.0023900000000000032,0.0015899999999999803,1222.6998,1312.1216,14.66,Piezo2_E01.xlsx,Piezo2,Female
PIEZO2_E01_F03_CF                         ,881,1.52024,0.64518,0.87373,0.42439351681313475,0.1577,4.395553449065484,3.3979860171003184,0.17084,0.09087,0.26171,0.19891,0.15321,0.0020499999999999963,0.0013300000000000534,1219.7469,1312.6993,14.66,Piezo2_E01.xlsx,Piezo2,Female
PIEZO2_E01_F04_CF                         ,882,1.59149,0.68671,0.9028600000000001,0.431488730686338,0.1651,4.536199583151346,3.4908096600351817,0.19659,0.09678,0.29336,0.22039,0.16168,0.002789999999999959,0.0019199999999999218,1220.9667,1312.25,14.51,Piezo2_E01.xlsx,Piezo2,Female
PIEZO2_E01_F05_CF                         ,884,1.53681,0.63403,0.90119,0.41256238572107157,0.1535,4.417548037920037,3.44968517053111,0.17301,0.09046,0.26347,0.20286,0.14843,0.0025100000000000122,0.0015899999999999803,1234.1263,1333.2412,14.29,Piezo2_E01.xlsx,Piezo2,Female
PIEZO2_E01_F06_CF                         ,885,1.51529,0.66463,0.84918,0.4386157105240581,0.1658,4.372451242416704,3.323431973749098,0.17017,0.09446,0.26463,0.20383,0.1542,0.0022199999999999998,0.0014799999999999258,1246.0664,1344.3468,14.66,Piezo2_E01.xlsx,Piezo2,Female
PIEZO2_E01_F07_CF                         ,886,1.51604,0.64261,0.87172,0.4238740402627899,0.158,4.412608679759415,3.4137846107328125,0.17147,0.08898,0.26045,0.19372,0.14817,0.002650000000000041,0.0017099999999999893,1228.0922,1327.5281,14.32,Piezo2_E01.xlsx,Piezo2,Female
PIEZO2_E01_F08_CF                         ,887,1.50847,0.62889,0.87836,0.41690587151219444,0.1582,4.3697432405754775,3.3724196850592376,0.16063,0.09036,0.25099,0.18994,0.14258,0.0019400000000000528,0.0012199999999999989,1223.7269,1320.9161,14.34,Piezo2_E01.xlsx,Piezo2,Female
PLOD2_E01_F01_CF                          ,1622,1.62319,0.63091,0.9910199999999999,0.38868524325556464,0.149,4.535838928897092,3.5944026946151206,0.18111,0.09851,0.27963,0.20488,0.15926,0.0020000000000000018,0.0012600000000000389,1195.8669,1293.4413,14.16,Plod2_E01.xlsx,Plod2,Female
PLOD2_E01_F02_CF                          ,1623,1.77812,0.72185,1.0541099999999999,0.40596247722313455,0.1621,4.759855913312338,3.7368415808530946,0.22182,0.12307,0.34489,0.23925,0.1872,0.002990000000000048,0.0021600000000000508,1218.4631,1312.6351,14.99,Plod2_E01.xlsx,Plod2,Female
PLOD2_E01_F03_CF                          ,1624,1.62955,0.66838,0.9594,0.4101623147494707,0.159,4.560244267596203,3.5568483752220796,0.19323,0.10149,0.29472,0.21355,0.15836,0.002650000000000041,0.0017700000000000493,1213.777,1310.3241,14.46,Plod2_E01.xlsx,Plod2,Female
PLOD2_E01_F04_CF                          ,1625,1.52545,0.64122,0.88261,0.4203480940050477,0.1597,4.418296574535506,3.4101180103645667,0.17005,0.09201,0.26206,0.19773,0.14402,0.0025199999999999667,0.0016199999999999548,1219.8754,1318.0916,14.66,Plod2_E01.xlsx,Plod2,Female
PLOD2_E01_F05_CF                          ,1627,1.48954,0.63904,0.8489700000000001,0.42901835465982785,0.1607,4.351158695188726,3.3377799891395483,0.16367,0.08882,0.2525,0.19578,0.14023,0.0023800000000000487,0.0015299999999999203,1205.6244,1302.1074,14.89,Plod2_E01.xlsx,Plod2,Female
PLOD2_E01_F06_CF                          ,1628,1.57085,0.69707,0.8720800000000001,0.44375338192698216,0.1716,4.501895180582877,3.4162598435011344,0.19828,0.09525,0.29353,0.22052,0.14984,0.002449999999999952,0.0017000000000000348,1216.7299,1305.7664,14.67,Plod2_E01.xlsx,Plod2,Female
PLOD2_E01_F07_CF                          ,1629,1.71232,0.70543,1.00482,0.411973229302934,0.1682,4.704280097601752,3.636204651380482,0.22188,0.10819,0.33008,0.23307,0.16351,0.002929999999999988,0.0020700000000000163,1203.2493,1296.2015,14.54,Plod2_E01.xlsx,Plod2,Female
PLOD2_E01_F08_CF                          ,1630,1.54862,0.70358,0.84325,0.45432707830197205,0.1787,4.460199974913001,3.331454535660647,0.19112,0.09553,0.28665,0.21925,0.14993,0.0025300000000000322,0.0017900000000000693,1222.9567,1311.9932,14.66,Plod2_E01.xlsx,Plod2,Female
PPFIA1_E01_F01_CF                         ,1702,1.57403,0.68051,0.8921600000000001,0.43233610541095147,0.1632,4.483529150742019,3.4493456503627167,0.1868,0.09862,0.28542,0.21387,0.15965,0.0020000000000000018,0.0013600000000000279,1168.3279,1248.5699,14.53,Ppfia1_E01.xlsx,Ppfia1,Female
PPFIA1_E01_F02_CF                         ,1703,1.59505,0.68786,0.90568,0.4312466693834049,0.1628,4.53796854747592,3.510312108852724,0.19497,0.09851,0.29347,0.21864,0.16892,0.0021900000000000253,0.0015100000000000113,1160.1111,1240.995,14.86,Ppfia1_E01.xlsx,Ppfia1,Female
PPFIA1_E01_F03_CF                         ,1704,1.47226,0.66765,0.8035299999999999,0.45348647657343133,0.1703,4.363775001071404,3.2908796282365156,0.1752,0.08598,0.26118,0.20033,0.14715,0.0016100000000000003,0.001080000000000081,1165.9528,1244.0763,14.24,Ppfia1_E01.xlsx,Ppfia1,Female
PPFIA1_E01_F04_CF                         ,1705,1.62898,0.70693,0.9209200000000001,0.4339709511473437,0.1666,4.573658258824921,3.521811556769083,0.20185,0.1047,0.30655,0.2214,0.1735,0.0016000000000000458,0.0011300000000000754,1169.4834,1248.0564,14.75,Ppfia1_E01.xlsx,Ppfia1,Female
PPFIA1_E01_F05_CF                         ,1707,1.72352,0.70404,1.01805,0.40848960267359824,0.1614,4.682214439393019,3.664263909996322,0.21698,0.11216,0.32914,0.23562,0.17635,0.0020299999999999763,0.0014300000000000423,1192.3363,1280.2173,,Ppfia1_E01.xlsx,Ppfia1,Female
PPFIA1_E01_F06_CF                         ,1708,1.64985,0.68127,0.96719,0.412928448040731,0.1588,4.581032154657638,3.57812401518137,0.19522,0.10616,0.30137,0.2197,0.16565,0.0020299999999999763,0.0013900000000000023,1199.7827,1292.5425,14.88,Ppfia1_E01.xlsx,Ppfia1,Female
PPFIA1_E01_F07_CF                         ,1709,1.55848,0.63135,0.9256500000000001,0.4051062573789846,0.1491,4.450248616162081,3.5126153210640476,0.1757,0.09157,0.26727,0.20498,0.14756,0.0023300000000000542,0.0014800000000000368,1189.255,1284.5825,14.22,Ppfia1_E01.xlsx,Ppfia1,Female
PPFIA1_E01_F08_CF                         ,1710,1.68107,0.74699,0.9322600000000001,0.4443538936510675,0.179,4.688225733606561,3.5593067007217125,0.23875,0.10378,0.34253,0.25109,0.16511,0.0024399999999999977,0.0018199999999999328,1192.9783,1278.099,14.91,Ppfia1_E01.xlsx,Ppfia1,Female
RAB10_E01_F01_CF                          ,2137,1.57541,0.67531,0.8989699999999999,0.42865666715331247,0.1626,4.509996478945203,3.483038641669157,0.19448,0.09345,0.28793,0.21727,0.1545,0.0016699999999999493,0.0011300000000000754,1174.6189,1255.8879,14.78,Rab10_E01.xlsx,Rab10,Female
RAB10_E01_F02_CF                          ,2138,1.59649,0.68328,0.9119999999999999,0.4279889006508027,0.1617,4.5278866498019745,3.506513396485959,0.19194,0.09953,0.29147,0.21552,0.15798,0.0017700000000000493,0.0012100000000000444,1171.2166,1251.0735,14.72,Rab10_E01.xlsx,Rab10,Female
RAB10_E01_F03_CF                          ,2139,1.61569,0.67846,0.9361800000000001,0.4199196628066027,0.1602,4.579081143066225,3.568703464037772,0.202,0.0972,0.2992,0.21747,0.16147,0.0015399999999999858,0.0010499999999999954,1165.375,1243.5627,14.53,Rab10_E01.xlsx,Rab10,Female
RAB10_E01_F04_CF                          ,2140,1.6338,0.68203,0.95066,0.417450116293304,0.16,4.587906403678733,3.576028211139919,0.19594,0.10365,0.29959,0.21883,0.16952,0.0016300000000000203,0.0011099999999999444,1158.9556,1236.6299,14.88,Rab10_E01.xlsx,Rab10,Female
RAB10_E01_F05_CF                          ,2142,1.75122,0.70923,1.04037,0.40499194847020936,0.1605,4.758313918168001,3.746890450527409,0.23273,0.10998,0.34271,0.24149,0.17609,0.0022799999999999487,0.0016199999999999548,1195.9954,1288.049,14.82,Rab10_E01.xlsx,Rab10,Female
RAB10_E01_F06_CF                          ,2143,1.69741,0.72873,0.9668500000000001,0.42931878567935855,0.1692,4.653986600499605,3.5850719872983214,0.20894,0.11742,0.32637,0.22889,0.18749,0.0025100000000000122,0.0018299999999999983,1214.9325,1303.7122,15.15,Rab10_E01.xlsx,Rab10,Female
RBPJ_E01_F01_CF                           ,1837,1.57891,0.63824,0.9394100000000001,0.40422823340152386,0.1539,4.53302840277755,3.5611517477553876,0.19109,0.08921,0.28031,0.20479,0.14749,0.0019700000000000273,0.0012599999999999278,1206.3304,1304.611,14.81,Rbpj_E01.xlsx,Rbpj,Female
RBPJ_E01_F02_CF                           ,1838,1.58498,0.71483,0.8683900000000001,0.4510025363096064,0.1757,4.547315375523661,3.4363034207642733,0.2006,0.09955,0.30015,0.21866,0.15909,0.0024600000000000177,0.0017599999999999838,1232.2006,1321.879,14.94,Rbpj_E01.xlsx,Rbpj,Female
RBPJ_E01_F03_CF                           ,1839,1.54082,0.66436,0.87475,0.43117301177295203,0.1633,4.4490672752719975,3.4200136339545013,0.18277,0.09266,0.27543,0.2016,0.15585,0.002569999999999961,0.0017100000000001003,1232.0079,1328.2983,,Rbpj_E01.xlsx,Rbpj,Female
RBPJ_E01_F04_CF                           ,1840,1.42165,0.60565,0.81481,0.4260190623571202,0.1638,4.301117528169851,3.2688892661991344,0.15978,0.07442,0.2342,0.18505,0.12386,0.0019700000000000273,0.0011900000000000244,1205.0466,1299.6038,14.06,Rbpj_E01.xlsx,Rbpj,Female
RBPJ_E01_F05_CF                           ,1842,1.64595,0.72319,0.92111,0.43937543667790635,0.1768,4.595447012585097,3.483070883131039,0.20585,0.10951,0.31536,0.22361,0.17264,0.0022799999999999487,0.0016500000000000403,1231.6228,1323.8048,14.94,Rbpj_E01.xlsx,Rbpj,Female
RBPJ_E01_F06_CF                           ,1843,1.5352,0.65484,0.8786599999999999,0.42655028660760813,0.1641,4.47463783413025,3.4375896455459145,0.19033,0.08684,0.27717,0.20561,0.14834,0.0025800000000000267,0.0017000000000000348,1225.1393,1320.0173,,Rbpj_E01.xlsx,Rbpj,Female
RBPJ_E01_F07_CF                           ,1844,1.47077,0.64368,0.8249299999999999,0.4376483066692957,0.1651,4.369830430660598,3.328979302892325,0.1735,0.08273,0.25623,0.19735,0.14377,0.0033600000000000296,0.0021599999999999397,1228.028,1322.5851,14.56,Rbpj_E01.xlsx,Rbpj,Female
RBPJ_E01_F08_CF                           ,1845,1.55683,0.69598,0.8592899999999999,0.4470494530552469,0.1743,4.502841885196126,3.4027552219078703,0.1952,0.0947,0.28989,0.20867,0.1605,0.0022299999999999542,0.0015600000000000058,1226.1664,1315.588,14.67,Rbpj_E01.xlsx,Rbpj,Female
ROBO1_E01_F01_CF                          ,2193,1.70741,0.73771,0.9675100000000001,0.4320637691005675,0.1718,4.717400277113224,3.6260109892561303,0.22645,0.11293,0.33938,0.24267,0.18173,0.0029599999999999627,0.0021900000000000253,1215.0608,1302.2357,14.35,Robo1_E01.xlsx,Robo1,Female
ROBO1_E01_F02_CF                          ,2194,1.74595,0.73424,1.00985,0.4205389615968384,0.1687,4.755792976948533,3.688763319339402,0.23061,0.11653,0.34714,0.24548,0.18176,0.0025199999999999667,0.0018599999999999728,1203.6344,1289.7822,14.89,Robo1_E01.xlsx,Robo1,Female
ROBO1_E01_F03_CF                          ,2195,1.70064,0.71697,0.9821699999999999,0.42158834321196725,0.1666,4.674662723110635,3.6222579853405117,0.21806,0.11102,0.32908,0.23585,0.17686,0.0020900000000000363,0.0015000000000000568,1216.7299,1307.4354,14.67,Robo1_E01.xlsx,Robo1,Female
ROBO1_E01_F04_CF                          ,2196,1.76176,0.75706,1.0030299999999999,0.42971800926346376,0.1752,4.801949028053269,3.698476895662497,0.25041,0.1151,0.36551,0.2517,0.18488,0.0022100000000000453,0.0016700000000000603,1215.9596,1304.5468,15.21,Robo1_E01.xlsx,Robo1,Female
ROBO1_E01_F05_CF                          ,2198,1.72882,0.66797,1.05948,0.38637336449138715,0.1521,4.702146252205751,3.7370075073889923,0.20574,0.11158,0.31733,0.21888,0.17311,0.0020499999999999963,0.0013700000000000934,1210.9524,1305.6381,14.58,Robo1_E01.xlsx,Robo1,Female
ROBO1_E01_F06_CF                          ,2199,1.58512,0.706,0.87765,0.44539214696679114,0.1744,4.517421096583987,3.4180660626425117,0.19562,0.10149,0.29711,0.21558,0.16491,0.0020799999999999708,0.0014700000000000824,1222.1863,1306.7292,14.5,Robo1_E01.xlsx,Robo1,Female
ROBO1_E01_F07_CF                          ,2200,1.69667,0.65908,1.03612,0.38845503250484775,0.152,4.685644830408934,3.7267189880829226,0.21033,0.10199,0.31233,0.22067,0.163,0.0022400000000000198,0.0014699999999999713,1204.5331,1300.3099,14.27,Robo1_E01.xlsx,Robo1,Female
ROBO1_E01_F08_CF                          ,2201,1.75222,0.73803,1.0123900000000001,0.42119710995194665,0.1663,4.787700096661708,3.734249570279446,0.24982,0.10889,0.35872,0.25816,0.17768,0.0024300000000000432,0.0018000000000000238,1210.0537,1294.7251,14.8,Robo1_E01.xlsx,Robo1,Female
SATB1_E01_F01_CF                          ,4167,1.5828,0.69553,0.88519,0.43943012383118524,0.1688,4.508550127520331,3.441239338645471,0.1908,0.10116,0.29196,0.21528,0.16339,0.002990000000000048,0.0020799999999999708,1252.9351,1350.7661,,Satb1_E01.xlsx,Satb1,Female
SATB1_E01_F02_CF                          ,4168,1.56689,0.67288,0.8920399999999999,0.4294366547747449,0.1628,4.4831447086602285,3.451160323138439,0.18535,0.0974,0.28274,0.21042,0.15232,0.002909999999999968,0.0019699999999999163,1247.928,1345.5022,13.81,Satb1_E01.xlsx,Satb1,Female
SATB1_E01_F03_CF                          ,4169,1.54177,0.66865,0.8712300000000001,0.43368984997762305,0.1637,4.451721115027734,3.4159668183216363,0.18256,0.09351,0.27607,0.20118,0.15365,0.0028200000000000447,0.0018900000000000583,1241.7012,1339.7249,14.46,Satb1_E01.xlsx,Satb1,Female
SATB1_E01_F04_CF                          ,4170,1.4958,0.67268,0.82182,0.4497125284128894,0.1732,4.401734110094349,3.310228830969676,0.17992,0.08913,0.26905,0.19828,0.15121,0.0019299999999999873,0.0013000000000000789,1258.8408,1347.1713,14.56,Satb1_E01.xlsx,Satb1,Female
SATB1_E01_F05_CF                          ,4172,1.57614,0.65142,0.9228100000000001,0.4133008489093608,0.1606,4.5210496555976825,3.5077370055477646,0.194,0.09134,0.28534,0.211,0.14925,0.002909999999999968,0.0019099999999999673,1254.5399,1351.729,13.81,Satb1_E01.xlsx,Satb1,Female
SATB1_E01_F06_CF                          ,4173,1.53745,0.6893,0.84628,0.4483397834075905,0.1691,4.441482530989983,3.3699843608493945,0.18601,0.09491,0.28092,0.21186,0.16268,0.00270999999999999,0.0018699999999999273,1259.4828,1353.9758,14.34,Satb1_E01.xlsx,Satb1,Female
SATB1_E01_F07_CF                          ,4174,1.6222,0.69559,0.9246500000000001,0.428794230057946,0.1692,4.5449960425813964,3.475138951584035,0.19423,0.10635,0.30058,0.22079,0.16981,0.002809999999999979,0.0019599999999999618,1262.8851,1362.2567,14.56,Satb1_E01.xlsx,Satb1,Female
SATB1_E01_F08_CF                          ,4175,1.72235,0.71628,1.00393,0.41587366098644296,0.1634,4.6773411372316565,3.6462619746891423,0.21093,0.11856,0.32949,0.23511,0.18265,0.0029799999999999827,0.0021399999999999197,1249.3402,1346.7861,14.78,Satb1_E01.xlsx,Satb1,Female
SLAIN2_E01_F01_CF                         ,1411,1.5488,0.65316,0.8941899999999999,0.42172004132231405,0.1628,4.452378234740909,3.4238165731384385,0.17857,0.09299,0.27156,0.20352,0.15565,0.0022199999999999998,0.0014500000000000624,1161.074,1244.3331,15.35,Slain2_E01.xlsx,Slain2,Female
SLAIN2_E01_F02_CF                         ,1412,1.50445,0.64237,0.8608600000000001,0.4269799594536209,0.1574,4.388017853514041,3.390557959182109,0.17091,0.08803,0.25893,0.20113,0.14791,0.0018899999999999473,0.0012199999999999989,1172.5005,1258.199,14.54,Slain2_E01.xlsx,Slain2,Female
SLAIN2_E01_F03_CF                         ,1413,1.43349,0.59012,0.84212,0.4116666317867582,0.1505,4.262541994529956,3.31569476992045,0.14577,0.08118,0.22695,0.17746,0.13799,0.0021200000000000108,0.0012499999999999734,1173.3992,1265.838,14.02,Slain2_E01.xlsx,Slain2,Female
SLAIN2_E01_F04_CF                         ,1414,1.56712,0.69169,0.87394,0.4413765378528766,0.1679,4.499931488539946,3.4379283791765594,0.19268,0.09533,0.28801,0.21354,0.16126,0.0021499999999999853,0.0014899999999999913,1191.3092,1276.6226,14.83,Slain2_E01.xlsx,Slain2,Female
SLAIN2_E01_F05_CF                         ,1416,1.54442,0.66863,0.8741199999999999,0.43293275145362015,0.1626,4.448963964455935,3.417748463097728,0.18199,0.09407,0.27607,0.20721,0.15634,0.0024999999999999467,0.0016700000000000603,1245.4886,1345.1813,14.66,Slain2_E01.xlsx,Slain2,Female
SLAIN2_E01_F06_CF                         ,1417,1.59307,0.64658,0.94478,0.4058704262838419,0.151,4.523252210734619,3.571936473593656,0.17227,0.10457,0.27684,0.19202,0.16303,0.0026399999999999757,0.0017099999999999893,1224.8182,1326.8219,13.07,Slain2_E01.xlsx,Slain2,Female
SLAIN2_E01_F07_CF                         ,1418,1.59014,0.68408,0.9041600000000001,0.4302011143672884,0.1625,4.495243673924847,3.467727800934515,0.18988,0.09985,0.28974,0.2197,0.16408,0.0027800000000000047,0.0019000000000000128,1228.8624,1326.1799,14.88,Slain2_E01.xlsx,Slain2,Female
SLAIN2_E01_F08_CF                         ,1419,1.57012,0.68925,0.87895,0.43897918630423155,0.1676,4.494313876580287,3.4360806784012077,0.19068,0.09746,0.28813,0.21682,0.16258,0.0027800000000000047,0.0019199999999999218,1235.3461,1333.0487,14.91,Slain2_E01.xlsx,Slain2,Female
SLBP_E01_F01_CF                           ,1897,1.40365,0.63893,0.7633800000000001,0.45519182132297936,0.1678,4.228027530049939,3.1737336098704896,0.1532,0.08212,0.23532,0.18401,0.13845,0.0020900000000000363,0.0013400000000000079,1178.9198,1256.0164,14.19,Slbp_E01.xlsx,Slbp,Female
SLBP_E01_F02_CF                           ,1898,1.60331,0.63234,0.9697600000000001,0.39439659205019617,0.148,4.555440461713524,3.619307680125853,0.18536,0.09396,0.27932,0.20582,0.15453,0.0019099999999999673,0.0012099999999999334,1168.1353,1255.5028,14.16,Slbp_E01.xlsx,Slbp,Female
SLBP_E01_F03_CF                           ,1899,1.51478,0.66296,0.85076,0.4376609144562247,0.1671,4.378556607274217,3.3243702247280025,0.16988,0.09513,0.26501,0.19953,0.15508,0.0016000000000000458,0.001060000000000061,1193.877,1279.8964,14.37,Slbp_E01.xlsx,Slbp,Female
SLBP_E01_F04_CF                           ,1900,1.57779,0.70597,0.87051,0.44744230854549716,0.1706,4.490350024215371,3.4104728647261524,0.19071,0.10215,0.29286,0.21359,0.16446,0.0018399999999999528,0.0013100000000000334,1195.3534,1275.8522,14.78,Slbp_E01.xlsx,Slbp,Female
SLBP_E01_F05_CF                           ,1902,1.50069,0.65488,0.8443100000000001,0.4363859291392626,0.1629,4.381334105394129,3.354305985301651,0.17466,0.08855,0.26321,0.19796,0.14907,0.0022799999999999487,0.0014999999999999458,1218.7841,1312.25,14.42,Slbp_E01.xlsx,Slbp,Female
SLBP_E01_F06_CF                           ,1903,1.4206,0.59369,0.8254000000000001,0.41791496550753204,0.1505,4.23628551477607,3.283886734206165,0.14246,0.08179,0.22425,0.17563,0.13645,0.0025300000000000322,0.0015099999999999003,1223.7911,1327.0787,14.04,Slbp_E01.xlsx,Slbp,Female
SLBP_E01_F07_CF                           ,1904,1.51622,0.70412,0.8106299999999999,0.4643917109654272,0.1763,4.413841528993313,3.302164000886405,0.18923,0.09213,0.28137,0.21758,0.15312,0.0020900000000000363,0.0014700000000000824,1227.6428,1313.7906,14.77,Slbp_E01.xlsx,Slbp,Female
SLBP_E01_F08_CF                           ,1905,1.66374,0.70489,0.95774,0.4236779785302992,0.1676,4.603341689315298,3.546013714115494,0.20516,0.10877,0.31393,0.22314,0.17056,0.0015699999999999603,0.0011099999999999444,1217.115,1306.6652,14.35,Slbp_E01.xlsx,Slbp,Female
SLMAP_E01_F01_CF                          ,2779,1.50346,0.64393,0.85771,0.42829872427600335,0.163,4.382032706741279,3.3495275403220064,0.16567,0.09146,0.25714,0.1973,0.15361,0.002809999999999979,0.0018200000000000438,1216.0879,1312.6993,14.34,Slmap_E01.xlsx,Slmap,Female
SLMAP_E01_F02_CF                          ,2780,1.57853,0.71042,0.86654,0.4500516303142798,0.1755,4.509786417033654,3.401775489294991,0.19721,0.09946,0.29667,0.21884,0.16522,0.0021999999999999797,0.0015699999999999603,1243.0492,1335.1029,15.07,Slmap_E01.xlsx,Slmap,Female
SLMAP_E01_F03_CF                          ,2781,1.57996,0.68261,0.8955500000000001,0.4320425833565407,0.1653,4.506412841844906,3.460047412933036,0.19241,0.09639,0.2888,0.21413,0.15483,0.0026399999999999757,0.0017999999999999128,1220.3889,1313.0203,14.62,Slmap_E01.xlsx,Slmap,Female
SLMAP_E01_F04_CF                          ,2782,1.42352,0.68083,0.7411299999999998,0.4782721703945151,0.1808,4.259451910220181,3.1183839768023938,0.16235,0.08726,0.24961,0.1938,0.14662,0.0022900000000000142,0.0015600000000000058,1252.4857,1344.5393,14.62,Slmap_E01.xlsx,Slmap,Female
SLMAP_E01_F05_CF                          ,2784,1.61458,0.76364,0.8492999999999999,0.4729651054763468,0.1894,4.5475930665099655,3.3547591371243786,0.21109,0.10873,0.31983,0.24003,0.17635,0.0021400000000000308,0.0016399999999999748,1243.8838,1329.5181,,Slmap_E01.xlsx,Slmap,Female
SLMAP_E01_F06_CF                          ,2785,1.53417,0.69013,0.8424,0.4498393268021145,0.173,4.437514451807895,3.3476875066432514,0.18039,0.09728,0.27767,0.20314,0.14933,0.0023699999999999832,0.0016399999999999748,1227.386,1318.0916,14.77,Slmap_E01.xlsx,Slmap,Female
SLMAP_E01_F07_CF                          ,2786,1.42023,0.65559,0.7631400000000002,0.46160833104497156,0.1698,4.243727039683543,3.1730307817061676,0.15815,0.08383,0.24198,0.19259,0.13879,0.0022699999999999942,0.0014999999999999458,1229.5686,1321.9432,14.69,Slmap_E01.xlsx,Slmap,Female
SLMAP_E01_F08_CF                          ,2787,1.36713,0.597,0.7689699999999999,0.4366812227074236,0.1548,4.144743083267928,3.166583242938586,0.13485,0.07936,0.21421,0.16755,0.13373,0.0019400000000000528,0.0011600000000000499,1233.5486,1330.481,14.02,Slmap_E01.xlsx,Slmap,Female
SMG6_E01_F01_CF                           ,2253,1.51649,0.68003,0.8354499999999999,0.4484236625365153,0.1672,4.376605595682803,3.320149815462644,0.17656,0.09445,0.271,0.21047,0.15794,0.0014800000000000368,0.0010099999999999554,1188.5488,1267.828,14.86,Smg6_E01.xlsx,Smg6,Female
SMG6_E01_F02_CF                           ,2254,1.60895,0.71013,0.8979900000000001,0.4413623791913981,0.1684,4.55253163813284,3.4849066899926213,0.20894,0.09938,0.30832,0.2299,0.16223,0.0011799999999999589,0.0008299999999999974,1186.8157,1265.3245,15.08,Smg6_E01.xlsx,Smg6,Female
SMG6_E01_F03_CF                           ,2255,1.6838,0.72794,0.95326,0.4323197529397791,0.1685,4.662530729846386,3.5906193164415487,0.21507,0.112,0.32707,0.2408,0.17681,0.003550000000000053,0.0025999999999999357,1181.9369,1263.7196,14.69,Smg6_E01.xlsx,Smg6,Female
SMG6_E01_F04_CF                           ,2256,1.57674,0.66797,0.90757,0.4236399152682116,0.1573,4.501819884411525,3.510291761304611,0.1876,0.09567,0.28327,0.20838,0.15914,0.0017899999999999583,0.0012000000000000899,1173.5918,1252.4215,14.8,Smg6_E01.xlsx,Smg6,Female
SMG6_E01_F05_CF                           ,2258,1.62187,0.72224,0.89782,0.4453131262061694,0.1706,4.55389581282751,3.4752050075832956,0.20483,0.10536,0.31019,0.23155,0.17057,0.0025100000000000122,0.0018099999999999783,1229.3118,1316.0374,,Smg6_E01.xlsx,Smg6,Female
SMG6_E01_F06_CF                           ,2259,1.68265,0.7406,0.94055,0.44013906635366834,0.1736,4.647302852379694,3.5517177296225264,0.22136,0.11182,0.33318,0.23853,0.17887,0.0020299999999999763,0.0014999999999999458,1229.5686,1315.7806,14.9,Smg6_E01.xlsx,Smg6,Female
SMG6_E01_F07_CF                           ,2260,1.74658,0.71917,1.02584,0.41175898040742476,0.1635,4.723203376619147,3.689474601138069,0.21857,0.11901,0.33757,0.23691,0.18253,0.0021700000000000053,0.0015700000000000713,1216.1521,1307.8206,14.96,Smg6_E01.xlsx,Smg6,Female
SMG6_E01_F08_CF                           ,2261,1.54416,0.65952,0.88311,0.4271059993783028,0.16,4.424889692290872,3.4153139254256333,0.17596,0.0957,0.27167,0.20292,0.15309,0.0023100000000000342,0.0015300000000000313,1230.0179,1326.8219,14.62,Smg6_E01.xlsx,Smg6,Female
SPC25_E01_F01_CF                          ,1003,1.63272,0.69481,0.9363499999999999,0.42555367729923077,0.1675,4.584054315764224,3.525122516237995,0.19916,0.1044,0.30356,0.21892,0.16855,0.0022499999999999742,0.0015600000000000058,1236.5015,1331.5723,14.64,Spc25_E01.xlsx,Spc25,Female
SPC25_E01_F02_CF                          ,1004,1.5774,0.6992,0.87628,0.44326106250792446,0.1712,4.482326675766075,3.4007754091339986,0.18887,0.10113,0.28999,0.2216,0.16578,0.00273000000000001,0.0019199999999999218,1242.5356,1337.478,14.96,Spc25_E01.xlsx,Spc25,Female
SPC25_E01_F03_CF                          ,1005,1.48599,0.67224,0.8117599999999999,0.4523852785012012,0.1687,4.335451518458525,3.270794569339402,0.1665,0.09346,0.25996,0.20312,0.15123,0.0029400000000000537,0.0019900000000000473,1244.2047,1341.1371,14.66,Spc25_E01.xlsx,Spc25,Female
SPC25_E01_F04_CF                          ,1006,1.50332,0.69834,0.80343,0.46453183620253835,0.1783,4.381826871646902,3.2584924227220826,0.1799,0.09407,0.27397,0.21052,0.14804,0.0022100000000000453,0.0015500000000000513,1247.9922,1339.0829,15.09,Spc25_E01.xlsx,Spc25,Female
SPC25_E01_F05_CF                          ,1008,1.5874,0.66494,0.9204399999999999,0.4188862290537987,0.1637,4.489175563884136,3.4583775326073507,0.18032,0.10134,0.28166,0.20444,0.15906,0.0030200000000000227,0.0020200000000000218,1234.1263,1334.2042,,Spc25_E01.xlsx,Spc25,Female
SPC25_E01_F06_CF                          ,1009,1.54484,0.66681,0.87663,0.43163693327464336,0.1636,4.437315497272367,3.4040041918727098,0.17357,0.09833,0.27191,0.20291,0.15545,0.0020900000000000363,0.0013999999999999568,1234.8325,1327.849,14.54,Spc25_E01.xlsx,Spc25,Female
SPC25_E01_F07_CF                          ,1010,1.73222,0.72514,1.0054500000000002,0.41861888212813614,0.1691,4.745645023275327,3.674671860849395,0.23085,0.11239,0.34324,0.24432,0.17679,0.0022400000000000198,0.0016300000000000203,1233.6128,1325.5381,14.29,Spc25_E01.xlsx,Spc25,Female
SPC25_E01_F08_CF                          ,1011,1.5704,0.65795,0.9107500000000001,0.41896968925114625,0.1587,4.495966849637282,3.493058710161014,0.18756,0.0934,0.28096,0.20644,0.15724,0.0025800000000000267,0.0016999999999999238,1222.5073,1316.7435,,Spc25_E01.xlsx,Spc25,Female
STT3B_E02_F01_CF                          ,3482,1.51261,0.66295,0.84846,0.4382821745195391,0.1651,4.380850579313448,3.340698052892325,0.17004,0.0943,0.26434,0.19805,0.15502,0.0018000000000000238,0.0011999999999999789,1196.4447,1283.1703,14.72,Stt3b_E02.xlsx,Stt3b,Female
STT3B_E02_F02_CF                          ,3483,1.5592,0.70703,0.85098,0.45345690097485897,0.1755,4.450494065686503,3.345413882152134,0.1884,0.10058,0.28898,0.21416,0.16458,0.0016800000000000148,0.0011899999999999133,1207.9353,1289.3329,14.85,Stt3b_E02.xlsx,Stt3b,Female
STT3B_E02_F03_CF                          ,3484,1.63116,0.71119,0.91794,0.4360025993771304,0.1761,4.550977749074734,3.439511069417123,0.19697,0.1097,0.30667,0.22412,0.16643,0.0028399999999999537,0.0020299999999999763,1195.225,1277.0719,14.91,Stt3b_E02.xlsx,Stt3b,Female
STT3B_E02_F04_CF                          ,3485,1.56097,0.67019,0.88942,0.4293420116978545,0.1646,4.464696502089169,3.4270902777905485,0.18154,0.09754,0.27907,0.2075,0.15447,0.0020200000000000218,0.0013600000000000279,1190.7314,1277.2644,14.59,Stt3b_E02.xlsx,Stt3b,Female
STT3B_E02_F05_CF                          ,3487,1.48921,0.63675,0.8510599999999999,0.4275756944957394,0.1612,4.3381875349444625,3.3217002642413256,0.16299,0.08929,0.25228,0.19437,0.14617,0.0021999999999999797,0.0013999999999999568,1224.9467,1317.8348,14.18,Stt3b_E02.xlsx,Stt3b,Female
STT3B_E02_F06_CF                          ,3488,1.32684,0.60978,0.7155,0.4595731210997558,0.1648,4.089452625640242,3.0497878521169732,0.13251,0.07651,0.20902,0.1681,0.13322,0.0025500000000000522,0.0015600000000000058,1232.5215,1329.0687,13.95,Stt3b_E02.xlsx,Stt3b,Female
STT3B_E02_F07_CF                          ,3489,1.45965,0.63377,0.8241899999999999,0.4341931284897064,0.162,4.294908852496276,3.270079847261311,0.15395,0.08948,0.24344,0.18723,0.14971,0.002650000000000041,0.0016900000000000803,1234.7041,1331.6365,14.27,Stt3b_E02.xlsx,Stt3b,Female
STT3B_E02_F08_CF                          ,3490,1.4929,0.67326,0.8179899999999999,0.45097461316899995,0.1705,4.363531124622478,3.2902513097057975,0.17513,0.08976,0.26489,0.20183,0.15134,0.002449999999999952,0.0016500000000000403,1225.7811,1317.6422,14.94,Stt3b_E02.xlsx,Stt3b,Female
TCTN3_E01_F01_CF                          ,756,1.61599,0.665,0.94911,0.4115124474780166,0.1581,4.56338163343262,3.564140094324597,0.19369,0.09953,0.29322,0.2106,0.16256,0.0028200000000000447,0.0018799999999999928,1231.8153,1333.1129,14.72,Tctn3_E01.xlsx,Tctn3,Female
TCTN3_E01_F02_CF                          ,757,1.49224,0.66801,0.82267,0.44765587304991156,0.1645,4.3698634586602285,3.331422294198765,0.1697,0.09216,0.26186,0.195,0.15179,0.0023199999999999887,0.0015600000000000058,1238.2347,1333.3696,14.16,Tctn3_E01.xlsx,Tctn3,Female
TCTN3_E01_F03_CF                          ,758,1.55906,0.66865,0.8885199999999999,0.42888022269829257,0.1626,4.458797758863781,3.4322573916691566,0.17898,0.09808,0.27707,0.20425,0.15726,0.0028200000000000447,0.0018900000000000583,1238.7483,1334.7819,14.47,Tctn3_E01.xlsx,Tctn3,Female
TCTN3_E01_F04_CF                          ,759,1.53305,0.65429,0.8769600000000001,0.4267897328854245,0.1609,4.406615079352308,3.3929552420374023,0.17278,0.0943,0.26708,0.19827,0.15716,0.0027399999999999647,0.0017999999999999128,1240.4174,1339.1471,14.4,Tctn3_E01.xlsx,Tctn3,Female
TCTN3_E01_F05_CF                          ,761,1.55084,0.66549,0.88309,0.42911583399963893,0.1638,4.456532588007009,3.4240231947705633,0.18089,0.09492,0.27582,0.20476,0.15988,0.0033800000000000496,0.0022599999999999287,1235.0892,1333.1129,14.49,Tctn3_E01.xlsx,Tctn3,Female
TCTN3_E01_F06_CF                          ,762,1.67626,0.70277,0.97174,0.41924880388483887,0.1659,4.637307358253121,3.5909749573408813,0.20807,0.10909,0.31716,0.23237,0.1766,0.0024800000000000377,0.0017500000000000293,1223.6627,1315.1387,14.91,Tctn3_E01.xlsx,Tctn3,Female
TCTN3_E01_F07_CF                          ,763,1.60313,0.66696,0.9338799999999999,0.41603612932201384,0.1577,4.558289029187615,3.5620485171003184,0.19805,0.09456,0.29261,0.21798,0.15791,0.0034199999999999786,0.0022900000000000142,1215.1892,1311.929,14.48,Tctn3_E01.xlsx,Tctn3,Female
TCTN3_E01_F08_CF                          ,764,1.32549,0.56165,0.76248,0.4237300922677651,0.1491,4.086062143182806,3.1471019282069044,0.12983,0.0696,0.19943,0.16523,0.12492,0.0024100000000000232,0.0013600000000000279,1237.2719,1340.8802,13.52,Tctn3_E01.xlsx,Tctn3,Female
TGFBR3_E01_F01_CF                         ,2373,1.59331,0.67122,0.92101,0.4212739517105899,0.1605,4.519164700005528,3.5019127719559813,0.18729,0.09955,0.28684,0.21091,0.16116,0.0016000000000000458,0.0010799999999999699,1168.4563,1248.0564,14.43,Tgfbr3_E01.xlsx,Tgfbr3,Female
TGFBR3_E01_F02_CF                         ,2374,1.59619,0.67724,0.91742,0.4242853294407307,0.1632,4.512927223149496,3.4817117217912887,0.1874,0.10154,0.28895,0.20969,0.16053,0.0022499999999999742,0.0015300000000000313,1176.2238,1259.6754,14.77,Tgfbr3_E01.xlsx,Tgfbr3,Female
TGFBR3_E01_F03_CF                         ,2375,1.6063,0.68887,0.91593,0.4288551329141505,0.1665,4.526431844742759,3.4769248231772996,0.1902,0.10345,0.29366,0.21663,0.16473,0.0021700000000000053,0.0015000000000000568,1169.9327,1249.8538,14.61,Tgfbr3_E01.xlsx,Tgfbr3,Female
TGFBR3_E01_F04_CF                         ,2376,1.70926,0.71664,0.99107,0.4192691574131496,0.1691,4.67152958409139,3.6049173965636805,0.20818,0.11746,0.32564,0.22784,0.18461,0.0021499999999999853,0.0015499999999999403,1166.3379,1244.9751,14.75,Tgfbr3_E01.xlsx,Tgfbr3,Female
TGFBR3_E01_F05_CF                         ,2378,1.58957,0.71005,0.8769199999999999,0.446693130846707,0.1748,4.500403120706859,3.3939299612953606,0.188,0.10735,0.29535,0.21803,0.16909,0.0036399999999999766,0.0026000000000000467,1227.4502,1319.1187,15.15,Tgfbr3_E01.xlsx,Tgfbr3,Female
TGFBR3_E01_F06_CF                         ,2379,1.65591,0.73903,0.9146799999999999,0.4462984099377381,0.1784,4.624506351361928,3.493669334885295,0.21625,0.10877,0.32502,0.23914,0.17384,0.002970000000000028,0.0022000000000000908,1226.2947,1314.946,,Tgfbr3_E01.xlsx,Tgfbr3,Female
TGFBR3_E01_F07_CF                         ,2380,1.71002,0.74624,0.96213,0.436392556812201,0.1744,4.69397123074757,3.58882499121394,0.22086,0.11737,0.33823,0.24097,0.18488,0.0022100000000000453,0.0016500000000000403,1228.0922,1315.9731,15.09,Tgfbr3_E01.xlsx,Tgfbr3,Female
TGFBR3_E01_F08_CF                         ,2381,1.60467,0.67351,0.92961,0.4197186960558869,0.1635,4.5101040165784365,3.476304958280926,0.18004,0.10605,0.28608,0.20445,0.16825,0.0022900000000000142,0.0015499999999999403,1217.3718,1307.2428,14.66,Tgfbr3_E01.xlsx,Tgfbr3,Female
THSD4_E01_F01_CF                          ,1171,"broken, injured/ unable to provied cortical data ",,,,,,,,,,,,,,,,14.77,Thsd4_E01.xlsx,Thsd4,Female
THSD4_E01_F02_CF                          ,1172,1.56027,0.67535,0.88319,0.43284175174809486,0.1632,4.4776304075166315,3.448787614648431,0.18903,0.09331,0.28234,0.21315,0.15383,0.002569999999999961,0.0017300000000000093,1224.4973,1317.6422,14.61,Thsd4_E01.xlsx,Thsd4,Female
THSD4_E01_F03_CF                          ,1173,1.56915,0.64786,0.9196700000000001,0.41287321161138196,0.1584,4.471863776289762,3.472795830814234,0.17742,0.09583,0.27325,0.20474,0.15543,0.0024999999999999467,0.0016199999999999548,1207.4218,1302.4926,14.48,Thsd4_E01.xlsx,Thsd4,Female
THSD4_E01_F04_CF                          ,1174,1.616,0.68579,0.9286200000000001,0.424375,0.167,4.522352001110265,3.4725638482790764,0.18586,0.10751,0.29337,0.21349,0.16798,0.0023100000000000342,0.0015899999999999803,1227.2576,1319.9532,14.8,Thsd4_E01.xlsx,Thsd4,Female
THSD4_E01_F05_CF                          ,1176,1.69496,0.71067,0.98256,0.41928423089630434,0.1651,4.679577506905972,3.6342248386066105,0.21645,0.10968,0.32614,0.22936,0.1761,0.0024300000000000432,0.0017300000000000093,1226.6799,1320.3384,14.67,Thsd4_E01.xlsx,Thsd4,Female
THSD4_E01_F06_CF                          ,1177,1.61433,0.68118,0.93118,0.42195833565627844,0.1631,4.561302736659858,3.530574988199505,0.20367,0.09634,0.30001,0.2227,0.15928,0.0028799999999999937,0.0019700000000000273,1224.3689,1322.2642,14.66,Thsd4_E01.xlsx,Thsd4,Female
THSD4_E01_F07_CF                          ,1178,1.59936,0.67184,0.9255199999999999,0.4200680272108844,0.1633,4.53409532547555,3.5059511339545013,0.18808,0.0996,0.28768,0.2118,0.15501,0.0029799999999999827,0.0020000000000000018,1223.8553,1321.2371,14.66,Thsd4_E01.xlsx,Thsd4,Female
THSD4_E01_F08_CF                          ,1179,1.53259,0.62304,0.9074399999999999,0.4065275122505041,0.1524,4.437318937551791,3.4782525295929156,0.1749,0.08682,0.26172,0.19715,0.14553,0.0033800000000000496,0.0021099999999999453,1217.115,1318.5409,14.5,Thsd4_E01.xlsx,Thsd4,Female
TM2D3_E01_F01_CF                          ,2057,1.47405,0.62811,0.84452,0.4261117329805637,0.1561,4.346962860288652,3.361717922488919,0.16627,0.08315,0.24942,0.19251,0.14176,0.0022600000000000398,0.0014200000000000879,1173.5918,1258.905,,Tm2d3_E01.xlsx,Tm2d3,Female
TM2D3_E01_F02_CF                          ,2058,1.67908,0.70294,0.9750599999999999,0.4186459251494867,0.163,4.63914660539413,3.612362361750578,0.21286,0.10698,0.31984,0.22994,0.1705,0.0015300000000000313,0.0010799999999999699,1189.4476,1271.5513,,Tm2d3_E01.xlsx,Tm2d3,Female
TM2D3_E01_F03_CF                          ,2059,1.55787,0.66206,0.89446,0.42497769390257206,0.157,4.47747716143225,3.482774417672117,0.18445,0.09346,0.27791,0.2054,0.1572,0.0020299999999999763,0.0013500000000000734,1183.6702,1267.7638,,Tm2d3_E01.xlsx,Tm2d3,Female
TM2D3_E01_F04_CF                          ,2060,1.62914,0.70608,0.92166,0.43340658261414,0.1683,4.555210052253861,3.495823527829409,0.19841,0.10599,0.30441,0.22481,0.16786,0.0019700000000000273,0.0013999999999999568,1192.9783,1275.9806,,Tm2d3_E01.xlsx,Tm2d3,Female
TM2D3_E01_F05_CF                          ,2062,1.73291,0.7363,0.9947699999999999,0.42489223329543946,0.1694,4.7012460425813964,3.631876704481889,0.2124,0.12435,0.33675,0.23311,0.18947,0.0024999999999999467,0.0018400000000000638,1241.4445,1335.9374,,Tm2d3_E01.xlsx,Tm2d3,Female
TM2D3_E01_F06_CF                          ,2063,1.44999,0.62545,0.8229099999999999,0.43134780239863724,0.1577,4.307449862207601,3.314280659957461,0.1606,0.08256,0.24316,0.18882,0.14165,0.0026000000000000467,0.0016300000000000203,1228.3489,1324.7677,,Tm2d3_E01.xlsx,Tm2d3,Female
TM2D3_E01_F07_CF                          ,2064,1.42972,0.63522,0.7930500000000001,0.4442967853845508,0.1624,4.296549931639502,3.268265174485589,0.1637,0.08027,0.24397,0.19009,0.13867,0.0022799999999999487,0.0014499999999999513,1240.6099,1336.4509,,Tm2d3_E01.xlsx,Tm2d3,Female
TM2D3_E01_F08_CF                          ,2065,1.62367,0.67188,0.9504199999999999,0.4138032974680816,0.1603,4.5688629065765864,3.5572285904866994,0.19669,0.10052,0.2972,0.21162,0.16093,0.0020400000000000418,0.0013699999999999823,1226.5515,1319.9532,,Tm2d3_E01.xlsx,Tm2d3,Female
TMCO1_E01_F01_CF                          ,2173,1.6767,0.68758,0.98787,0.41007932247867834,0.1605,4.653473486698719,3.640305629098838,0.20497,0.10718,0.31214,0.21785,0.17472,0.0018099999999999783,0.0012500000000000844,1170.0612,1256.4015,14.75,Tmco1_E01.xlsx,Tmco1,Female
TMCO1_E01_F02_CF                          ,2174,1.48898,0.62409,0.86398,0.41913927655173344,0.1567,4.376332131513671,3.384944574039622,0.16306,0.08788,0.25095,0.18548,0.14817,0.0014600000000000168,0.0009099999999999664,1185.6602,1271.8722,14.29,Tmco1_E01.xlsx,Tmco1,Female
TMCO1_E01_F03_CF                          ,2175,1.56066,0.67702,0.88242,0.43380364717491315,0.1646,4.463092677762744,3.4226259920762625,0.17782,0.10129,0.27912,0.19929,0.16042,0.0018099999999999783,0.0012199999999999989,1177.8927,1259.8679,14.48,Tmco1_E01.xlsx,Tmco1,Female
TMCO1_E01_F04_CF                          ,2176,1.49306,0.65687,0.83484,0.43994882991976203,0.1631,4.370871992455565,3.343074988199505,0.17251,0.08821,0.26072,0.20112,0.15186,0.0020400000000000418,0.0013500000000000734,1182.0011,1264.8751,14.54,Tmco1_E01.xlsx,Tmco1,Female
TMCO1_E01_F05_CF                          ,2178,1.56596,0.68881,0.87569,0.4398643643515799,0.1699,4.4594429846631884,3.3881184081550937,0.18423,0.10013,0.28437,0.21176,0.15548,0.0021200000000000108,0.0014600000000000168,1219.6185,1309.6823,14.58,Tmco1_E01.xlsx,Tmco1,Female
TMCO1_E01_F06_CF                          ,2179,1.49798,0.64062,0.8559200000000001,0.4276559099587444,0.1633,4.391725935516261,3.3664422053830725,0.17415,0.08568,0.25983,0.19764,0.13954,0.0022400000000000198,0.0014399999999999968,1213.8412,1310.9019,14.21,Tmco1_E01.xlsx,Tmco1,Female
TMCO1_E01_F07_CF                          ,2180,1.48384,0.62398,0.8586100000000001,0.4205170368772913,0.1547,4.34409817208362,3.371138473632516,0.15776,0.08832,0.24607,0.1861,0.14311,0.0020000000000000018,0.0012499999999999734,1218.6556,1317.2571,14.4,Tmco1_E01.xlsx,Tmco1,Female
TMCO1_E01_F08_CF                          ,2181,1.58722,0.66696,0.9183700000000001,0.4202063986088885,0.1611,4.501658971230547,3.4827287092209698,0.18636,0.09838,0.28474,0.20583,0.16007,0.0028200000000000447,0.0018899999999999473,1222.6998,1317.7064,14.5,Tmco1_E01.xlsx,Tmco1,Female
TNNC1_E01_F01_CF                          ,1088,1.66854,0.73367,0.9332299999999999,0.4397077684682417,0.1779,4.594579044422624,3.47180263121209,0.19647,0.12058,0.31705,0.22069,0.18293,0.0022199999999999998,0.0016399999999999748,1257.2361,1351.3439,14.82,Tnnc1_E01.xlsx,Tnnc1,Female
TNNC1_E01_F02_CF                          ,1089,1.62139,0.70969,0.9099200000000001,0.43770468548591024,0.1716,4.559790329235726,3.4770857363582772,0.20674,0.10168,0.30841,0.22761,0.16699,0.0025100000000000122,0.0017800000000000038,1260.9592,1358.4052,14.3,Tnnc1_E01.xlsx,Tnnc1,Female
TNNC1_E01_F03_CF                          ,1090,1.34158,0.62949,0.71064,0.4692154027340896,0.1702,4.116184964378213,3.041193787501874,0.13746,0.0794,0.21687,0.17165,0.13786,0.0022999999999999687,0.0014499999999999513,1256.4657,1355.1312,14.32,Tnnc1_E01.xlsx,Tnnc1,Female
TNNC1_E01_F04_CF                          ,1091,1.61558,0.69184,0.92226,0.42823010931058814,0.1636,4.515895222170591,3.481571156158424,0.18679,0.10779,0.29458,0.2154,0.17282,0.0021400000000000308,0.0014800000000000368,1238.5557,1329.0045,14.67,Tnnc1_E01.xlsx,Tnnc1,Female
TNNC1_E01_F05_CF                          ,1093,1.52787,0.66006,0.8660500000000001,0.4320131948398751,0.1642,4.437770222170591,3.4004451291376987,0.18134,0.0901,0.27144,0.20415,0.14981,0.002650000000000041,0.0017599999999999838,1241.2518,1336.7078,14.37,Tnnc1_E01.xlsx,Tnnc1,Female
TNNC1_E01_F06_CF                          ,1094,1.5114,0.64277,0.86687,0.42528119624189487,0.1574,4.409152927840466,3.415669566324966,0.16884,0.09029,0.25912,0.19286,0.15055,0.00273000000000001,0.0017600000000000948,1240.8025,1339.8531,14.62,Tnnc1_E01.xlsx,Tnnc1,Female
TNNC1_E01_F07_CF                          ,1095,1.44612,0.65474,0.78949,0.45275634110585566,0.1669,4.302457128499236,3.2479896146872917,0.16785,0.08374,0.25159,0.19881,0.14758,0.0028799999999999937,0.0018900000000000583,1252.9993,1347.4922,14.75,Tnnc1_E01.xlsx,Tnnc1,Female
TNNC1_E01_F08_CF                          ,1096,1.49,0.68273,0.8052199999999999,0.45820805369127515,0.1736,4.371595954705748,3.2777221939082404,0.17609,0.0906,0.26669,0.20233,0.15195,0.0029799999999999827,0.0020500000000001073,1261.2803,1357.3781,14.85,Tnnc1_E01.xlsx,Tnnc1,Female
TWIST2_E01_F01_CF                         ,5214,1.73928,0.72773,1.01025,0.41840876684605127,0.1677,4.752754695111005,3.695811161992992,0.23266,0.11336,0.34602,0.24177,0.17937,0.0017899999999999583,0.0012999999999999678,1207.3575,1293.1844,15.4,Twist2_E01.xlsx,Twist2,Female
TWIST2_E01_F02_CF                         ,5215,1.6728,0.71708,0.95418,0.42867049258727885,0.1703,4.6273084238471265,3.5525983782365147,0.21028,0.11137,0.32165,0.22632,0.17433,0.0021400000000000308,0.0015399999999999858,1221.2234,1311.0945,14.64,Twist2_E01.xlsx,Twist2,Female
TWIST2_E01_F03_CF                         ,5216,1.59395,0.65898,0.93375,0.41342576617836196,0.1575,4.50837997416726,3.5118955856310357,0.18366,0.10032,0.28398,0.20729,0.16301,0.0018599999999999728,0.0012199999999999989,1204.854,1294.8535,14.41,Twist2_E01.xlsx,Twist2,Female
TWIST2_E01_F04_CF                         ,5217,1.58956,0.69714,0.8911600000000001,0.4385741966330305,0.1671,4.5057887501313605,3.45104433187086,0.19328,0.10091,0.29419,0.22158,0.16474,0.0017899999999999583,0.0012600000000000389,1208.3206,1293.698,14.59,Twist2_E01.xlsx,Twist2,Female
TWIST2_E01_F05_CF                         ,5219,1.5741,0.70245,0.86999,0.44625500285877645,0.1709,4.536212263602862,3.4552893155015045,0.20478,0.09427,0.29905,0.22067,0.16126,0.0023600000000000287,0.0016599999999999948,1241.1234,1331.7006,14.27,Twist2_E01.xlsx,Twist2,Female
TWIST2_E01_F06_CF                         ,5220,1.45195,0.67438,0.7761300000000001,0.4644650297875271,0.1753,4.329995606217592,3.2221582721114235,0.17617,0.08359,0.25977,0.20622,0.14585,0.0021200000000000108,0.0014399999999999968,1249.918,1340.9445,13.99,Twist2_E01.xlsx,Twist2,Female
TWIST2_E01_F07_CF                         ,5221,1.61271,0.69674,0.9143000000000001,0.43203055726075984,0.1674,4.595458906498865,3.5393875683604974,0.21323,0.09549,0.30872,0.22609,0.16106,0.0023999999999999577,0.0016699999999999493,1234.319,1325.7306,14.59,Twist2_E01.xlsx,Twist2,Female
TWIST2_E01_F08_CF                         ,5222,1.65935,0.72738,0.9301000000000001,0.43835236689064994,0.1743,4.613581059890796,3.509898079050728,0.21786,0.10654,0.3244,0.23821,0.17531,0.0025600000000000067,0.0018699999999999273,1253.3202,1344.9246,14.48,Twist2_E01.xlsx,Twist2,Female
XYLT1_E01_F01_CF                          ,260,1.6263,0.70189,0.9228100000000001,0.4315870380618582,0.1661,4.553812849559562,3.503293067381592,0.19183,0.10896,0.30079,0.2163,0.17631,0.0022799999999999487,0.0015999999999999348,1257.4928,1356.4152,14.96,Xylt1_E01.xlsx,Xylt1,Female
XYLT1_E01_F02_CF                          ,261,1.52384,0.60355,0.9191800000000001,0.3960717660646787,0.1466,4.39029069146741,3.4652237669837365,0.15759,0.09096,0.24855,0.1833,0.14644,0.0018399999999999528,0.0011099999999999444,1245.6169,1353.8474,14.19,Xylt1_E01.xlsx,Xylt1,Female
XYLT1_E01_F03_CF                          ,262,1.46935,0.65912,0.8086099999999999,0.4485793037737776,0.1666,4.321215267518481,3.272369592483369,0.1609,0.09144,0.25234,0.19058,0.15379,0.002449999999999952,0.0016199999999999548,1266.9293,1367.1997,14.24,Xylt1_E01.xlsx,Xylt1,Female
XYLT1_E01_F04_CF                          ,263,1.58937,0.67077,0.91694,0.42203514600124575,0.1651,4.5278248206198874,3.485229302892325,0.19037,0.09755,0.28792,0.20451,0.15792,0.0024800000000000377,0.0016599999999999948,1246.1305,1346.8503,14.19,Xylt1_E01.xlsx,Xylt1,Female
XYLT1_E01_F05_CF                          ,265,1.4264,0.6242,0.8008499999999998,0.43760515984296133,0.1603,4.259537527229806,3.246402697629556,0.15307,0.08271,0.23579,0.18298,0.13598,0.0021700000000000053,0.0013500000000000734,1245.938,1343.0629,14.35,Xylt1_E01.xlsx,Xylt1,Female
XYLT1_E01_F06_CF                          ,266,1.50982,0.64884,0.8593799999999999,0.42974659230901696,0.1625,4.3795897154348395,3.354446550934516,0.16525,0.09384,0.25909,0.19514,0.15441,0.0024600000000000177,0.0016000000000000458,1241.5728,1342.6777,14.56,Xylt1_E01.xlsx,Xylt1,Female
XYLT1_E01_F07_CF                          ,267,1.48389,0.61715,0.8646299999999999,0.41590010041175557,0.1551,4.389650479022923,3.407828265142509,0.16104,0.08529,0.24633,0.18468,0.1429,0.003410000000000024,0.0021100000000000563,1225.4602,1328.8119,14.3,Xylt1_E01.xlsx,Xylt1,Female
XYLT1_E01_F08_CF                          ,268,1.35947,0.57719,0.7807799999999999,0.42456986914017963,0.1514,4.146892262857121,3.1923316222465052,0.13274,0.0753,0.20804,0.16827,0.13034,0.002589999999999981,0.0015000000000000568,1237.015,1342.2284,14.05,Xylt1_E01.xlsx,Xylt1,Female
ZFP706_E01_F01_CF                         ,2453,1.68594,0.70361,0.98138,0.41733988160907265,0.1665,4.644669360172071,3.5929962517487284,0.21363,0.10812,0.32175,0.23206,0.1662,0.0013400000000000079,0.0009500000000000064,1174.7472,1252.9993,14.69,Zfp706_E01.xlsx,Zfp706,Female
ZFP706_E01_F02_CF                         ,2454,1.45199,0.60574,0.8451399999999999,0.4171791816748049,0.1542,4.31037215277755,3.3358789128164537,0.15689,0.0807,0.23758,0.18526,0.12968,0.0018200000000000438,0.0011100000000000554,1163.3208,1248.9551,14.24,Zfp706_E01.xlsx,Zfp706,Female
ZFP706_E01_F03_CF                         ,2455,1.44514,0.61283,0.83098,0.42406272056686545,0.1559,4.302948321676514,3.3149132053053507,0.15814,0.08058,0.23873,0.18425,0.1356,0.0021700000000000053,0.0013300000000000534,1159.3408,1242.5999,14.38,Zfp706_E01.xlsx,Zfp706,Female
ZFP706_E01_F04_CF                         ,2456,1.54964,0.61929,0.9291599999999999,0.39963475387832015,0.1512,4.449455157633213,3.4954152979200805,0.1652,0.0945,0.2597,0.18914,0.14825,0.0019099999999999673,0.0011900000000000244,1143.4208,1225.0751,14.78,Zfp706_E01.xlsx,Zfp706,Female
ZFP706_E01_F05_CF                         ,2458,1.58283,0.65264,0.9288599999999999,0.41232476008162594,0.1561,4.4459790581661505,3.463280422488919,0.16975,0.10357,0.27332,0.20133,0.1665,0.0020299999999999763,0.0013300000000000534,1213.7128,1309.2329,14.54,Zfp706_E01.xlsx,Zfp706,Female
ZFP706_E01_F06_CF                         ,2459,1.50281,0.65422,0.8468,0.43533114631922865,0.1624,4.376241501149125,3.350296424485589,0.1734,0.08884,0.26225,0.20244,0.14964,0.0027199999999999447,0.0017899999999999583,1240.8025,1340.11,14.4,Zfp706_E01.xlsx,Zfp706,Female
ZFP706_E01_F07_CF                         ,2460,1.66902,0.6949,0.9724999999999999,0.41635211081952284,0.1658,4.608777254008118,3.561713223749098,0.19884,0.1098,0.30864,0.22059,0.1746,0.0023199999999999887,0.0016200000000000658,1216.0237,1305.3812,15.1,Zfp706_E01.xlsx,Zfp706,Female
ZFP706_E01_F08_CF                         ,2461,1.63701,0.71243,0.92312,0.4352019841051673,0.1724,4.551944801236096,3.463411747949691,0.19431,0.11186,0.30617,0.22044,0.16993,0.0020400000000000418,0.0014600000000000168,1237.0792,1328.2341,15.01,Zfp706_E01.xlsx,Zfp706,Female
