Sample_Name,Sample Number,BV/TV,Tb.Th,Tb.N,Tb.Sp,Conn.D,App.D,Tiss.D,TV,BV,SMI,BS,BS/BV,BS/TV,BS/MV,DA,exp_name,gene_symbol
AAA_E01_F02_CF,1101.0,6.41,55.1,3.6688,274.2,16.8676,77.2953,754.679,1.7489,0.112,3.8465,4.8275,51.9542,2.760306478357825,2.949172215773719,1.5717,AAA_E01_CF.xlsx,AAA
AAA_E01_F03_CF,1102.0,6.38,45.699999999999996,4.0077,248.5,17.0699,80.7698,657.88,1.611,0.1028,3.605,5.0661,62.5157,3.144692737430167,3.3590372629624716,1.3979,AAA_E01_CF.xlsx,AAA
AAA_E01_F04_CF,1103.0,8.83,56.5,3.6841,266.40000000000003,32.5833,93.8338,699.712,1.7033,0.1504,3.3025,6.2971,48.979,3.696999941290436,4.055058278060404,1.4676,AAA_E01_CF.xlsx,AAA
AAA_E01_F05_CF,1104.0,5.949999999999999,57.5,3.2993,305,11.9417,72.9869,744.464,1.6329,0.0971,3.8847,4.1415,51.1116,2.536285136873048,2.696640187524417,1.335,AAA_E01_CF.xlsx,AAA
AAA_E01_F06_CF,1106.0,7.41,50.1,3.9654,254.4,29.2727,87.0933,686.787,1.8106,0.1341,3.5406,6.3474,58.1178,3.5056887219706176,3.786101998210558,1.3312,AAA_E01_CF.xlsx,AAA
AAA_E01_F07_CF,1107.0,7.13,55.4,3.6796,271,16.5084,83.9663,715.417,1.7264,0.1231,3.7767,5.2318,52.0072,3.0304680259499537,3.263144763924406,1.3796,AAA_E01_CF.xlsx,AAA
AAA_E02_F02_CF,1053.0,8.36,52.2,3.6408,276.6,29.7618,94.0423,704.09,1.5288,0.1278,3.306,5.5532,51.7716,3.632391418105704,3.9637401855817274,1.3948,AAA_E02_CF.xlsx,AAA
AAA_E02_F03_CF,1054.0,7.79,49.7,3.8043,263.6,30.192,87.7882,695.335,1.7554,0.1368,3.3582,6.0801,53.5385,3.4636550074057193,3.7563944149264796,1.5562,AAA_E02_CF.xlsx,AAA
AAA_E02_F04_CF,1055.0,5.510000000000001,48.5,3.4999,288.3,15.4338,73.8208,724.659,1.6846,0.0928,4.0633,4.228,58.8599,2.509794609996438,2.656112576956904,1.2888,AAA_E02_CF.xlsx,AAA
AAA_E02_F05_CF,1057.0,6.59,46.5,3.8961,256.90000000000003,27.6719,81.2562,664.342,1.7527,0.1155,3.2825,5.8385,62.6323,3.331146231528499,3.5661495235768386,1.4438,AAA_E02_CF.xlsx,AAA
AAA_E03_F01_CF,994.0,7.3,51.5,3.6677,273.1,24.768,79.7969,695.821,1.7563,0.1282,3.5196,5.6857,53.6147,3.2373170870580195,3.492230206989743,1.3716,AAA_E03_CF.xlsx,AAA_E03_CF.xlsx
AAA_E03_F02_CF,995.0,6.819999999999999,52.1,3.5031,282.9,19.504,80.7003,684.981,1.692,0.1154,3.6375,5.1044,53.2856,3.0167848699763593,3.2375998985157937,1.3812,AAA_E03_CF.xlsx,AAA_E03_CF.xlsx
AAA_E03_F03_CF,996.0,5.24,48.800000000000004,3.4329,289.9,10.7796,66.2465,721.601,1.7162,0.0899,3.8874,4.1801,59.0818,2.435671833119683,2.5703129803849234,1.3708,AAA_E03_CF.xlsx,AAA_E03_CF.xlsx
AAA_E03_F05_CF,998.0,6.4,52.2,3.4456,284.9,16.2414,80.7003,727.995,1.724,0.1103,3.7721,5.0676,56.369,2.939443155452436,3.1403606618330544,1.308,AAA_E03_CF.xlsx,AAA_E03_CF.xlsx
AAA_E03_F06_CF,999.0,9.229999999999999,52,4.0702,245.29999999999998,42.3093,97.7252,686.648,1.8554,0.1712,3.1989,7.8179,53.6353,4.2135927562789695,4.641907136919606,1.4558,AAA_E03_CF.xlsx,AAA_E03_CF.xlsx
AAA_E03_F07_CF,1000.0,7.37,47.6,4.0519,245.60000000000002,34.7592,88.761,668.929,1.683,0.124,3.5424,5.9546,60.306,3.538086749851456,3.8194996792815905,1.3924,AAA_E03_CF.xlsx,AAA_E03_CF.xlsx
AAA_E03_F08_CF,1001.0,6.9,50.9,3.5506,281.9,29.7521,82.9239,712.29,1.815,0.1252,3.4286,5.6776,54.5119,3.128154269972452,3.359924251390697,1.5217,AAA_E03_CF.xlsx,AAA_E03_CF.xlsx
AAA_E04_F01_CF,1013.0,7.39,53.5,3.5753,276.7,20.7408,85.4951,711.456,1.808,0.1336,3.5057,5.904,52.6863,3.265486725663717,3.526039178213091,1.4659,AAA_E04_CF.xlsx,AAA_E04_CF.xlsx
AAA_E04_F02_CF,1014.0,10.09,54.1,3.8673,257,44.1562,103.9098,681.159,1.8231,0.1839,3.2367,7.7961,49.5526,4.276287641928583,4.75603953147877,1.5364,AAA_E04_CF.xlsx,AAA_E04_CF.xlsx
AAA_E04_F03_CF,1015.0,7.090000000000001,50.2,3.6198,279.4,26.3673,83.2714,721.949,1.7256,0.1223,3.3424,5.4509,53.4034,3.1588433008808527,3.3998004116509697,1.4264,AAA_E04_CF.xlsx,AAA_E04_CF.xlsx
AAA_E04_F04_CF,1016.0,11.23,58.5,3.9821,246.9,35.8272,108.0096,730.01,1.8282,0.2053,3.0577,8.0719,44.6194,4.415217153484301,4.973750693203524,1.5774,AAA_E04_CF.xlsx,AAA_E04_CF.xlsx
AAA_E04_F05_CF,1018.0,7.920000000000001,53.8,3.8159,263,27.4257,88.1357,722.713,1.7502,0.1386,3.5634,6.0554,52.1084,3.4598331619243514,3.757383966244726,1.4133,AAA_E04_CF.xlsx,AAA_E04_CF.xlsx
AAA_E04_F06_CF,1019.0,6.32,53.6,3.5669,280.9,13.705,77.2258,679.769,1.7512,0.1107,3.8565,5.0831,57.9142,2.902638190954774,3.0985065528802194,1.3526,AAA_E04_CF.xlsx,AAA_E04_CF.xlsx
AAA_E04_F07_CF,1020.0,10.56,54.199999999999996,4.1181,238.7,45.1369,110.6502,686.926,1.7945,0.1894,3.3332,7.9777,49.6218,4.445639453886876,4.970219923992275,1.5158,AAA_E04_CF.xlsx,AAA_E04_CF.xlsx
AAA_E04_F08_CF,1021.0,4.81,46.300000000000004,3.381,294.09999999999997,6.5452,67.2193,668.234,1.6806,0.0809,3.9587,3.8432,62.3103,2.2868023325002973,2.4024504594611487,1.2571,AAA_E04_CF.xlsx,AAA_E04_CF.xlsx
AAA_E05_F01_CF,1033.0,4.8500000000000005,49.099999999999994,3.4309,291.6,14.1579,65.8295,691.999,1.6952,0.0823,3.8386,3.8398,59.393,2.2651014629542234,2.3806807613615226,1.4341,AAA_E05_CF.xlsx,AAA_E05_CF.xlsx
AAA_E05_F02_CF,1034.0,7.82,51.1,3.8835,257.1,27.9074,90.2898,692.833,1.72,0.1345,3.6631,5.9759,54.2738,3.474360465116279,3.7690949227373074,1.4612,AAA_E05_CF.xlsx,AAA_E05_CF.xlsx
AAA_E05_F03_CF,1035.0,8.15,52.6,3.8139,265.2,18.9676,91.4016,695.821,1.7662,0.1439,3.3113,6.1807,50.4257,3.499433812705243,3.80983788448499,1.518,AAA_E05_CF.xlsx,AAA_E05_CF.xlsx
AAA_E05_F04_CF,1036.0,6.859999999999999,54.199999999999996,3.4716,287.4,23.1599,76.5309,700.129,1.8782,0.1288,3.5964,5.4248,50.0284,2.8882973059312107,3.100948896764605,1.449,AAA_E05_CF.xlsx,AAA_E05_CF.xlsx
AAA_E05_F05_CF,1038.0,5.88,53.400000000000006,3.6628,271.7,13.3726,75.836,729.106,1.7199,0.1012,3.8218,4.5189,54.4773,2.6274201988487706,2.7916846852412434,1.4392,AAA_E05_CF.xlsx,AAA_E05_CF.xlsx
AAA_E05_F06_CF,1039.0,12.58,66.3,3.8245,258.1,51.3547,121.2126,758.014,1.9375,0.2438,3.0299,9.1182,41.7491,4.7061677419354835,5.383598039794532,1.5108,AAA_E05_CF.xlsx,AAA_E05_CF.xlsx
AAA_E05_F07_CF,1040.0,6.02,51,3.5902,278.6,18.9343,78.5461,731.678,1.7165,0.1034,3.7874,4.8115,58.3402,2.80308767841538,2.9827661025354906,1.3341,AAA_E05_CF.xlsx,AAA_E05_CF.xlsx
AAA_E05_F08_CF,1041.0,6.909999999999999,57.2,3.6104,280.1,14.0586,82.9239,741.753,1.8494,0.1277,3.9148,5.4791,50.9618,2.9626365307667353,3.1823778823256084,1.4033,AAA_E05_CF.xlsx,AAA_E05_CF.xlsx
AAA_E06_F01_CF,1062.0,4.95,48.2,3.3089,303,15,68.6091,721.324,1.6,0.0793,3.8161,3.7308,60.1909,2.33175,2.4533438548037085,1.375,AAA_E06_CF.xlsx,AAA_E06_CF.xlsx
AAA_E06_F02_CF,1063.0,4.67,42.3,3.5523,284.7,15.1792,66.2465,639.882,1.6799,0.0784,3.7486,3.9767,66.9837,2.367224239538068,2.483109584764284,1.3828,AAA_E06_CF.xlsx,AAA_E06_CF.xlsx
AAA_E06_F03_CF,1064.0,6.569999999999999,51.9,3.5563,279.8,21.7775,77.0868,725.84,1.6301,0.107,3.6593,4.6801,54.0679,2.8710508557757195,3.0727463725297093,1.4888,AAA_E06_CF.xlsx,AAA_E06_CF.xlsx
AAA_E06_F04_CF,1065.0,5.84,53,3.5947,283,20.0181,75.0021,698.184,1.6485,0.0962,3.7694,4.1152,52.2037,2.4963299969669395,2.6510339496231397,1.438,AAA_E06_CF.xlsx,AAA_E06_CF.xlsx
AAA_E06_F05_CF,1067.0,4.03,48.2,3.1694,318.40000000000003,10.9477,54.8502,712.429,1.6442,0.0663,3.8394,2.997,58.601,1.8227709524388758,1.8993599087394637,1.5157,AAA_E06_CF.xlsx,AAA_E06_CF.xlsx
AAA_E06_F06_CF,1068.0,6.38,52.900000000000006,3.4635,292.9,15.778,75.836,694.153,1.5845,0.101,3.7383,4.3427,52.6096,2.7407384032817923,2.927334007414897,1.4097,AAA_E06_CF.xlsx,AAA_E06_CF.xlsx
AAA_E06_F07_CF,1069.0,6.08,58.9,3.6189,277.3,8.4499,78.1292,732.72,1.5385,0.0935,4.392,3.7951,50.3609,2.466753331166721,2.6263667820069205,1.4433,AAA_E06_CF.xlsx,AAA_E06_CF.xlsx
AAA_E06_F08_CF,1070.0,6.75,57.7,3.4146,290.3,16.9384,80.8392,743.074,1.6531,0.1116,3.8431,4.5235,48.7272,2.736374085052326,2.934479403178722,1.4398,AAA_E06_CF.xlsx,AAA_E06_CF.xlsx
AAA_E08_F01_CF,1518.0,7.590673575129533,51.6,3.6818,270.9,29.275,86.7458,686.023,1.93,0.1465,3.4826,6.3786,52.2729,3.3049740932642484,3.5764507989907486,1.3566,AAA_E08_CF.xlsx,AAA_E08_CF.xlsx
AAA_E08_F02_CF,1519.0,7.735929809544191,57.8,3.3048,303.09999999999997,28.087,90.0119,735.291,1.8692,0.1446,3.4265,5.7079,45.8062,3.0536593194949715,3.3096950017395343,1.614,AAA_E08_CF.xlsx,AAA_E08_CF.xlsx
AAA_E08_F03_CF,1520.0,6.08087747845477,43.9,3.7175,267.29999999999995,18.3814,86.9543,721.254,1.6593,0.1009,3.5789,5.3183,68.7419,3.20514674862894,3.4126668377823406,1.3043,AAA_E08_CF.xlsx,AAA_E08_CF.xlsx
AAA_E08_F04_CF,1521.0,4.341681270846289,42.5,3.4591,291.4,11.5892,70.2074,680.186,1.7689,0.0768,3.7346,4.0671,70.5415,2.299225507377466,2.403581348620058,1.2285,AAA_E08_CF.xlsx,AAA_E08_CF.xlsx
AAA_E08_F05_CF,1523.0,6.051823082719842,49.3,3.5566,278.9,18.5498,78.8935,692.763,1.7251,0.1044,3.463,4.92,57.4369,2.852008579212799,3.035725303881039,1.5045,AAA_E08_CF.xlsx,AAA_E08_CF.xlsx
AAA_E08_F06_CF,1524.0,5.743283582089552,46.6,3.6631,269,15.2239,79.6579,700.338,1.675,0.0962,3.7252,4.6639,61.7844,2.784417910447761,2.954079047377755,1.3369,AAA_E08_CF.xlsx,AAA_E08_CF.xlsx
AAA_E08_F07_CF,1525.0,5.116491548652352,47.1,3.4971,291.2,16.2744,77.1563,718.266,1.7512,0.0896,3.8366,4.3087,62.1654,2.4604271356783918,2.5931030332209914,1.4386,AAA_E08_CF.xlsx,AAA_E08_CF.xlsx
AAA_E09_F01_CF,1760.0,8.920683061910728,55.199999999999996,3.8109,263.29999999999995,34.2839,102.4505,707.009,1.5167,0.1353,3.5679,5.5862,48.8644,3.6831278433441024,4.043868539163168,1.4753,AAA_E09_CF.xlsx,AAA_E09_CF.xlsx
AAA_E09_F02_CF,1761.0,6.6124308493329,49.3,3.8187,265.90000000000003,27.6602,90.1508,682.201,1.5365,0.1016,3.537,4.8064,58.5232,3.1281483891962254,3.3496410899714264,1.2547,AAA_E09_CF.xlsx,AAA_E09_CF.xlsx
AAA_E09_F03_CF,1762.0,5.2012692092328745,46.4,3.7718,266.40000000000003,16.7982,82.8544,702.978,1.6073,0.0836,3.684,4.2521,66.0499,2.6454924407391283,2.790641202336418,1.2745,AAA_E09_CF.xlsx,AAA_E09_CF.xlsx
AAA_E09_F04_CF,1763.0,6.494400300319089,48.599999999999994,3.9189,254.7,16.5796,88.6221,690.818,1.5983,0.1038,3.7532,5.0153,60.7749,3.1378965150472373,3.3558380729340915,1.4391,AAA_E09_CF.xlsx,AAA_E09_CF.xlsx
AAA_E09_F05_CF,1765.0,6.109582760201743,45.6,3.7872,266.2,24.6442,83.9663,698.739,1.7448,0.1066,3.6515,5.3914,64.9877,3.0899816597890877,3.2910511537052867,1.3008,AAA_E09_CF.xlsx,AAA_E09_CF.xlsx
AAA_E09_F06_CF,1766.0,6.3818408699269105,52.900000000000006,3.6174,279.1,17.529,86.1205,737.098,1.6829,0.1074,3.9293,4.6249,53.4333,2.7481727969576326,2.9355125357029515,1.4201,AAA_E09_CF.xlsx,AAA_E09_CF.xlsx
AAA_E09_F07_CF,1767.0,4.979175731957482,45.5,3.5865,294.20000000000005,12.4325,75.4886,678.449,1.6087,0.0801,3.7618,4.0239,65.8175,2.501336482874371,2.632408740023551,1.2306,AAA_E09_CF.xlsx,AAA_E09_CF.xlsx
AAA_E09_F08_CF,1768.0,6.420866388904743,50.4,3.4985,282.5,24.2563,81.1172,674.557,1.7521,0.1125,3.5273,5.129,55.278,2.927344329661549,3.128202000487924,1.4267,AAA_E09_CF.xlsx,AAA_E09_CF.xlsx
AAA_E11_F01_CF,2732.0,7.30505734739435,46.199999999999996,4.015,249.1,26.171,105.1772,790.161,1.2991,0.0949,3.6167,4.6672,62.5329,3.5926410591948277,3.8757681448264414,1.3056,AAA_E11_CF.xlsx,AAA_E11_CF.xlsx
AAA_E11_F02_CF,2733.0,8.181687920905574,48.9,3.8709,258,40.1212,106.035,783.727,1.3958,0.1142,3.4444,5.0982,54.382,3.652529015618284,3.9779962546816487,1.2943,AAA_E11_CF.xlsx,AAA_E11_CF.xlsx
AAA_E11_F03_CF,2734.0,7.524796778283243,46.699999999999996,3.862,256.6,47.7292,103.1755,796.237,1.3409,0.1009,3.3512,4.9853,60.7573,3.717876053396972,4.020403225806452,1.2852,AAA_E11_CF.xlsx,AAA_E11_CF.xlsx
AAA_E11_F04_CF,2735.0,5.663607724969182,46.6,3.6918,271.8,19.5172,91.3802,789.589,1.4602,0.0827,3.9466,3.9217,60.7568,2.6857279824681553,2.846969147005445,1.3376,AAA_E11_CF.xlsx,AAA_E11_CF.xlsx
AAA_E11_F05_CF,2417.0,3.6541533546325873,45,3.3658,295.8,4.9919,67.3583,655.517,1.5024,0.0549,4.3303,2.5413,61.8201,1.6914936102236422,1.7556476683937825,1.465,AAA_E11_CF.xlsx,AAA_E11_CF.xlsx
AAA_E11_F06_CF,2418.0,4.8057848595379795,45.6,3.6569,271.1,5.4393,74.2377,629.736,1.5627,0.0751,4.013,3.5881,63.7493,2.2960901004671403,2.412005915568701,1.2285,AAA_E11_CF.xlsx,AAA_E11_CF.xlsx
AAA_E11_F07_CF,2419.0,4.583001896836566,52.3,3.0711,330.29999999999995,12.5436,70.6243,640.716,1.6343,0.0749,4.0218,3.097,52.3462,1.8950009178241447,1.9860202642041809,1.4096,AAA_E11_CF.xlsx,AAA_E11_CF.xlsx
AAA_E11_F08_CF,2420.0,6.559979678668953,51.6,3.7423,268.5,16.5107,89.8729,633.002,1.5747,0.1033,3.988,4.4733,53.9402,2.8407315679176985,3.0401658284626887,1.3942,AAA_E11_CF.xlsx,AAA_E11_CF.xlsx
AAA_E12_F01_CF,3159.0,6.177695511337344,45.6,3.9665,251.3,17.0635,83.0163,714.385,1.7288,0.1068,3.5802,5.2812,62.3914,3.0548357242017588,3.255980271270037,1.417,AAA_E12_CF.xlsx,AAA_E12_CF.xlsx
AAA_E12_F02_CF,3160.0,6.728018903121502,45.199999999999996,3.7158,268.40000000000003,39.4862,87.0196,761.066,1.6082,0.1082,3.4112,5.4976,63.5556,3.4184802885213283,3.6650666666666667,1.3771,AAA_E12_CF.xlsx,AAA_E12_CF.xlsx
AAA_E12_F03_CF,3161.0,6.501778950992769,52.5,3.7833,265.1,18.9372,87.7344,780.796,1.7426,0.1133,3.8746,4.9406,53.6324,2.835188798347297,3.032345178911189,1.4189,AAA_E12_CF.xlsx,AAA_E12_CF.xlsx
AAA_E12_F04_CF,3162.0,6.389387336580364,44.900000000000006,3.8682,255.7,29.7995,86.2332,757.706,1.5604,0.0997,3.4029,5.2307,66.3347,3.3521532940271723,3.5809543369617303,1.2563,AAA_E12_CF.xlsx,AAA_E12_CF.xlsx
AAA_E12_F05_CF,3164.0,7.739431066901194,43.5,4.0675,245,51.2521,100.459,746.626,1.6487,0.1276,3.2799,6.6249,64.4443,4.018256808394493,4.3553349549668,1.2561,AAA_E12_CF.xlsx,AAA_E12_CF.xlsx
AAA_E12_F06_CF,3165.0,7.3805241521068865,46.9,4.135,243.5,28.2639,96.0269,736.403,1.5568,0.1149,3.3758,5.6341,60.1763,3.6190262076053443,3.9074138289756575,1.4225,AAA_E12_CF.xlsx,AAA_E12_CF.xlsx
AAA_E12_F07_CF,3166.0,6.958250497017893,47.4,3.7042,266.6,44.4214,90.9514,754.561,1.6096,0.112,3.4529,5.5543,61.2933,3.45073310139165,3.708800747863248,1.2526,AAA_E12_CF.xlsx,AAA_E12_CF.xlsx
AAA_E12_F08_CF,3167.0,7.165259348612787,45.699999999999996,4.1628,242.29999999999998,36.4899,97.3851,762.639,1.658,0.1188,3.5245,5.9444,62.1362,3.5852834740651387,3.8620062370062374,1.3105,AAA_E12_CF.xlsx,AAA_E12_CF.xlsx
AAA_E13_F01_CF,3727.0,7.14972747675537,46.1,3.8724,257.2,38.7948,97.1259,760.384,1.5595,0.1115,3.4775,5.4955,61.9856,3.523885860852837,3.795234806629834,1.2622,AAA_E13_CF.xlsx,AAA_E13_CF.xlsx
AAA_E13_F02_CF,3728.0,7.597758247357024,45.400000000000006,4.2814,230.9,41.7154,100.1186,801.655,1.5702,0.1193,3.4477,5.9917,63.1665,3.8158833269647174,4.12964366944655,1.3151,AAA_E13_CF.xlsx,AAA_E13_CF.xlsx
AAA_E13_F03_CF,3729.0,6.653491436100131,45.1,4.0162,251.7,31.8394,88.9831,756.974,1.3662,0.0909,3.577,4.486,63.293,3.2835602400819788,3.5176037010899392,1.324,AAA_E13_CF.xlsx,AAA_E13_CF.xlsx
AAA_E13_F04_CF,3730.0,5.74762946754194,43.9,3.7929,265.79999999999995,26.2579,79.5179,732.615,1.371,0.0788,3.6006,3.9163,63.3101,2.8565280816921956,3.030722798328432,1.357,AAA_E13_CF.xlsx,AAA_E13_CF.xlsx
AAA_E13_F05_CF,3732.0,7.383773928896992,46.300000000000004,4.0009,252.8,43.6256,95.9428,766.718,1.5358,0.1134,3.4614,5.5506,61.2964,3.614142466466988,3.9022778402699663,1.3244,AAA_E13_CF.xlsx,AAA_E13_CF.xlsx
AAA_E15_F01_CF,3739.0,8.161793264162458,45.8,4.2371,233.9,42.1677,102.4153,758.366,1.8023,0.1471,3.2726,7.1932,59.9231,3.9911224546412916,4.345819236346061,1.4709,AAA_E15_CF.xlsx,AAA_E15_CF.xlsx
AAA_E15_F02_CF,3740.0,8.599537037037038,53.5,4.0131,250.4,45.1376,106.6607,770.963,1.728,0.1486,3.3145,6.9071,54.9278,3.997164351851852,4.373243003672281,1.3205,AAA_E15_CF.xlsx,AAA_E15_CF.xlsx
AAA_E15_F03_CF,3741.0,8.844202677097975,46,4.0948,242.79999999999998,56.2316,105.4776,697.19,1.6361,0.1447,3.1754,7.0309,59.0914,4.297353462502292,4.714295293013276,1.3516,AAA_E15_CF.xlsx,AAA_E15_CF.xlsx
AAA_E15_F04_CF,3742.0,5.510907003444317,47,3.7364,265.2,17.2219,87.3823,762.194,1.4807,0.0816,3.7056,4.1138,64.3532,2.7782805429864257,2.9403187763562295,1.2684,AAA_E15_CF.xlsx,AAA_E15_CF.xlsx
AAA_E15_F05_CF,3744.0,7.599318955732122,51.9,3.6967,269.9,29.7959,98.1699,756.974,1.762,0.1339,3.326,6.3541,56.1684,3.6061861520998866,3.9027701001167,1.282,AAA_E15_CF.xlsx,AAA_E15_CF.xlsx
AAA_E16_F01_CF,4010.0,6.18650492797574,43.3,3.9808,252.9,31.4629,91.3494,766.718,1.319,0.0816,3.4924,4.2874,68.0147,3.2504927975739197,3.4648456440924518,1.1942,AAA_E16_CF.xlsx,AAA_E16_CF.xlsx
AAA_E16_F02_CF,4011.0,7.650135484277522,49.6,4.0912,243.2,35.9187,98.7962,742.637,1.5869,0.1214,3.5509,5.8677,60.0922,3.6975864893818136,4.003889457523029,1.2428,AAA_E16_CF.xlsx,AAA_E16_CF.xlsx
AAA_E16_F03_CF,4012.0,6.259757638837262,43.2,4.127,243.7,24.9049,86.2688,718.278,1.3451,0.0842,3.7033,4.2169,65.3798,3.135008549550219,3.3443572051709096,1.3418,AAA_E16_CF.xlsx,AAA_E16_CF.xlsx
AAA_E16_F04_CF,4013.0,6.666247009945864,49.7,3.7195,271.4,28.9558,92.6717,756.487,1.5886,0.1059,3.6796,4.9738,58.4891,3.1309328968903434,3.3545558777905176,1.2729,AAA_E16_CF.xlsx,AAA_E16_CF.xlsx
AAA_E16_F05_CF,4015.0,4.572433501868542,42.3,3.4254,291.3,12.4572,74.7157,736.234,1.3647,0.0624,3.7174,3.1794,69.0646,2.3297428006155196,2.441372955540198,1.1672,AAA_E16_CF.xlsx,AAA_E16_CF.xlsx
AAA_E16_F06_CF,4016.0,3.9746132487108286,37.3,3.5916,282.6,7.9335,71.7926,667.681,1.2605,0.0501,3.7999,2.6837,76.1462,2.129075763585879,2.217200925313946,1.1941,AAA_E16_CF.xlsx,AAA_E16_CF.xlsx
AAA_E16_F07_CF,4017.0,6.392927595528604,45.900000000000006,3.7846,265.6,30.3206,91.2102,749.736,1.3687,0.0875,3.4571,4.3474,62.3849,3.1762986775772633,3.393225101467374,1.3525,AAA_E16_CF.xlsx,AAA_E16_CF.xlsx
AAA_E17_F01_CF,4620.0,8.007408990525041,41.6,4.1189,241.79999999999998,64.8268,95.6644,691.135,1.4037,0.1124,3.1529,5.7164,62.9599,4.07238013820617,4.426856656083018,1.3619,AAA_E17_CF.xlsx,AAA_E17_CF.xlsx
AAA_E17_F03_CF,4621.0,4.954177181564616,42.9,3.5433,278.6,13.2822,77.3604,727.117,1.5058,0.0746,3.8171,3.7087,66.0386,2.462943285960951,2.5913219675796535,1.2312,AAA_E17_CF.xlsx,AAA_E17_CF.xlsx
AAA_E17_F04_CF,4622.0,9.025297076620252,46.1,4.3722,226.39999999999998,51.7615,110.2797,752.311,1.3717,0.1238,3.2869,6.0511,59.7377,4.411387329591019,4.84902636429201,1.3522,AAA_E17_CF.xlsx,AAA_E17_CF.xlsx
AAA_E17_F05_CF,4623.0,9.088414843267714,51.7,4.0536,245,40.1251,110.8365,767.692,1.4579,0.1325,3.3828,5.9171,53.0511,4.058645997667878,4.464388109250038,1.4852,AAA_E17_CF.xlsx,AAA_E17_CF.xlsx
AAA_E17_F06_CF,4625.0,8.029837648091268,52.699999999999996,3.9589,251.3,29.6184,102.6241,775.695,1.3674,0.1098,3.5749,4.9246,54.5638,3.601433377212228,3.9158715012722642,1.4784,AAA_E17_CF.xlsx,AAA_E17_CF.xlsx
AAA_E17_F07_CF,4626.0,7.954179805650299,48.9,3.8799,256.2,37.0046,102.5545,760.036,1.5539,0.1236,3.4558,5.8491,57.7498,3.764141836669026,4.089421799622456,1.292,AAA_E17_CF.xlsx,AAA_E17_CF.xlsx
AAA_E17_F08_CF,4627.0,7.305638755046228,46.4,3.8713,258.1,37.1135,94.9684,777.157,1.5358,0.1122,3.5107,5.5446,61.8956,3.6102357077744496,3.894773812868783,1.3017,AAA_E17_CF.xlsx,AAA_E17_CF.xlsx
AAA_E17_F09_CF,4628.0,8.936636102367594,48.300000000000004,4.2992,232.3,53.7165,108.1222,773.886,1.4614,0.1306,3.2463,6.083,56.2087,4.162446968660189,4.570934776074542,1.4105,AAA_E17_CF.xlsx,AAA_E17_CF.xlsx
AAA_E19_F01_CF,4775.0,9.337550945921286,49.5,4.1517,240.2,50.1841,113.342,797.34,1.6439,0.1535,3.3261,6.8662,53.6382,4.176774742989233,4.606951154052603,1.4751,AAA_E19_CF.xlsx,AAA_E19_CF.xlsx
AAA_E19_F02_CF,4776.0,9.294656488549618,51.2,4.3402,227.89999999999998,44.8843,111.7413,766.439,1.6375,0.1522,3.3276,7.085,55.7742,4.326717557251908,4.77008011849458,1.447,AAA_E19_CF.xlsx,AAA_E19_CF.xlsx
AAA_E19_F03_CF,4777.0,5.070815293167975,44,3.9155,256.1,20.5481,79.0307,700.252,1.3627,0.0691,3.896,3.3567,64.9051,2.46327144639319,2.594851576994434,1.2751,AAA_E19_CF.xlsx,AAA_E19_CF.xlsx
AAA_E19_F04_CF,4778.0,5.562375326070278,40.5,3.9397,255.9,22.2503,85.5032,756.278,1.3034,0.0725,3.6518,3.7192,68.1541,2.853460181064907,3.0215289625477295,1.3036,AAA_E19_CF.xlsx,AAA_E19_CF.xlsx
AAA_E19_F05_CF,4780.0,10.583312823037163,53.199999999999996,4.12,246.10000000000002,53.3255,114.1076,727.117,1.2189,0.129,3.2173,5.2948,48.5627,4.34391664615637,4.85806037251124,1.4877,AAA_E19_CF.xlsx,AAA_E19_CF.xlsx
AAA_E19_F06_CF,4781.0,5.618957621574471,47,3.4695,288,17.8091,86.1296,764.212,1.3757,0.0773,3.8543,3.6326,61.129,2.6405466308061354,2.7977510782501542,1.326,AAA_E19_CF.xlsx,AAA_E19_CF.xlsx
AAA_E19_F07_CF,4782.0,8.96125854590899,52.900000000000006,4.2546,233.4,26.4643,108.8182,747.509,1.3603,0.1219,3.6014,5.2702,52.0617,3.874292435492171,4.255652454780361,1.5148,AAA_E19_CF.xlsx,AAA_E19_CF.xlsx
AAA_E19_F08_CF,4783.0,7.614702480400977,50,3.7632,263.5,29.8812,96.7779,754.26,1.5562,0.1185,3.4942,5.3781,54.9839,3.4559182624341345,3.7407665020518883,1.3796,AAA_E19_CF.xlsx,AAA_E19_CF.xlsx
AAA_E20_F01_CF,4867.0,9.243562231759658,55.7,4.1666,241.79999999999998,52.306,110.3493,765.465,1.864,0.1723,3.354,8.0068,54.4321,4.295493562231759,4.732990482946149,1.2357,AAA_E20_CF.xlsx,AAA_E20_CF.xlsx
AAA_E20_F02_CF,4868.0,7.339710739095774,52.900000000000006,3.7685,262.6,28.4707,96.5691,768.179,1.7562,0.1289,3.6693,5.8456,55.0666,3.3285502790115022,3.5922079518220364,1.3079,AAA_E20_CF.xlsx,AAA_E20_CF.xlsx
AAA_E20_F03_CF,4869.0,8.11717352415027,45.400000000000006,4.0047,247.4,58.978,105.6167,732.754,1.7888,0.1452,3.1279,7.3998,61.1885,4.136739713774597,4.502190313944999,1.3335,AAA_E20_CF.xlsx,AAA_E20_CF.xlsx
AAA_E20_F04_CF,4870.0,7.5482060043934585,56.4,3.5862,279.6,31.425,99.005,798.941,1.6388,0.1237,3.5609,5.4148,52.2301,3.3041249694898704,3.5738895122434156,1.3712,AAA_E20_CF.xlsx,AAA_E20_CF.xlsx
AAA_E20_F05_CF,4872.0,8.786685755189692,52.5,4.0094,250.1,43.2485,107.983,755.652,1.6764,0.1473,3.3081,6.8783,55.5145,4.103018372703413,4.498266954417632,1.2559,AAA_E20_CF.xlsx,AAA_E20_CF.xlsx
AAA_E20_F06_CF,4873.0,6.482785101753488,47.7,3.4044,283.8,15.6789,94.7596,776.67,1.5626,0.1013,3.6258,4.9803,62.2939,3.187188019966722,3.4081297474851158,1.3221,AAA_E20_CF.xlsx,AAA_E20_CF.xlsx
AAA_E20_F07_CF,4874.0,8.444958597174864,54.4,4.1001,245.10000000000002,38.6629,105.3384,786.831,1.6424,0.1387,3.4776,6.3034,54.0547,3.8379201169020942,4.1919265810999535,1.2956,AAA_E20_CF.xlsx,AAA_E20_CF.xlsx
AAA_E20_F08_CF,4875.0,11.021445942958213,57.5,3.8998,256.40000000000003,54.7195,122.4592,766.509,1.8092,0.1994,2.9672,8.2483,46.7036,4.559086889232811,5.123804199279414,1.4325,AAA_E20_CF.xlsx,AAA_E20_CF.xlsx
AAA_E21_F01_CF,4924.0,8.80959344837672,52.1,4.1664,242,38.9003,102.9025,740.619,1.7095,0.1506,3.3084,6.7049,52.0783,3.9221409768938287,4.301045609083328,1.4049,AAA_E21_CF.xlsx,AAA_E21_CF.xlsx
AAA_E21_F02_CF,4925.0,10.584783064347098,57.7,4.1468,243.60000000000002,51.8749,114.5947,760.106,1.9084,0.202,3.176,8.41,47.5959,4.406832949067281,4.928504453820909,1.4151,AAA_E21_CF.xlsx,AAA_E21_CF.xlsx
AAA_E21_F03_CF,4926.0,8.192552225249774,51.7,3.922,252,31.7892,105.2688,797.34,1.6515,0.1353,3.5354,6.0395,54.5313,3.656978504389949,3.9833135470254586,1.2947,AAA_E21_CF.xlsx,AAA_E21_CF.xlsx
AAA_E21_F04_CF,4927.0,5.590633237295409,42.7,3.6251,277,24.521,85.0856,768.666,1.6313,0.0912,3.5549,4.7776,68.0142,2.9287071660638753,3.1021362249204594,1.1546,AAA_E21_CF.xlsx,AAA_E21_CF.xlsx
AAA_E21_F05_CF,4929.0,5.0861507490082305,46.699999999999996,3.1819,313.59999999999997,17.1706,78.0564,719.113,1.6889,0.0859,3.7186,4.0511,59.3096,2.3986618509088755,2.527199001871491,1.2154,AAA_E21_CF.xlsx,AAA_E21_CF.xlsx
AAA_E21_F06_CF,4930.0,6.527465467394795,49.099999999999994,3.7066,273,22.487,93.2285,767.553,1.5565,0.1016,3.8872,4.5647,56.9799,2.932669450690652,3.1374664925424427,1.3448,AAA_E21_CF.xlsx,AAA_E21_CF.xlsx
AAA_E21_F07_CF,4931.0,7.015834348355663,53.5,3.8441,261.2,22.8383,93.4373,754.12,1.642,0.1152,3.6969,5.0277,52.723,3.061936662606578,3.292965679853288,1.2186,AAA_E21_CF.xlsx,AAA_E21_CF.xlsx
AAA_E21_F08_CF,4932.0,5.695100721213628,46.199999999999996,3.8405,258.90000000000003,18.6524,86.8952,753.077,1.6084,0.0916,3.635,4.6209,64.4454,2.872979358368565,3.0464794303797462,1.3626,AAA_E21_CF.xlsx,AAA_E21_CF.xlsx
AAA_E23_F01_CF,5134.0,6.87,45.8,3.9906,254.30000000000004,29.1193,92.8109,731.362,1.4767,0.1014,3.5131,5.0966,63.3948,3.4513442134489063,3.705809641532756,1.2538,AAA_E23_CF.xlsx,AAA_E23_CF.xlsx
AAA_E23_F02_CF,5135.0,3.64,36.900000000000006,3.6037,279.2,14.4611,67.9648,669.908,1.4522,0.0528,3.7488,2.9705,80.8665,2.0455171463985677,2.1226954409032444,1.1122,AAA_E23_CF.xlsx,AAA_E23_CF.xlsx
AAA_E23_F03_CF,5136.0,12.65,46.800000000000004,4.6936,213.4,120.2057,123.5727,674.362,1.4309,0.181,2.4988,8.5673,54.0401,5.987350618491858,6.854388351068085,1.3423,AAA_E23_CF.xlsx,AAA_E23_CF.xlsx
AAA_E23_F04_CF,5137.0,4.63,44.8,3.3027,303.5,12.3695,73.6718,718.139,1.6169,0.0749,3.7159,3.7318,64.4895,2.307996783969324,2.4201037613488974,1.232,AAA_E23_CF.xlsx,AAA_E23_CF.xlsx
AAA_E23_F05_CF,5139.0,5.99,47.4,3.6606,276,23.7361,86.3384,751.058,1.6431,0.0984,3.6941,4.7855,61.3141,2.912482502586574,3.0980125590729592,1.2503,AAA_E23_CF.xlsx,AAA_E23_CF.xlsx
AAA_E23_F06_CF,5140.0,6.660000000000001,47.7,3.8599,261.7,25.376,85.1552,740.271,1.7339,0.1154,3.5112,5.4481,57.9085,3.1421073879693178,3.366141489033055,1.2697,AAA_E23_CF.xlsx,AAA_E23_CF.xlsx
AAA_E23_F07_CF,5141.0,5.34,40.599999999999994,3.8046,264,23.8728,78.9611,738.67,1.5289,0.0816,3.4715,4.5143,72.2385,2.952645692981883,3.1191183583223943,1.1709,AAA_E23_CF.xlsx,AAA_E23_CF.xlsx
AAA_E23_F08_CF,5142.0,5.8500000000000005,44.8,3.7344,273.2,20.5777,83.2065,730.805,1.3364,0.0782,3.8069,3.6684,61.4951,2.744986530978749,2.915593705293276,1.2744,AAA_E23_CF.xlsx,AAA_E23_CF.xlsx
AAA_E26_F01_CF,5601.0,8.649999999999999,49.8,4.031,249.29999999999998,52.1171,103.0416,789.615,1.8036,0.1561,3.3071,7.4125,57.0014,4.109835883787979,4.499241274658573,1.359,AAA_E26_CF.xlsx,AAA_E26_CF.xlsx
AAA_E26_F02_CF,5602.0,8.309999999999999,51,4.0462,249.1,47.1127,97.7523,799.846,1.6981,0.1412,3.4156,6.7081,56.8686,3.950356280548849,4.308626115999743,1.3261,AAA_E26_CF.xlsx,AAA_E26_CF.xlsx
AAA_E26_F03_CF,5603.0,6.5,45.400000000000006,3.825,260,29.2361,87.0343,775.208,1.676,0.109,3.485,5.5826,64.4518,3.3309069212410503,3.562603701340141,1.2879,AAA_E26_CF.xlsx,AAA_E26_CF.xlsx
AAA_E26_F04_CF,5604.0,7.86,51.2,3.8564,260.40000000000003,43.3813,94.69,795.739,1.5905,0.125,3.4395,5.863,57.1436,3.6862621817038668,4.000682360968953,1.3811,AAA_E26_CF.xlsx,AAA_E26_CF.xlsx
AAA_E26_F05_CF,5606.0,9.28,51.7,4.1933,237.6,48.4126,106.1735,776.948,1.4046,0.1303,3.2827,5.9696,54.5945,4.250035597323081,4.684611159067724,1.4779,AAA_E26_CF.xlsx,AAA_E26_CF.xlsx
AAA_E26_F06_CF,5607.0,8.52,48,4.1695,238.1,43.962,99.4922,763.934,1.615,0.1376,3.3097,6.7443,59.7357,4.176037151702786,4.564979017192365,1.4026,AAA_E26_CF.xlsx,AAA_E26_CF.xlsx
AAA_E26_F07_CF,5608.0,8.81,47.1,4.3531,229.7,58.6687,102.0673,752.381,1.5255,0.1344,3.2292,6.7294,61.1377,4.411274991805965,4.837466752929337,1.3105,AAA_E26_CF.xlsx,AAA_E26_CF.xlsx
AAA_E26_F08_CF,5609.0,9.94,50.2,4.1881,235,62.7438,107.0783,767.901,1.4742,0.1465,3.0928,6.8846,55.0641,4.6700583367250035,5.185358138133615,1.3168,AAA_E26_CF.xlsx,AAA_E26_CF.xlsx
AAA_E27_F01_CF,6192.0,5.38,50.5,3.301,302.20000000000005,19.5661,73.1846,750.432,1.661,0.0894,3.7197,4.1734,57.9404,2.5125827814569535,2.6555103079664035,1.2278,AAA_E27_CF.xlsx,AAA_E27_CF.xlsx
AAA_E27_F02_CF,6193.0,8.540000000000001,49.9,4.1575,239.4,42.7451,95.1772,732.197,1.6961,0.1449,3.4388,6.6164,55.5999,3.9009492364836977,4.265342960288809,1.3655,AAA_E27_CF.xlsx,AAA_E27_CF.xlsx
AAA_E27_F03_CF,6194.0,8.9,54.199999999999996,4.0695,241.60000000000002,32.763,101.0233,758.853,1.5109,0.1344,3.5104,5.857,51.7721,3.8764974518498914,4.254994551398475,1.3917,AAA_E27_CF.xlsx,AAA_E27_CF.xlsx
AAA_E27_F04_CF,6195.0,6.069999999999999,49.8,3.6314,277.8,30.2287,77.7084,765.674,1.621,0.0984,3.7769,4.6752,59.1561,2.8841455891425047,3.0705372389334036,1.2617,AAA_E27_CF.xlsx,AAA_E27_CF.xlsx
AAA_E27_F05_CF,6197.0,8.18,49.8,4.1222,243.4,37.5471,94.0636,758.992,1.6779,0.1372,3.2804,6.6055,58.0647,3.9367661958400384,4.287336924774453,1.3171,AAA_E27_CF.xlsx,AAA_E27_CF.xlsx
AAA_E27_F06_CF,6198.0,5.46,48.800000000000004,3.3888,295.09999999999997,19.0095,72.9758,759.897,1.5782,0.0861,3.8587,3.9461,57.9081,2.500380179951844,2.644661885932578,1.3054,AAA_E27_CF.xlsx,AAA_E27_CF.xlsx
AAA_E27_F07_CF,6199.0,8.959999999999999,52.900000000000006,3.6625,273.4,46.3926,99.9794,766.022,1.7567,0.1574,3.2431,7.0764,52.7708,4.028234758353731,4.424685800037516,1.2956,AAA_E27_CF.xlsx,AAA_E27_CF.xlsx
AAA_E27_F09_CF,6200.0,6.43,44.699999999999996,3.8812,260.29999999999995,29.0504,82.9281,734.077,1.6695,0.1074,3.5921,5.316,62.589,3.18418688230009,3.4031111964662952,1.2251,AAA_E27_CF.xlsx,AAA_E27_CF.xlsx
AAA_E28_F01_CF,6571.0,8.04,49.9,3.8988,255.9,47.8683,96.7779,770.337,1.5772,0.1269,3.4358,6.106,58.2719,3.8714177022571645,4.210163414465972,1.3615,AAA_E28_CF.xlsx,AAA_E28_CF.xlsx
AAA_E28_F02_CF,6572.0,6.1,50.3,3.5713,286.1,22.5699,83.2761,763.934,1.3292,0.0811,3.681,3.8351,59.3165,2.885269334938309,3.0727505808829423,1.3509,AAA_E28_CF.xlsx,AAA_E28_CF.xlsx
AAA_E28_F03_CF,6573.0,6.1,42.7,3.7329,268.7,23.9498,82.3018,703.315,1.5031,0.0917,3.6057,4.8175,68.0097,3.205042911316612,3.413277596712484,1.2208,AAA_E28_CF.xlsx,AAA_E28_CF.xlsx
AAA_E28_F04_CF,6574.0,7.670000000000001,52.2,3.6003,273.9,34.8507,90.5142,778.967,1.6499,0.1266,3.3185,5.8268,54.3359,3.5316079762409847,3.8251165233374915,1.3146,AAA_E28_CF.xlsx,AAA_E28_CF.xlsx
AAA_E28_F05_CF,6576.0,6.4,47.7,3.67,272.7,24.4496,82.3714,752.102,1.636,0.1047,3.5444,5.0951,60.6474,3.1143643031784847,3.3273035982498538,1.3131,AAA_E28_CF.xlsx,AAA_E28_CF.xlsx
AAA_E28_F06_CF,6577.0,4.83,41.8,3.7017,267.5,8.5039,73.3934,797.41,1.5287,0.0738,3.6685,3.9022,70.4952,2.5526264146006414,2.6821087359956013,1.2481,AAA_E28_CF.xlsx,AAA_E28_CF.xlsx
AAA_E28_F07_CF,6578.0,6.2,47.800000000000004,3.7865,264,22.7068,82.1626,744.168,1.3872,0.086,3.5129,4.2,60.3626,3.027681660899654,3.2277897325545655,1.453,AAA_E28_CF.xlsx,AAA_E28_CF.xlsx
AAA_E28_F08_CF,6579.0,8.35,54.300000000000004,3.8487,255.5,41.8382,96.6387,766.3,1.6253,0.1357,3.2929,6.0541,52.3037,3.7249123238786686,4.064245435016112,1.3896,AAA_E28_CF.xlsx,AAA_E28_CF.xlsx
AAA_E29_F01_CF,7757.0,8.32,52.8,3.7495,267.40000000000003,37.6201,95.4556,756.696,1.6481,0.1371,3.3852,6.1639,52.7196,3.7400036405557917,4.079351422898743,1.4461,AAA_E29_CF.xlsx,AAA_E29_CF.xlsx
AAA_E29_F02_CF,7758.0,10.94,56.7,4.3676,226.3,61.9417,121.2064,780.358,1.6709,0.1828,3.178,8.0793,50.899,4.835298342210784,5.429272226328876,1.4001,AAA_E29_CF.xlsx,AAA_E29_CF.xlsx
AAA_E29_F03_CF,7759.0,7.16,45.3,3.9211,251.6,33.0984,91.6973,728.857,1.556,0.1114,3.3249,5.6332,63.2096,3.6203084832904886,3.899487747473349,1.3361,AAA_E29_CF.xlsx,AAA_E29_CF.xlsx
AAA_E29_F04_CF,7760.0,8.01,52.2,4.0145,249.20000000000002,30.953,95.038,782.934,1.6638,0.1333,3.4842,6.025,54.5903,3.6212285130424333,3.9366220189480563,1.398,AAA_E29_CF.xlsx,AAA_E29_CF.xlsx
AAA_E29_F05_CF,7762.0,7.000000000000001,45.199999999999996,3.9903,249,30.5528,88.7047,797.34,1.7183,0.1202,3.6363,5.9666,63.4053,3.472385497293837,3.7335586008384958,1.3052,AAA_E29_CF.xlsx,AAA_E29_CF.xlsx
AAA_E29_F06_CF,7763.0,6.2,42.4,3.7362,268.29999999999995,25.264,82.0234,659.886,1.6427,0.1018,3.2965,5.3916,66.4765,3.2821574237535764,3.4989940943604387,1.2808,AAA_E29_CF.xlsx,AAA_E29_CF.xlsx
AAA_E30_F01_CF,8340.0,9.48,50.7,4.1469,238.8,54.6214,105.9647,787.805,1.6843,0.1596,3.4099,7.2829,54.327,4.323992162916345,4.776611792483767,1.4682,AAA_E30_CF.xlsx,AAA_E30_CF.xlsx
AAA_E30_F02_CF,8341.0,8.97,47.800000000000004,4.2144,239.6,49.3837,98.7266,731.293,1.5896,0.1426,3.2742,6.5545,55.9806,4.123364368394565,4.529716655148584,1.2971,AAA_E30_CF.xlsx,AAA_E30_CF.xlsx
AAA_E30_F03_CF,8342.0,10.47,50.1,4.1816,236.6,69.8039,109.1662,759.479,1.6475,0.1725,2.9591,7.9344,53.5847,4.816024279210926,5.379254237288135,1.3367,AAA_E30_CF.xlsx,AAA_E30_CF.xlsx
AAA_E30_F04_CF,8343.0,8.33,50.5,4.0765,246.2,40.068,94.6204,751.963,1.6472,0.1373,3.4847,6.3781,56.5068,3.8720859640602234,4.224187032253791,1.3204,AAA_E30_CF.xlsx,AAA_E30_CF.xlsx
AAA_E30_F06_CF,8345.0,11.23,55.1,4.4111,222.1,86.8241,117.3786,794.487,1.8198,0.2044,3.1175,9.3228,52.6617,5.122980547312892,5.771202179026866,1.3389,AAA_E30_CF.xlsx,AAA_E30_CF.xlsx
AAA_E30_F07_CF,8346.0,6.72,48.099999999999994,3.8437,261.5,17.9007,85.5032,776.183,1.5642,0.1051,3.8253,5.0076,59.5718,3.2013808975834293,3.4319786169556576,1.3675,AAA_E30_CF.xlsx,AAA_E30_CF.xlsx
AAA_E30_F08_CF,8347.0,8.59,54,4.0147,248.4,37.7253,96.082,797.131,1.4844,0.1275,3.4358,5.7151,52.8488,3.850107787658313,4.211880020635271,1.454,AAA_E30_CF.xlsx,AAA_E30_CF.xlsx
AAA_E31_F01_CF,8972.0,11.23,52.6,4.2981,229.4,63.4658,113.7596,755.025,1.8356,0.2062,2.9563,9.0923,50.6841,4.953312268468076,5.580152203265006,1.433,AAA_E31_CF.xlsx,AAA_E31_CF.xlsx
AAA_E31_F02_CF,8973.0,7.199999999999999,49,3.8827,259.79999999999995,33.0734,86.6864,762.75,1.7386,0.1251,3.5202,5.9202,58.0716,3.4051535718394113,3.6691664084288815,1.3717,AAA_E31_CF.xlsx,AAA_E31_CF.xlsx
AAA_E31_F03_CF,8974.0,10.79,51.2,4.3299,229.2,78.9298,112.5764,749.318,1.6154,0.1744,3.0806,8.033,54.2471,4.972762164169865,5.574600971547537,1.3039,AAA_E31_CF.xlsx,AAA_E31_CF.xlsx
AAA_E31_F04_CF,8975.0,12.370000000000001,54,4.3942,224.8,81.0028,121.276,748.553,1.6419,0.2031,3.0394,8.9713,51.2956,5.463974663499604,6.235265499026967,1.4561,AAA_E31_CF.xlsx,AAA_E31_CF.xlsx
AAA_E31_F05_CF,8977.0,9.4,50.2,4.132,239.2,51.1257,99.4226,747.3,1.6821,0.1581,3.3038,7.258,54.5468,4.314844539563641,4.76246719160105,1.3626,AAA_E31_CF.xlsx,AAA_E31_CF.xlsx
AAA_E31_F06_CF,8978.0,10.86,54.699999999999996,4.2781,240.5,55.7843,111.3237,763.934,1.6582,0.1801,3.1475,7.5025,47.9612,4.524484380653721,5.075772951762398,1.5206,AAA_E31_CF.xlsx,AAA_E31_CF.xlsx
AAA_E31_F07_CF,8979.0,9.9,58.6,3.6037,274.6,35.2273,98.4483,744.446,2.0013,0.1981,3.0788,7.9048,45.4886,3.949832608804277,4.383762200532386,1.5502,AAA_E31_CF.xlsx,AAA_E31_CF.xlsx
AAA_E31_F08_CF,8980.0,8.39,47.1,4.1014,243,49.1441,89.679,726.073,1.7907,0.1502,3.2493,7.1558,57.3856,3.996090914167644,4.361962816214569,1.3016,AAA_E31_CF.xlsx,AAA_E31_CF.xlsx
AAA_E32_F01_CF,9052.0,8.9,52.2,3.9542,252,41.1574,102.4153,769.084,1.6157,0.1438,3.3822,6.5458,54.0641,4.051370922819831,4.4471771180107345,1.361,AAA_E32_CF.xlsx,AAA_E32_CF.xlsx
AAA_E32_F02_CF,9053.0,7.380000000000001,49.8,3.7699,265.1,37.0927,87.104,723.776,1.6445,0.1214,3.4813,5.6569,57.4223,3.4398905442383705,3.7140699888385527,1.351,AAA_E32_CF.xlsx,AAA_E32_CF.xlsx
AAA_E32_F03_CF,9054.0,9.06,50.8,3.878,256.7,46.516,97.6131,729.274,1.6983,0.1539,3.2464,6.8377,52.6035,4.026202673261497,4.4274151774151775,1.345,AAA_E32_CF.xlsx,AAA_E32_CF.xlsx
AAA_E32_F04_CF,9055.0,8,49.5,4.2544,235.9,44.7058,95.8732,757.392,1.4987,0.1198,3.4696,5.6155,57.6495,3.74691399212651,4.072449053593444,1.5052,AAA_E32_CF.xlsx,AAA_E32_CF.xlsx
AAA_E32_F05_CF,9057.0,8.43,49.2,3.9991,246.29999999999998,45.7802,95.5252,755.791,1.7256,0.1455,3.3578,6.7423,55.6336,3.9072206768660176,4.267008417188785,1.3737,AAA_E32_CF.xlsx,AAA_E32_CF.xlsx
AAA_E32_F06_CF,9058.0,7.969999999999999,48.099999999999994,3.9277,254.5,38.046,93.7157,748.761,1.669,0.1331,3.4246,6.3447,58.5466,3.8014979029358895,4.130933003450745,1.3492,AAA_E32_CF.xlsx,AAA_E32_CF.xlsx
AAA_E32_F07_CF,9059.0,8.74,56.800000000000004,3.8776,257.29999999999995,37.2523,100.2578,798.036,1.6375,0.1432,3.4898,6.2551,51.4827,3.819908396946565,4.185973365455397,1.3,AAA_E32_CF.xlsx,AAA_E32_CF.xlsx
AAA_E32_F08_CF,9060.0,7.64,47.9,4.0263,248.4,34.9648,90.5838,755.304,1.8018,0.1376,3.4641,6.6388,58.984,3.6845376845376845,3.9891839923086163,1.2999,AAA_E32_CF.xlsx,AAA_E32_CF.xlsx
AAA_E33_F01_CF,9139.0,7.93,50,3.6825,271.6,35.1114,96.7083,739.714,1.6804,0.1332,3.3919,6.1399,55.5072,3.6538324208521784,3.9683945191313343,1.3902,AAA_E33_CF.xlsx,AAA_E33_CF.xlsx
AAA_E33_F02_CF,9140.0,6.81,50.9,3.8279,263.2,12.2401,92.1845,795.252,1.6748,0.1141,3.8831,5.1832,57.3765,3.0948172916169097,3.3210738771064268,1.3101,AAA_E33_CF.xlsx,AAA_E33_CF.xlsx
AAA_E33_F03_CF,9141.0,10.12,50,4.4883,225.8,70.9636,112.646,758.714,1.4374,0.1455,3.1733,6.7727,55.432,4.7117712536524285,5.242433624893568,1.3927,AAA_E33_CF.xlsx,AAA_E33_CF.xlsx
AAA_E33_F04_CF,9142.0,6.660000000000001,45.5,3.9462,251.6,27.4022,91.8365,757.392,1.4232,0.0948,3.6355,4.6574,63.2161,3.2724845418774593,3.5060222824450467,1.2951,AAA_E33_CF.xlsx,AAA_E33_CF.xlsx
AAA_E33_F05_CF,9144.0,6.16,48,3.7549,263.90000000000003,16.5792,85.712,756.696,1.2063,0.0743,3.9396,3.3305,57.153,2.7609218270745255,2.942137809187279,1.455,AAA_E33_CF.xlsx,AAA_E33_CF.xlsx
AAA_E33_F06_CF,9145.0,5.63,42.9,3.6723,276.6,25.5051,80.9794,737,1.4899,0.0839,3.8973,3.949,62.7166,2.650513457279012,2.8086770981507825,1.3045,AAA_E33_CF.xlsx,AAA_E33_CF.xlsx
AAA_E33_F07_CF,9146.0,6.93,46.5,3.8364,263,25.8039,88.4959,795.6,1.5502,0.1074,3.5483,5.019,58.6226,3.237646755257386,3.4786526199057386,1.3975,AAA_E33_CF.xlsx,AAA_E33_CF.xlsx
AAA_E33_F08_CF,9147.0,9.790000000000001,48.9,4.4762,221.6,56.9379,107.1479,758.644,1.5016,0.147,3.3006,7.0502,58.1585,4.695125199786894,5.204636054923963,1.4555,AAA_E33_CF.xlsx,AAA_E33_CF.xlsx
AAA_E34_F01_CF,9802.0,10.59,53.6,4.0776,241.2,74.0534,115.8475,763.029,1.4989,0.1587,3.1458,7.1794,52.9643,4.789779171392355,5.3569616475152975,1.3321,AAA_E34_CF.xlsx,AAA_E34_CF.xlsx
AAA_E34_F02_CF,9803.0,6.83,46.5,3.881,257.1,25.9241,86.9648,765.534,1.8516,0.1264,3.5745,6.1549,60.7995,3.324098077338518,3.5676443310920476,1.4422,AAA_E34_CF.xlsx,AAA_E34_CF.xlsx
AAA_E34_F03_CF,9804.0,10.72,56.4,4.1168,240.6,46.8181,112.4372,750.501,1.8369,0.1969,3.2594,8.4296,49.2702,4.5890358756600795,5.140000000000001,1.4194,AAA_E34_CF.xlsx,AAA_E34_CF.xlsx
AAA_E34_F04_CF,9805.0,10.63,54.699999999999996,4.083,239.4,66.5704,115.7779,820.585,1.7425,0.1853,3.1391,8.1294,50.5358,4.665365853658537,5.220524017467249,1.3615,AAA_E34_CF.xlsx,AAA_E34_CF.xlsx
AAA_E34_F05_CF,9807.0,7.41,47.6,3.959,248.29999999999998,35.9923,92.7413,759.688,1.4448,0.107,3.6025,5.0334,58.7566,3.4838039867109636,3.762445806548064,1.3931,AAA_E34_CF.xlsx,AAA_E34_CF.xlsx
AAA_E34_F06_CF,9808.0,7.46,47.199999999999996,3.8266,260.7,34.9185,93.1589,766.648,1.6037,0.1196,3.4219,5.843,60.3846,3.643449522978113,3.9370662354288797,1.281,AAA_E34_CF.xlsx,AAA_E34_CF.xlsx
AAA_E34_F07_CF,9809.0,10.58,59.9,4.1085,241.60000000000002,41.3228,111.2541,790.798,1.6093,0.1702,3.4681,6.8596,47.0485,4.262474367737526,4.766590230004864,1.462,AAA_E34_CF.xlsx,AAA_E34_CF.xlsx
AAA_E34_F08_CF,9810.0,5.8999999999999995,48.5,3.7007,272.8,23.7552,80.5618,750.849,1.4313,0.0844,3.8252,4.1007,62.1402,2.8650178159714943,3.044546736951518,1.2648,AAA_E34_CF.xlsx,AAA_E34_CF.xlsx
AAA_E35_F01_CF,10278.0,10.459999999999999,54.6,4.0278,248.79999999999998,51.8341,109.4446,772.912,1.6591,0.1735,3.2162,7.6314,50.7911,4.5997227412452535,5.136914378029079,1.3753,AAA_E35_CF.xlsx,AAA_E35_CF.xlsx
AAA_E35_F02_CF,10279.0,11.63,55.199999999999996,4.5364,216.29999999999998,65.3763,120.3017,794.278,1.5296,0.1779,3.0067,7.6621,49.3182,5.009218096234309,5.668491529185469,1.5275,AAA_E35_CF.xlsx,AAA_E35_CF.xlsx
AAA_E35_F03_CF,10280.0,11.72,57.4,4.0954,241.5,56.9765,115.0123,777.087,1.8165,0.213,3.1885,8.5778,46.1118,4.722157996146436,5.349423136888057,1.4295,AAA_E35_CF.xlsx,AAA_E35_CF.xlsx
AAA_E35_F04_CF,10281.0,7.7700000000000005,50,3.9167,256,30.7867,92.3933,764.56,1.4292,0.111,3.4109,5.0292,55.3788,3.518891687657431,3.8152025489303596,1.4467,AAA_E35_CF.xlsx,AAA_E35_CF.xlsx
AAA_E35_F05_CF,10283.0,11.43,57.4,3.9534,249.1,63.9772,112.7852,807.014,1.9147,0.2188,3.0983,9.2529,47.9459,4.832558625372121,5.45604104015567,1.4098,AAA_E35_CF.xlsx,AAA_E35_CF.xlsx
AAA_E35_F06_CF,10284.0,8.53,51,4.0198,248.9,46.2995,91.6973,775.626,1.8035,0.1538,3.4485,7.1383,55.8387,3.958026060438037,4.3270291568163906,1.2466,AAA_E35_CF.xlsx,AAA_E35_CF.xlsx
AAA_E35_F07_CF,10285.0,9.73,55.7,3.9325,255.80000000000004,45.2363,100.9538,798.454,1.448,0.1408,3.2407,5.9989,49.3394,4.142886740331492,4.589121787025704,1.5626,AAA_E35_CF.xlsx,AAA_E35_CF.xlsx
AAA_E35_F08_CF,10286.0,10.780000000000001,56.4,4.1627,237.5,56.5978,107.6351,785.648,1.8464,0.199,3.1495,8.4898,48.76,4.598028596187175,5.153453927400753,1.4198,AAA_E35_CF.xlsx,AAA_E35_CF.xlsx
AAA_E36_F01_CF,12175.0,8.42,59.2,3.7432,267.90000000000003,37.2564,97.1955,829.772,1.597,0.1345,3.4569,5.5837,48.6662,3.4963681903569195,3.8179145299145305,1.4032,AAA_E36_CF.xlsx,AAA_E36_CF.xlsx
AAA_E36_F02_CF,12176.0,14.05,54.800000000000004,4.7327,207.7,94.5186,130.1149,778.062,1.8409,0.2586,2.7828,11.0675,48.1278,6.012004997555544,6.994564873917715,1.486,AAA_E36_CF.xlsx,AAA_E36_CF.xlsx
AAA_E36_F03_CF,12177.0,7.26,49.4,3.6599,271.6,23.2818,85.712,778.201,1.6536,0.12,3.5708,5.6045,57.142,3.3892718916303823,3.654473135106938,1.3689,AAA_E36_CF.xlsx,AAA_E36_CF.xlsx
AAA_E36_F04_CF,12178.0,6.25,42,3.9125,253.2,37.2149,77.2908,749.249,1.666,0.1042,3.3858,5.6478,69.4017,3.3900360144057626,3.6162120630042263,1.2292,AAA_E36_CF.xlsx,AAA_E36_CF.xlsx
AAA_E36_F05_CF,12180.0,9.35,53.3,3.9272,254.2,41.6736,98.7962,777.366,1.7397,0.1627,3.229,7.2099,51.5992,4.144335230212105,4.571908687381104,1.4408,AAA_E36_CF.xlsx,AAA_E36_CF.xlsx
AAA_E36_F06_CF,12181.0,8.72,52.8,4.2193,233.4,30.0627,100.5361,812.025,1.6798,0.1465,3.5966,6.7794,55.4879,4.0358375997142515,4.421443944433575,1.3719,AAA_E36_CF.xlsx,AAA_E36_CF.xlsx
AAA_E36_F07_CF,12182.0,10.05,58.3,3.7575,263,49.4908,105.9647,829.633,1.8286,0.1837,3.3424,7.7104,48.1332,4.2165591162638085,4.687458204146148,1.4288,AAA_E36_CF.xlsx,AAA_E36_CF.xlsx
AAA_E36_F08_CF,12183.0,7.049999999999999,52.900000000000006,3.6624,274.9,33.5863,81.4666,815.783,1.6376,0.1154,3.5588,5.1902,54.1532,3.1693942354665365,3.4096702141637105,1.5036,AAA_E36_CF.xlsx,AAA_E36_CF.xlsx
AAA_E37_F01_CF,12491.0,9.77,50.1,4.0676,241.60000000000002,64.0288,103.0416,783.978,1.7414,0.1701,2.9929,7.9283,54.3325,4.552831055472608,5.045694647743906,1.4959,AAA_E37_CF.xlsx,AAA_E37_CF.xlsx
AAA_E37_F02_CF,12492.0,7.739999999999999,46.199999999999996,4.0213,246,50.1972,92.4629,773.538,1.5638,0.121,3.3703,5.8964,60.143,3.7705588949993603,4.086775713889659,1.3589,AAA_E37_CF.xlsx,AAA_E37_CF.xlsx
AAA_E37_F03_CF,12493.0,8.74,52.5,3.9368,253.4,57.5287,99.353,797.271,1.6687,0.1458,3.3971,6.7578,54.8965,4.0497393180320005,4.437454855867095,1.3401,AAA_E37_CF.xlsx,AAA_E37_CF.xlsx
AAA_E37_F04_CF,12494.0,7.79,43.4,4.0882,237.8,46.2309,90.2358,752.381,1.5682,0.1222,3.2081,6.187,62.8383,3.945287590868512,4.2786998616874135,1.4779,AAA_E37_CF.xlsx,AAA_E37_CF.xlsx
AAA_E37_F05_CF,12496.0,10.209999999999999,52.6,4.3017,229.8,52.8763,109.2358,785.021,1.7021,0.1737,3.1916,7.799,52.5491,4.5819869572880565,5.1027218005757655,1.4908,AAA_E37_CF.xlsx,AAA_E37_CF.xlsx
AAA_E37_F06_CF,12497.0,6.92,44.900000000000006,4.0304,253.2,25.8844,85.7816,744.307,1.6226,0.1123,3.3921,5.7873,63.8729,3.566683101195612,3.8318877044295836,1.2703,AAA_E37_CF.xlsx,AAA_E37_CF.xlsx
AAA_E37_F07_CF,12498.0,6.92,47.6,3.9934,247.1,30.9085,86.1992,776.183,1.6824,0.1164,3.6203,5.8223,62.8934,3.4607108892058966,3.717943805874841,1.2711,AAA_E37_CF.xlsx,AAA_E37_CF.xlsx
AAA_E37_F08_CF,12499.0,8.27,50,3.9199,255.2,49.7309,89.1223,745.142,1.7394,0.1438,3.2759,6.6754,55.1691,3.837760147177187,4.183629982451742,1.3371,AAA_E37_CF.xlsx,AAA_E37_CF.xlsx
