AC_BR_Intensity,AC_BR_RedBeads,AC_Intensity,AC_RedBeads,AP_BS,AP_G_BS,AP_G_G,AP_Intensity,AP_L_AP,AP_L_BS,AP_NL_AP,AP_NL_BS,AP_RG_BS,AP_RG_RG,AP_R_BS,AP_R_R,AP_R_RG_BS,AP_R_RG_R,AP_TRAP_BS,AP_TRAP_R_RG_BS,BFR,BV_TV,Calcein_GreenBeads,Calcein_Intensity,Cortex_Width,GFP_BS,GFP_R_BS,GFPonly_BS,G_BS,G_LS,Gonly_BS,GreenBeads_Intensity,Height_Width,LS_BS,MAR,MS_BS,Osteocytes_Density,R_BS,R_G,R_LS,RedBeads_Intensity,Ronly_BS,TRAP_BS,TRAP_Intensity,TRAP_L_BS,TRAP_L_TRAP_on,TRAP_NL_BS,TRAP_NL_TRAP_on,TRAP_on_TRAP,Tb.N,Tb.Sp,Tb.Th,dLS_BS,dLS_LS,dLS_sLS,exp_name,gene_symbol,sLS_BS,sLS_LS,AP_Background_Intensity,TRAP_Background_Intensity,Osteocytes_N,Bone #,Bone type
23.77083333,0.097497578,35.22916667,0.144494607,85.65610981,9.688329108,53.27569872,68.04166667,54.24503377,46.52762688,45.75496623,39.15744557,7.572688559,96.80637949,29.21827958,75.9088887,36.83929778,94.48211029,16.17779457,7.378113734,0.260704201,14.50440172,0.32448218,77.45833333,82.69739717,,,,18.120844,36.82700031,9.876784399,238.375,2.933852405,48.83434397,0.892383386,28.51259199,1401.142763,38.66467206,222.1188547,79.48178751,243.5,30.60895363,17.45772042,142.4285714,9.326282067,52.34123758,8.497006467,47.65876242,82.25781052,3.554540978,247.44868,39.63604106,8.190840004,16.30878783,19.8340778,Acsf2_E01V.xls,Acsf2,40.64350397,83.69121217,,,,,
21.20833333,0.084495352,38.70833333,0.154216467,66.50027726,9.07865201,44.20891443,45.35416667,48.78909147,32.80562396,51.21090853,34.17107924,6.077812,84.19959841,17.8428541,60.31650741,24.3192863,80.0538158,10.35965745,3.719107297,0.31536348,20.67043128,0.273039504,64.97916667,252.0014784,,,,19.53073733,46.38165459,12.54788863,238.4583333,2.908452988,42.11332198,1.250850141,25.01184364,1425.939867,30.22093174,171.4832221,71.61336546,250.9583333,22.47516977,14.51698054,142.25,5.273021635,43.14680111,7.3060721,56.85319889,90.10335419,3.731948992,217.3891058,53.56588956,7.910365291,17.99502006,22.4332988,Adck2_E01V_v2.xls,Adck2,34.20295669,82.00497994,23.20857076,19.6544015,,,
22.16666667,0.088386454,37.72916667,0.150442895,65.10498536,5.205219098,48.08728011,44.08333333,44.45382829,28.63383673,55.54617171,35.34876947,3.148410367,84.87971796,20.28020727,65.88289751,23.42861763,75.77085632,8.65338109,3.797203784,0.220265331,25.28295514,0.306926002,73.91666667,272.9267296,,,,9.666088145,26.31593272,6.201591945,241,3.494896964,35.24722735,1.168414236,19.37253777,1816.897918,29.10367128,353.8680003,83.03190554,250.7083333,25.60582309,10.64538513,138.9166667,4.935901796,42.6166127,6.544808126,57.3833873,91.03092815,4.299033013,184.3133547,56.46939771,3.49784819,9.347838266,10.42963139,Akap11_E01V_v2.xls,Akap11,31.74937916,90.65216173,19.21937084,20.21695044,,,
25.4375,0.104856126,42.52083333,0.17537185,87.47376431,9.57963864,44.95606885,70.02083333,59.70136713,52.34556702,40.29863287,35.20072531,10.69557241,96.28233656,30.73259745,72.77424998,42.64491263,95.74036544,8.597969781,3.650650684,0.420302738,16.35423402,0.299491803,70.125,219.9160894,,,,21.55140638,39.41005392,10.26779397,235.6458333,3.260324224,54.79434254,1.259714902,33.14313134,1534.010942,42.8332135,222.6637234,80.92905716,242,31.69841852,7.703800222,123.2708333,4.545787695,58.02377204,3.353118822,41.97622796,83.87518844,3.47420122,248.4560407,46.47512463,11.49192013,20.33911109,26.14155921,Arrb1_E01V_v2.xls,Arrb1,43.30242241,79.66088891,26.14751833,19.47854993,,,
22.41666667,0.088603426,37.1875,0.146986166,72.52276245,12.52883931,41.28104653,46.47916667,63.35910103,45.16269451,36.64089897,25.72091584,12.05401641,87.37107477,20.89595215,51.21937673,32.75942859,81.71828418,10.24354013,5.468354822,0.359450178,23.63412012,0.438571998,106.25,261.8071502,,,,29.03323583,52.8998639,15.2712293,242.3541667,3.102401912,53.70502109,1.088857289,33.44240062,1969.813474,39.49122526,135.0337262,71.17607802,253,25.31132423,13.05628673,132.0625,8.58203865,58.6868306,6.153587801,41.3131694,86.49371295,4.354929138,177.6664519,57.08575596,13.17978015,24.07594191,32.23864721,Bex4_E01V_v2.xls,Bex4,40.52524095,75.92405809,19.77413158,15.23526758,,,
18.54166667,0.074829229,38.41666667,0.155023979,79.42508246,10.5320155,62.51490037,,54.24806667,42.18214639,45.75193333,35.38466406,7.911986667,92.43285389,25.29996367,79.73027042,32.83787528,88.95353433,14.71165827,4.725179778,0.311433333,19.72670833,0.321673611,76.19444444,68.07820579,,,,17.5534,41.92193333,12.54772,238,2.755272917,47.30346667,1.148090476,27.69337778,,31.08066111,180.7020667,74.59813333,247.75,26.98375,14.67591,,6.971304111,46.51334678,8.248142778,53.48665322,87.96757696,5.8680625,140.5593271,34.47949792,8.083344444,16.52005556,20.16142222,Bzw2_E01V.xls,Bzw2,39.22012222,83.47994444,,,1735.864813,,
22.29166667,0.091645356,35.58333333,0.146312263,78.24340858,9.723222297,53.18565127,66.20833333,50.23217305,40.48967254,49.76782695,39.81083124,6.617742157,93.02273196,23.89060097,70.47924994,30.76645024,90.13350394,17.58029355,6.762744358,0.289750596,14.65749393,0.37485682,88.8125,219.9280448,,,,18.51011123,40.84225969,10.95116249,237.1875,2.636414716,44.96212335,1.086187385,26.26053605,1770.814399,34.20763625,186.6842957,75.36701629,242.9583333,26.46033166,19.24908093,179.4895833,8.873366958,47.64286181,10.0291361,52.35713819,76.85606161,3.29306002,262.746544,43.08906016,7.558948743,16.20927597,19.74759974,C19Rik_E01V_v2.xls,C19Rik,37.40317461,83.79072403,,,,,
22.58333333,0.089262187,36.58333333,0.144598155,65.86872896,10.43099641,35.57474749,44.77083333,69.51228738,44.5661203,30.48771262,19.37596282,13.65554847,81.82396078,21.09235672,47.57234484,34.67132227,75.34999549,19.18592945,10.56724477,0.377361184,23.60307306,0.397061236,97.08333333,269.2448806,,,,29.82310279,51.28059409,14.2436202,244.2083333,3.171446692,59.41065751,1.00693105,38.00214331,1788.831568,45.12900693,151.1455302,76.31802448,253,28.52359807,24.18107023,158.875,15.50139981,62.51573888,9.142302475,37.48426112,85.39120749,4.324483262,181.9450125,51.40224808,16.5936291,27.59861857,38.86573464,C1qb_E01V_v2.xls,C1qb,42.81702841,72.40138143,20.68220481,12.0523925,,,
20.14583333,0.082996354,35.10416667,0.144645521,74.34964508,12.41104004,59.05978156,,44.30590671,33.45570812,55.69409329,41.61806329,5.390163881,91.90132969,15.20224064,66.45340229,20.59240467,89.16882533,16.58502031,5.6376005,0.168911905,14.5696875,0.4146695,97.79166667,84.29049992,,,,20.8263,55.05057857,15.29112292,234.6041667,2.597726625,38.49151905,0.767997917,22.10960714,,22.66451905,110.6683286,59.27335476,242.5,16.93682143,19.16805821,,8.247917833,41.61357974,11.12617724,58.38642026,83.14556829,5.8403125,148.8919854,25.4055625,5.727697619,14.32393571,17.05104762,C1qtnf5_E01V.xls,C1qtnf5,32.76382381,85.67606429,,,1414.516136,,
,,42.70833333,0.172869625,80.73718123,10.315232,48.93209421,,54.40074152,43.5283029,45.59925848,36.37320681,8.115068708,94.37853744,24.75042565,69.2082915,32.86549435,91.26728358,13.91122535,6.382605619,0.291354167,17.71213333,0.375616208,85.85416667,82.69134375,,,,21.4700125,43.84398125,12.41198958,228.125,2.584349375,48.152125,0.967129167,28.2750125,,34.7702125,168.0204729,73.1747625,247.125,26.60981667,14.39239344,,7.823949976,53.6683945,6.907727738,46.3316055,86.15346446,5.5891,148.9054929,31.92570952,8.39790625,17.018725,20.80171042,Ccdc120_E01V.xls,Ccdc120,39.75420625,82.981275,,,1694.061874,,
23.29166667,0.094305923,45.04166667,0.182396462,77.70491904,8.903738944,47.06235199,,54.43708316,40.79390027,45.56291684,36.79794767,8.201376413,87.34477602,25.22273291,64.73664732,33.42410932,85.24653717,18.91349267,7.445529504,0.470067378,18.74251252,0.317337326,74.95833333,95.24087023,,,,19.0577032,39.62800746,11.15003798,236.2083333,2.412718815,47.98033546,1.61263711,28.48508426,1559.524229,38.12792525,208.8097682,78.49438734,247.125,29.13809218,18.41141251,,8.83273058,50.17527332,9.072140376,49.82472668,86.52912001,5.788096315,146.7314728,32.29974919,8.989833066,18.1223948,22.42453741,Cd33_E01V.xls,Cd33,38.9905024,81.8776052,,,,,
27.05555556,0.107791058,46.38888889,0.18481629,65.47233995,7.255792739,44.92837467,48.66666667,55.54162238,34.83232078,44.45837762,27.61580425,4.785589527,83.12150818,25.92413087,60.49688392,29.30474365,73.99271167,9.73965504,2.835181893,0.386582648,19.12874513,0.311238857,73.69444444,231.3584844,,,,17.27839144,31.59014811,10.03203484,237.2222222,2.808213133,50.99635799,1.287730319,29.76155705,1711.484526,42.20582164,299.0986288,84.11202004,251,33.76054158,9.430649925,141.6388889,4.884962294,56.09022407,4.115864851,43.90977593,85.58599639,3.879430626,216.1506842,50.64392617,8.526756108,15.70216815,19.47971671,Ceacam16_E01V_v2.xls,Ceacam16,42.46960188,84.29783185,23.09552224,16.17655245,,,
24.9375,0.102523961,42.33333333,0.174069791,85.3729298,11.25828321,47.99311101,74.58333333,56.5345855,47.55101454,43.4654145,36.52469402,9.373561867,94.9637905,26.32152126,70.0151262,36.14660907,92.76871608,21.2115574,8.353516626,0.328443579,17.91708672,0.31693226,74.625,230.0175228,,,,23.05917172,43.78161245,12.17493269,235.1666667,2.994932926,51.56415735,1.082798954,30.86589209,1958.585019,38.57108392,179.4301172,75.84774988,243.3333333,28.44837435,21.13940749,171.0208333,10.61876238,52.21200428,9.775762241,47.78799572,83.39812511,3.694860614,224.2884647,49.87457749,10.16762682,19.62936233,24.60941465,Cers5_E01V_v2.xls,Cers5,41.39653053,80.37063767,,,,,
24.66666667,0.098436653,40.66666667,0.162281009,66.69999295,7.986910239,60.79473758,46.03333333,32.19117632,21.16049558,67.80882368,45.06728388,2.056769891,80.27025872,12.92014587,63.02736984,13.17358534,78.00320659,11.08873132,2.172613407,0.211337836,18.86045636,0.280055626,66.7,247.1230548,,,,14.45986394,54.43428092,10.69462725,238.1333333,2.937006851,30.86972997,1.27552361,17.31748333,1508.135073,21.24760456,151.7982639,55.54586442,250.6666667,16.76307306,14.66212174,132.8333333,4.691756336,31.228169,11.27422776,68.771831,86.10826068,3.657198838,223.9835014,52.74197697,3.765236692,9.980145343,11.53519719,Ces4a_E01V_v2.xls,Ces4a,27.10449328,90.01985466,19.79372201,20.04182583,,,
19.77083333,0.079954271,41.29166667,0.166994021,69.25788805,10.57507875,50.93223014,,45.77830175,31.83127306,54.22169825,37.36275072,5.352260333,88.31426336,17.71150074,65.07297514,21.15178575,82.9706165,12.67837881,3.875135222,0.227664286,20.88230833,0.295618167,69.9375,114.189579,,,,18.56156429,47.64808095,12.70023571,236,3.069054354,36.84623333,1.057185417,21.09117381,,25.5029125,153.4956857,66.47120238,247.3333333,20.82867708,16.25425479,,6.168017381,38.39475202,10.38450381,61.60524798,84.8702635,6.557539583,127.2540667,33.28715,5.336121429,14.1193,16.70926905,Cited4_E01V.xls,Cited4,31.51011905,85.8807,,,1653.162606,,
22.02083333,0.088858983,40.97916667,0.165362713,69.69733416,10.26685759,47.52662897,,51.50433507,36.26764271,48.49566493,33.90255627,6.424306799,85.46015327,19.53437639,60.96894186,25.93056534,82.30023344,24.05340222,8.089824894,0.320542932,16.78029416,0.341676311,81.72916667,98.12162653,,,,21.28386554,48.30269492,13.93039974,239.2916667,2.640481263,44.76880964,1.222064411,26.08451971,1579.12792,31.52147944,145.040814,68.02016941,247.7916667,23.81674734,29.69144099,,12.69778916,43.34266589,16.61095335,56.65733411,81.29307516,5.932502261,146.9501831,28.69528671,7.40022978,16.32286433,19.6888324,Cml2_E01V.xls,Cml2,37.36857986,83.67713567,,,,,
20.91666667,0.084518405,39.1875,0.158349667,87.50291205,12.3116093,58.77900309,,45.53801732,39.80864881,54.46198268,47.5850389,7.199195863,97.52506065,22.33851722,77.43590105,27.53503356,95.8972967,22.21369447,5.807088224,0.374676763,12.3895046,0.320692406,75.55555556,75.75068531,,,,20.89079726,49.01350575,13.26179934,237.1041667,3.050132592,41.7584286,1.533037802,24.53162348,1490.521985,28.84668932,141.7967895,68.12104473,247.4583333,23.28835338,21.58426894,,8.944673194,40.73661022,12.78460744,59.26338978,80.19207361,5.283094219,173.6803952,23.75244394,7.304818357,17.13455048,20.86223208,Cp_E01V.xls,Cp,34.45361024,82.86544952,,,,,
20.85416667,0.084247618,36.70833333,0.148303224,88.86299724,15.1538086,56.37778165,,55.08835281,48.8078209,44.91164719,39.65967779,9.93434828,96.5852011,24.69570729,71.244826,33.76136665,95.5855104,24.35709468,8.749339304,0.467695879,19.10198172,0.397525122,93.95238095,83.09629015,,,,26.44050122,51.19935925,16.11712815,237.1458333,2.422158901,51.86645414,1.583943826,31.06457127,1552.359263,35.59170695,137.4286948,68.27330016,247.5416667,26.60952471,25.38683501,,12.66244023,49.65301084,12.9795229,50.34698916,91.64013895,6.053642665,135.9886734,32.25215687,10.2626884,19.47265941,24.50054308,Dixdc1_E01V.xls,Dixdc1,41.60376574,80.52734059,,,,,
22.85416667,0.090332675,38.10416667,0.150609354,72.56316412,12.84928489,41.71958867,47.0625,65.01345139,47.81719587,34.98654861,25.38443094,12.48204818,90.01006967,22.17918978,54.84315821,34.62537017,85.38599186,7.419805279,3.172509203,0.370584289,20.02488129,0.438689161,106.7291667,240.0307787,,,,28.64696681,53.30603417,15.44710587,243.4166667,2.719936499,56.39853507,1.055069549,35.3151943,1844.912788,40.52492522,136.2286813,71.6494131,253,26.14069031,8.917598648,134.7083333,4.545313529,62.18336996,3.014766182,37.81663004,81.94497003,4.066973937,201.0234767,48.77166516,14.23185352,24.95544727,33.58606352,Dnaja4_E01V_v2.xls,Dnaja4,42.16668154,75.04455273,18.64463353,14.87342925,,,
21.88095238,0.089755605,34.02380952,0.139557777,87.91565224,13.35193583,60.05230354,72.28571429,53.17513749,46.8474273,46.82486251,41.21171882,7.345373581,96.89694624,26.14339539,75.88790843,33.55676925,96.64004016,24.95590057,9.546794856,0.257425343,14.52340799,0.35596498,84.88095238,61.13820688,,,,22.05208803,44.88376033,14.03372649,238.047619,2.620866104,48.44401799,0.899809688,28.10370018,1568.272089,34.28061232,159.4408297,70.98651367,244.1190476,26.62737621,25.63229905,169.1428571,13.05895892,50.80810168,12.71463831,49.19189832,83.95016064,3.436185449,250.8878369,40.60285627,7.763382366,15.870274,19.02486184,Dnajb3_E01V.xls,Dnajb3,40.68063563,84.129726,,,,,
21.41666667,0.08832079,33.91666667,0.139868463,79.57143432,9.163327463,53.75540162,56.58333333,45.44957811,36.61841449,54.55042189,43.96316713,5.990300205,95.17274735,22.52694476,76.2643966,27.45508702,92.32725559,15.18820794,4.558174243,0.282449536,12.8872007,0.310174818,74.41666667,210.7177875,,,,16.8876611,42.30504579,10.49564121,240,2.606515583,39.69263034,1.225427666,23.04232512,1570.641242,29.15943379,178.0953369,73.61653773,242.5,24.35693473,15.66849724,149.8888889,6.654452231,40.28359694,9.697284248,59.71640306,78.78905243,3.057188543,291.1580967,41.65894647,6.392019895,15.92158352,19.15519724,Dnajb7_E01V_v2.xls,Dnajb7,33.30061045,84.07841648,17.84037122,20.22957798,,,
19.80952381,0.078991083,32.97619048,0.131487763,54.13365017,5.332584114,42.49839523,40.0952381,39.32817695,22.24883659,60.67182305,32.81243807,3.124442573,75.81723971,13.60430292,57.01936582,16.7287455,69.67089894,6.676734324,1.88488833,0.184115695,15.59509112,0.294689154,70.71428571,218.0674908,,,,12.04706266,40.04177065,7.801123859,240.3095238,2.553408808,31.55023849,1.029745851,18.04901559,1580.324055,23.35668711,185.836837,73.83348895,250.8095238,18.80889443,8.432156068,134.0972222,3.061971142,35.42204532,5.788252488,64.57795468,83.69410163,3.270582988,267.540305,46.16416894,4.547792683,13.8752596,16.22305942,Dnajc28_E01V_v2.xls,Dnajc28,27.00244581,86.1247404,18.60294942,17.15810443,,,
22.125,0.087450593,41.08333333,0.162384717,77.77594437,13.40329569,45.51372012,57.22916667,62.62801356,48.48690208,37.37198644,28.88495335,12.1864817,89.84458723,22.75537668,56.53205253,35.05717983,86.2236017,6.937971324,2.774788848,0.362712703,17.96824553,0.511611598,124.2708333,264.5124764,,,,28.72559708,52.77692719,15.69860515,242.9583333,2.788018836,55.57375288,1.058351299,34.54988677,2084.903922,39.94732075,135.3008232,70.81212605,253,26.09680861,7.161727711,118.5833333,3.877356313,62.73861196,2.52438645,37.26138804,85.94248298,3.609416571,227.3514759,53.45759656,13.52602065,23.58905324,31.64126598,Dnajc30_E01V_v2.xls,Dnajc30,42.04773224,76.41094676,23.6538564,14.09286295,,,
21.95833333,0.086791831,38.14583333,0.150774045,70.21539322,9.904686408,36.05959345,47.60416667,63.81052724,45.96901562,36.18947276,26.17027946,11.63568708,88.84769734,24.76905123,57.47812834,36.06432922,81.44818986,10.33016151,4.777872908,0.373671646,18.14515841,0.377015701,91.9375,272.852146,,,,26.44246109,45.52314188,12.60854541,244.125,2.798841126,57.18524037,1.009928195,35.50957803,2245.517999,43.67391941,263.509751,78.28017581,253,31.7145152,10.76618393,120.625,6.85038448,63.99268926,4.02528004,36.00731074,77.39492237,3.525081568,238.2557653,51.23813422,13.83391568,23.80331769,32.38090237,Dnajc5g_E01V_v2.xls,Dnajc5g,43.3513247,76.19668231,22.23872983,9.30271472,,,
23.41666667,0.092555995,45.39583333,0.179430171,80.45076374,13.00647654,42.28652494,59.70833333,63.60703597,50.81842041,36.39296403,28.78537445,14.15248523,92.41589853,24.0242705,55.77630965,37.81194386,88.92953238,6.551496524,3.046639456,0.382613275,20.4748361,0.571376788,137.8125,235.5377881,,,,29.16477799,53.00618572,14.64104329,241.7083333,2.819425104,55.64815386,1.099138322,35.24295975,1822.285291,41.34331061,139.6775661,73.22278657,253,26.10626739,8.440575876,108.2708333,5.165390238,58.91547787,4.026371504,41.08452213,83.49157807,3.892680002,209.6324951,53.17055039,14.83776563,26.22897228,35.99931633,Efna4_E01V_v2.xls,Efna4,40.81038823,73.77102772,25.46423818,11.2567064,,,
21.02083333,0.086754096,36.4375,0.150386512,76.85736553,8.705156679,46.58152318,60.14285714,54.10012454,42.8912747,45.89987546,36.48972753,7.28521632,90.46401857,25.9763829,70.55106053,34.44863409,88.6326343,6.568704686,2.800035892,0.317291666,25.14698481,0.292863847,69.45238095,274.1332827,,,,17.47850172,35.70391038,9.155374195,237.7083333,2.865323515,46.24814041,1.129085406,27.02284895,1525.65623,35.85097489,236.0226172,80.52462656,242.375,29.0087283,5.895140039,121.7291667,3.125113177,52.6655005,2.904985269,47.3344995,88.3179356,4.276288899,180.737738,57.40659717,7.797557496,16.22853693,19.77552978,Elk1_E01FV_v2.xls,Elk1,38.45058292,83.77146307,21.11045503,20.07875025,,,
21,0.083826361,34.04166667,0.135882802,54.3268781,5.518506918,42.37740128,37.6875,42.04280909,22.512091,57.95719091,31.08383974,3.186303387,73.50573736,13.65818449,57.19022872,17.01059576,69.36875836,12.04604085,4.061706637,0.20495755,21.13490426,0.26494862,63.79166667,259.6103142,,,,13.48635512,42.00108116,8.935642433,240.8333333,3.161872179,33.78121085,1.053540293,19.30679655,1742.718234,24.06068057,176.3570494,72.24067587,250.5,19.37552727,17.06202844,136.3541667,6.609044048,37.4308728,11.15134657,62.5691272,88.88760592,3.989117061,200.9840463,55.26739392,4.832382239,14.24175704,16.69455764,Fam186b_E01V_v2.xls,Fam186b,28.94882861,85.75824296,15.92135111,17.73555352,,,
21.41666667,0.085497565,35.72222222,0.142604692,67.48591822,7.650705548,42.11579938,44.77777778,50.77483443,34.44039796,49.22516557,33.06250746,6.573906165,86.82673583,20.2062195,62.87165461,26.78969241,83.13093617,14.76155399,5.177101244,0.284897235,22.27526197,0.317485076,75.94444444,239.2251886,,,,18.30720749,43.51009479,10.21698009,239.6111111,2.772771003,42.30100727,1.084938971,25.19561734,1714.707746,32.13218481,175.1979815,75.31786836,250.5555556,24.03291311,17.853897,153.6111111,7.633643087,43.28555289,10.05398476,56.71444711,87.18116163,4.160848139,193.7408682,51.95660517,8.090227405,18.82796315,23.31135134,Fndc4_E01V_v2.xls,Fndc4,34.21077987,81.17203685,18.89161881,21.31110949,,,
23.54166667,0.096766947,37.91666667,0.155894586,84.16342689,10.55128077,58.50310132,68.0625,45.69642956,38.62164771,54.30357044,45.72103356,6.456290694,96.16102608,23.20587674,73.48109368,29.20000708,93.76345233,21.89785629,7.319065358,0.278667176,18.03735483,0.296144988,70.3125,216.4061762,,,,17.41570677,42.8595152,11.04102075,236.8541667,2.867635004,41.22597588,1.107447479,24.24279391,1570.06106,31.57922357,187.369743,74.24940282,243.1875,24.4042994,22.24843715,181.4791667,9.634072612,42.39386055,13.00607619,57.60613945,81.64881767,3.674807972,226.1641202,49.85895101,7.259611934,17.10891803,20.86316639,Ghsr_E01V_v2.xls,Ghsr,33.96636395,82.89108197,,,,,
20.22916667,0.08193475,44.33333333,0.179586833,82.01135258,12.81886202,60.11239367,,48.02420777,39.77251019,51.97579223,42.93033646,6.683784396,95.29482333,19.90766556,70.08367835,26.59144992,91.99286148,20.04131113,7.414249458,0.303752778,18.08814167,0.314368333,74.23809524,89.17761219,,,,21.5515875,49.63897708,14.64535833,235.5416667,2.520077083,43.42290417,1.111633333,25.11511042,,28.45395625,134.8795063,65.19351458,247.125,21.64663333,21.16316802,,10.19681092,46.35688269,12.11332121,53.64311731,82.33931885,5.74569375,147.5105188,31.5992375,6.807310417,14.83250208,17.91535,Glycam1_E01V.xls,Glycam1,36.61557917,85.16749792,,,1715.313743,,
22.64583333,0.094042106,40.14583333,0.166743182,86.65338345,11.16404167,47.04853317,69.41666667,60.63699216,52.27149939,39.36300784,33.90778788,10.99530036,94.12638632,30.36830752,66.95137379,41.33823387,92.4292621,14.51912433,7.935801935,0.392456739,18.69648888,0.365249116,83.96875,92.3470591,,,,23.47716051,42.60932672,12.21926352,229.375,2.759456413,56.67121534,1.137004029,34.3086662,1662.212895,45.28272443,185.3306239,78.24372033,240.9166667,32.56702187,16.28865802,155.5,9.98918759,56.62357335,7.648995002,43.37642665,89.01587077,3.687973337,226.7895162,50.44779704,11.94611706,20.85304705,26.5405698,Gpnmb_E01V.xls,Gpnmb,44.72509828,79.14695295,,,,,
22.27083333,0.092385302,38.875,0.161302884,87.15025318,10.07350412,47.57238097,71.97916667,54.31733661,47.21126022,45.68266339,39.5389526,9.152140212,95.82414691,28.7149084,74.27468973,37.14179293,94.21998154,20.3122431,7.856456047,0.362408788,24.81568619,0.279947845,65.91666667,272.20429,,,,20.94050135,42.15006618,10.75012535,235.6041667,3.055965415,49.40901824,1.202519559,29.79540771,1775.26882,38.35660479,209.4031948,77.95960491,241.125,29.28543303,21.40045725,163.3541667,10.25946095,49.67446749,10.36046194,50.32553251,85.06416717,4.308159969,180.5838912,57.03012115,10.18179719,20.10967109,25.61142109,Hsd17b11_E01V_v2.xls,Hsd17b11,39.22722105,79.89032891,26.19037718,24.72196126,,,
25,0.101410477,50.66666667,0.205556177,90.16009459,10.06795502,40.97603858,,63.24730283,56.60006879,36.75269717,33.00043081,13.05532929,96.45851023,33.52732587,68.73952394,46.58265516,94.75826148,16.4229542,8.905412121,0.588362328,16.74533368,0.374199562,87.9047619,129.3795206,,,,25.17139673,41.01714597,11.06705381,235.375,2.325078097,60.099376,1.703630402,36.93658171,1601.28821,48.94700911,201.9599252,81.40974206,246.3125,35.11882289,17.48862027,,10.83272541,63.14808973,6.515142757,36.85191027,86.72616539,4.935889473,170.6476986,34.94888069,13.77378742,22.42688802,29.5228831,Hspb3_E01V.xls,Hspb3,46.32558858,77.57311198,,,,,
25.27777778,0.104464898,43.5,0.179834964,87.41293624,5.472080853,41.8555489,79.05555556,54.26803582,46.14814209,45.73196418,38.84791181,5.761394559,79.67308631,35.45212803,81.15805336,41.19376576,92.04241265,19.26093413,9.285249591,0.412977379,18.15919399,0.32550527,76.5,245.0177543,,,,14.74175415,20.7015233,6.284182062,236.2619048,2.667857646,50.13942264,1.432577253,28.01851674,1408.269932,43.61610174,206.1048232,89.69000256,242.1904762,37.76104144,20.95683694,178.452381,10.49495847,54.69662163,8.64215744,45.30337837,84.71588553,3.643081486,236.0787431,49.63334068,5.897610838,10.39152587,13.1353343,Htr1d_E01V_v2.xls,Htr1d,44.2418118,89.60847413,,,,,
19.8125,0.080308792,40.25,0.163186144,76.5492178,7.459211797,55.88868442,,39.51512231,30.0834814,60.48487769,45.7086782,4.224977938,93.02145898,18.29769537,71.50332758,22.6242696,88.73968391,17.15414908,4.833636488,0.325624579,19.43593321,0.301470095,70.80952381,109.1480923,,,,13.36000365,39.9588053,8.942571124,234.7291667,2.90210221,33.86980941,1.699517021,19.14362097,1234.46533,24.95746627,195.3722731,72.81909266,246.75,20.35741782,18.44051356,,6.450246858,35.39499981,11.90760227,64.60500019,85.77585328,6.137764612,133.3635084,31.02165759,4.417432523,12.77789796,14.79730832,Il24_E01V.xls,Il24,29.45237689,87.22210204,,,,,
25.4047619,0.103924437,36.54761905,0.149513238,86.77125101,12.2376862,57.86818208,66.85714286,49.65917131,42.89513404,50.34082869,42.83621086,7.315142634,93.34735307,26.36000959,69.56042421,33.05165991,92.56672703,34.1382474,11.49368681,0.325177109,12.4662653,0.318042576,75.83333333,65.97601793,,,,20.80278586,43.15574971,13.28988185,238.8095238,2.676083568,46.191741,1.33048457,27.39818984,1507.674075,36.86084396,184.5451048,75.13463498,244.3333333,27.0247207,34.96061054,212.1666667,15.62477154,44.25697334,19.52319815,55.74302666,82.42908153,2.851606293,314.4366824,43.24860161,8.604638684,18.29038469,22.72002518,Irf8_E01V_v2.xls,Irf8,37.58710231,81.70961531,,,,,
21.54166667,0.085871182,36.45833333,0.145332005,74.50711937,5.384819323,46.79442367,48.70833333,41.20286608,30.67358314,58.79713392,43.88334616,3.994056516,90.3128715,20.88201609,74.01532229,24.8760726,87.61902994,15.71371425,5.052751974,0.167706299,23.56675794,0.281517709,67.41666667,247.1916814,,,,11.17874948,32.34029063,5.959995837,239.5,2.827251773,34.77975879,0.841738676,19.87465262,1491.721303,27.90772303,257.5266405,81.57116626,250.8333333,23.10855302,16.67934388,157.7291667,6.020289532,35.39495781,10.93978222,64.60504219,88.50331634,4.369923142,181.5159277,53.54447152,4.969546438,13.91145689,16.38071364,Lipn_E01V_v2.xls,Lipn,29.81021235,86.08854311,15.46635145,20.62717848,,,
19.8125,0.082277875,32.22916667,0.133788643,79.13833452,7.293058718,58.68476461,55.75,34.69808447,27.72852635,65.30191553,51.98328341,3.990448222,91.44521294,16.68100767,73.17335722,20.43546763,89.95964236,16.5904429,3.150113355,0.193949762,18.57628411,0.312948312,74.14583333,238.8898989,,,,13.01641303,43.77148792,8.119194263,237.1666667,2.604051415,30.80299158,1.030035167,17.85010517,1539.070099,22.96159373,168.1121589,70.73974337,241.8333333,17.90666465,15.65059272,153.0952381,4.455807574,32.1198994,10.3666776,67.8801006,81.98737598,3.760127033,222.1073643,49.18924953,4.897218766,14.51123129,17.22410124,Mettl21c_E01V_v2.xls,Mettl21c,25.90577281,85.48876871,20.50990424,22.43277946,,,
21.97916667,0.090604018,37.45833333,0.154411445,85.41658577,8.954556236,47.74485922,61.14583333,57.10393657,49.53910891,42.89606343,37.0629513,10.43084202,95.55521365,29.97454933,69.4769416,40.05334469,93.13309465,7.027085553,3.760116879,0.336411771,25.38245937,0.297820522,70.27083333,283.7722632,,,,19.24726898,39.860036,9.225865893,236.2916667,2.896654912,52.77983911,1.014657585,32.07813347,1778.991558,43.35502852,213.0374283,81.25651211,242.875,31.72283538,8.194485707,126.3958333,4.572886579,54.81417692,3.86437867,45.18582308,91.12755428,4.443791496,169.6289295,57.82839389,11.37642783,21.11654811,27.32694865,Mfsd10_E01V_v2.xls,Mfsd10,41.40341128,78.88345189,21.98526454,20.74842919,,,
25.25,0.099819363,45.5,0.179876534,65.01532219,10.54455417,28.92582956,52.29166667,74.78502274,50.43611958,25.21497726,16.78989641,16.6146772,77.32850803,23.48670619,43.95048751,39.77601723,75.182398,3.001569369,1.387101774,0.490110393,19.42131761,0.507319151,122.2857143,243.0961929,,,,35.15718038,54.33296124,15.15383649,241.75,2.675978824,67.15097292,1.048409303,44.16199126,2006.73401,51.492853,143.4878553,76.97200603,252.9583333,32.57153711,3.274137941,87.47916667,2.079587426,72.41579318,0.859236619,27.58420682,85.58049379,3.809316446,215.9750955,54.03274499,21.1730096,31.30496727,45.92038805,Moxd1_E01V_v2.xls,Moxd1,45.97796333,68.69503273,20.48041498,9.035318886,,,
19.3125,0.079731155,31.35416667,0.129482384,74.68397295,4.498337116,55.8497643,48.1875,34.71423726,25.13566587,65.28576274,47.90464277,2.467047061,91.33488997,18.17445104,76.99801575,20.49567152,88.37555904,7.044983806,2.231781807,0.157636242,24.33044015,0.251427592,60.14583333,281.7384903,,,,7.870111339,29.30837599,4.889070663,238.9583333,3.109289057,29.94119053,1.002614048,16.70586305,1370.22258,24.93033967,341.7055545,81.83753074,242,21.12440015,7.970975752,123.9583333,2.704958316,35.86335167,5.048547393,64.13664833,87.91230074,4.320312411,180.2779506,55.73509895,3.470535562,11.14590672,12.73443547,Neurl2_E01V_v2.xls,Neurl2,26.47065497,88.85409328,17.6889231,19.08472781,,,
22.57142857,0.089215133,40.57142857,0.160361378,76.01159801,11.41293629,43.57758367,49.76190476,58.96679932,44.95326199,41.03320068,31.27385014,10.6294269,88.62123984,23.02285045,59.15461836,33.65227734,85.99219983,22.02744402,9.183396928,0.339744697,20.12846849,0.543923694,132.5952381,246.9283651,,,,25.95965595,49.14424504,13.4334618,243.9047619,2.867833076,52.39609436,1.038954183,32.46589965,2057.391839,39.10553527,153.4353613,74.4402816,253,26.56983034,24.49391433,147.7380952,13.34224508,55.07989847,10.73478281,44.92010153,83.74895694,3.723986956,218.1121421,53.04027125,12.53570493,23.58452663,31.15335916,Nt5c1b_E01V_v2.xls,Nt5c1b,39.86038943,76.41547337,18.63469022,14.05550233,,,
24.52083333,0.101460276,41.27083333,0.170809845,89.5832876,12.39986355,50.07090417,86.8125,59.26264926,53.43178114,40.73735074,36.41710869,10.58189266,95.49703045,31.73599751,74.0906112,41.09702254,95.63662187,19.82271489,9.277075896,0.368078838,20.43198004,0.363520888,84.95238095,258.035474,,,,25.90927759,44.68088715,12.96599345,234.7916667,2.607513485,56.49886639,1.099527486,34.47998677,2031.887079,44.07555111,177.0862288,77.0345093,241.8333333,33.14735161,18.08245365,184.2083333,11.06979564,59.23678949,7.705286696,40.76321051,86.41358288,3.91198431,205.1622496,53.9919969,12.46110714,21.71539644,28.09523067,Ocstamp_E02V_v2.xls,Ocstamp,44.03775924,78.28460356,,,,,
21.29166667,0.088178661,36.16666667,0.149763976,77.97651812,5.336931178,58.50111804,63.5952381,25.13608623,19.62294687,74.86391377,57.52945562,2.563388519,93.99421407,12.12229541,74.55114657,14.83375502,89.45859964,7.310714045,1.449933993,0.094507487,20.6614387,0.328213213,76.9047619,80.79852328,,,,8.259052381,34.84485891,5.120349289,235.2708333,2.435345805,19.32839501,0.962733126,10.98631486,1466.16373,14.80311144,198.2277892,76.90210722,241.5208333,12.11803867,6.677908265,136.25,1.570592839,29.12857887,3.971637099,70.87142113,83.85943102,3.880276515,208.837612,52.86155391,2.644234715,11.74696613,14.04694057,Osm_E01V.xls,Osm,16.6841603,88.25303387,,,,,
19.20833333,0.078841869,32.08333333,0.131714156,75.37541343,4.823746639,55.93299799,48.47916667,32.14512072,24.1228453,67.85487928,50.2294272,2.624455069,93.13414569,17.66636893,76.89539683,19.29909866,89.97515626,24.72696524,5.985569381,0.172694489,16.80640986,0.267684914,64.41666667,241.5445045,,,,10.44258452,34.11673982,6.014504455,240.8333333,3.198929548,28.15725819,1.044673522,15.83208638,1396.678944,23.46552205,265.949511,77.45907095,243.1041667,19.48592299,26.64293448,174.8541667,7.936748115,28.79390048,19.6396608,71.20609952,74.97410648,3.466590185,247.460864,49.40040368,3.506914577,11.57581078,13.32771041,Pitx3_E01V_v2.xls,Pitx3,24.65034361,88.42418922,16.43103119,24.06136336,,,
21.4375,0.084733202,37.35416667,0.147644928,58.21892353,10.62546211,36.30297683,41.875,63.07434841,35.81369663,36.92565159,21.12023624,9.541181753,76.96773663,15.90934793,43.26216238,25.45471922,69.31841045,2.519921616,1.106715177,0.339294907,26.98605931,0.407896726,99.28571429,310.3237446,,,,29.30906915,55.29453103,15.8957668,243.2916667,2.798745704,52.78941566,1.064900629,32.9984106,1991.743181,37.1005139,126.4495978,69.5401408,253,23.59757477,3.097606647,96,1.945628112,59.47319104,1.194205328,40.52680896,87.92848887,4.407271243,167.2662837,61.62885444,13.20740554,24.83467182,33.43921316,Plekha3_E01V_v2.xls,Plekha3,39.58201012,75.16532818,18.0721688,9.446436267,,,
21.79166667,0.090230256,39.33333333,0.162904052,83.81128013,9.652668776,47.86994548,67.02083333,56.43094628,47.78015636,43.56905372,36.5471699,10.48423736,93.19828834,28.40781382,66.21406973,38.96927309,92.4324232,17.89495414,7.138318381,0.359473457,22.81979384,0.324865465,77.33333333,262.7950362,,,,20.51856121,39.91890083,10.19173536,238.5833333,2.789667873,52.24093328,1.081289439,32.01112297,1681.554976,44.32628527,212.0639924,82.21079323,241.7916667,31.42658739,18.23830616,176.3541667,9.196074729,51.63316252,8.704023569,48.36683748,85.17801251,4.204486599,188.4924728,54.42515749,11.78131266,22.12969406,28.80951306,Ptpru_E01V_v2.xls,Ptpru,40.45962063,77.87030594,23.53109693,25.45547665,,,
18.58333333,0.076413758,32.20833333,0.132462484,80.99826253,6.99248659,67.98695935,59.5625,24.55899435,19.69769953,75.44100565,60.09517301,2.011559664,91.82549973,10.9010808,78.11341179,12.91264046,91.86977293,19.75350804,3.363317279,0.140460805,18.7798239,0.294930043,70.54166667,250.9114773,,,,10.38911128,46.11723762,7.679823492,239.3333333,2.595422774,22.08050765,1.107113708,12.29861332,1596.000347,14.58754563,146.8547903,64.64645496,242.8333333,12.07082664,21.75879749,154.4166667,4.98850295,23.07527793,16.82111151,76.92472207,81.41067571,3.818392521,218.9519085,49.77399111,2.516718993,10.76369258,12.24445365,Pycr1_E01V_v2.xls,Pycr1,19.56378866,89.23630742,21.92604168,21.6679994,,,
24.16666667,0.096349934,43.08333333,0.171769588,59.75255654,7.618200127,31.86065075,42.625,61.38848942,36.43677661,38.61151058,22.92371071,8.561352448,75.19200204,20.32847392,49.23115281,28.79534713,70.12782963,11.97369633,5.56316818,0.348542089,29.72903943,0.306712294,72.875,292.7103611,,,,24.01861279,45.51168462,11.94597102,237.9166667,2.592091507,53.15893909,1.052833685,32.69628294,1708.786095,41.29948389,171.9099754,77.43118091,250.875,28.76640378,15.968803,146.9791667,8.885327771,55.4987276,7.103256802,44.5012724,82.68693659,4.746366203,150.9603406,62.3886049,12.2336268,22.94286553,29.9059204,R3hcc1l_E01V_v2.xls,R3hcc1l,40.92531229,77.05713447,20.4492826,21.71013139,,,
20.5,0.084169631,34.57142857,0.142023527,75.150646,8.146346678,57.06217023,49.21428571,39.32113466,29.51051737,60.67886534,44.58809911,4.085722522,92.83618839,17.98162183,70.62633071,21.36417069,88.74839161,17.36978182,5.292056532,0.195854666,16.4982061,0.277246063,64.95238095,223.2252063,,,,13.08858277,44.01282813,9.067221201,235.4761905,2.771446716,30.44618007,1.073056897,17.23377082,1578.027634,23.35539636,207.4878861,66.91288747,243,18.22792852,20.04080212,172.547619,6.742883188,32.400445,14.97450595,67.599555,82.4556146,3.611356329,235.4278036,45.8326841,4.021361566,10.9257156,12.87034956,Rab36_E01V_v2.xls,Rab36,26.42481851,89.0742844,22.63608545,25.45051038,,,
21.3125,0.085031873,33.10416667,0.132083665,72.56745084,7.368169315,51.08399464,50.04166667,40.63999385,28.92158243,59.36000615,42.30974992,4.528630865,91.69706459,17.35797157,69.15390625,21.63293251,88.23533436,16.49549003,4.825981621,0.205553706,18.59390656,0.292157306,70.39583333,237.5990009,,,,14.19603606,41.88279021,8.465557107,240.7916667,3.179202593,32.9497252,1.09532186,19.1457485,1510.134636,25.09509768,182.7207101,74.14543067,250.6666667,19.41219261,17.87226466,163.625,6.600530557,34.17265446,12.6943597,65.82734554,82.3407535,3.90348668,212.1930751,47.57763697,5.341771802,16.02822088,19.35208364,Rab3c_E01V_v2.xls,Rab3c,27.60795339,83.97177912,20.47811616,20.46667504,,,
22.64285714,0.093734524,40.97619048,0.169700546,81.93346909,9.258844267,50.2732421,68.28571429,54.31971576,44.55553753,45.68028424,37.57514026,7.378452577,92.80404829,27.91637976,71.27084958,35.363894,89.32828934,6.228796075,3.000778892,0.241120881,23.85010855,0.317615348,73.23809524,255.3769751,,,,18.45728427,36.83000589,9.997217837,230.5952381,3.639063624,48.94443439,0.871601219,28.60538527,1893.466508,38.85660007,220.837481,79.68928999,241,30.70353162,5.790768631,126.547619,3.352632133,61.73252161,2.064800609,38.26747839,94.58728321,4.284330484,180.9158908,55.72122835,8.266336154,16.51929588,20.02356732,Rin3_E01V_v2.xls,Rin3,40.67809824,83.48070412,26.12849025,20.00932188,,,
20.6875,0.083531042,43.22916667,0.174538146,81.82512869,11.10964317,53.43394183,,49.53692344,40.60575042,50.46307656,41.62911504,6.947389292,93.71901585,22.03707281,69.74740825,29.04369006,92.16693733,8.65920375,2.93900775,0.3338125,15.75603095,0.335656688,78.9375,101.2267738,,,,20.25055625,47.05712292,13.38888958,235.25,2.638069583,45.65204792,1.29178125,26.55996667,,31.90180625,148.0938896,68.99361042,247.7916667,24.05699167,8.426075188,,4.110052333,49.37753296,4.214148167,50.62246704,82.89430779,5.314669048,168.3000238,31.228075,7.467891667,16.05072917,19.33115417,Sh3tc2_E01V.xls,Sh3tc2,38.18413958,83.94927083,,,1598.806096,,
21.27083333,0.08407444,37.52083333,0.148303689,,,,,,,,,,,,,,,,,0.209819369,25.21700055,0.479140461,116.7291667,285.4230835,,,,17.34778955,44.90906369,10.72500957,243.625,2.81546836,37.90302676,0.901828211,22.18019377,,27.23719383,163.3305827,71.79759395,253,20.79883675,8.577035149,101.8125,3.70415093,45.0250635,4.804356891,54.9749365,88.17684875,4.44819105,170.156198,57.85338332,6.457360774,16.70665764,20.29810302,Slc46a3_E01V_v2.xls,Slc46a3,31.44566599,83.29334236,18.32263913,8.978119436,,,
20.875,0.082509881,39.29166667,0.15530303,64.78517692,11.70266093,46.57879721,43.41666667,54.92864928,35.61800095,45.07135072,29.21673193,8.135633389,82.07653062,17.30775415,51.51611498,24.77582999,76.8116637,6.484628101,2.375585355,0.326491513,27.05903284,0.487565951,119.0416667,276.6631487,,,,25.21231846,55.23114872,15.82953143,244.1666667,2.580676381,46.58899761,1.199869418,28.56184393,1912.530572,32.66431172,124.0660509,67.24228302,253,22.06773512,7.426920016,109.9791667,3.743783583,52.88464419,3.488541924,47.11535581,86.06664218,4.643776697,161.8569702,57.31935379,10.53469025,22.47343174,29.11983601,Slc8a3_E01V_v2.xls,Slc8a3,36.05430736,77.52656826,17.6020793,10.50354054,,,
20.27083333,0.080121871,36.60416667,0.144680501,44.60756882,1.901950868,47.92289505,36,18.00002536,7.887121426,81.99997464,35.41789405,0.521008803,74.49589132,5.607178811,63.0213922,5.985170557,67.81847097,10.31886526,1.129157593,0.067885849,17.07853283,0.343343292,84,262.9886552,,,,3.770746983,31.52971675,2.886313138,244.7083333,2.790276121,11.88418152,1.05432018,6.384307684,1693.925131,9.119529996,267.1084014,75.37790337,253,8.143888572,16.61889365,129.8541667,2.107168267,12.24313506,14.62555763,87.75686494,73.92258868,3.222623608,287.6282283,51.93854567,0.884433844,6.907620122,7.644283248,Spp1_E01V_v2.xls,Spp1,10.99974768,93.09237988,15.7928706,7.509693876,,,
21.3125,0.087960503,33.3125,0.137495789,82.55635649,8.187546893,55.88289578,62.5625,43.75975377,36.09354271,56.24024623,46.24942641,4.996973493,93.00744686,23.07592114,75.50966245,27.90599582,91.337057,13.04041519,4.985773833,0.236338589,24.29903988,0.312447616,75.08333333,280.0465216,,,,14.68444631,36.97727491,8.886944949,240.2916667,2.598559267,39.47768096,1.03290145,22.63759116,1719.846603,30.77829619,212.9485713,77.55828872,242.4166667,24.90188175,13.3932704,142.1458333,6.034033679,44.89469172,7.267026631,55.10530828,87.26373313,4.403822313,177.4034933,54.99975286,5.797501366,14.53556364,17.1533047,Sptssb_E01V_v2.xls,Sptssb,33.68017959,85.46443636,20.08799182,18.5311744,,,
22.27083333,0.088027009,39.875,0.157608696,68.96807319,12.10047386,35.579719,47.125,67.10982529,46.46145122,32.89017471,22.78889254,14.63740889,83.901918,20.06609776,46.73049056,34.73735413,80.9046159,6.990139444,3.475921704,0.456667813,27.23049608,0.515052752,125.7619048,275.0224315,,,,33.34247112,57.20025653,16.32942937,244.5,3.20288064,58.8317906,1.238019233,38.30104715,2069.640898,43.21014471,128.8828526,72.91467618,253,25.04274871,7.321291509,114.7708333,5.113500462,61.6861317,3.22111056,38.3138683,84.16063683,4.468470175,167.6682087,60.59915773,17.77030369,30.11493271,43.37462461,Stmn4_E01V_v2.xls,Stmn4,41.06148691,69.88506729,18.78450809,6.241763183,,,
22.28571429,0.088787706,40.0952381,0.159741984,55.21936246,7.813526544,36.29213597,45.21428571,53.08865593,29.15239146,46.91134407,25.60825703,5.471600141,72.86479775,15.73633792,51.77275596,21.44708112,67.74415596,11.63228644,4.755499084,0.291755669,23.01508073,0.345482816,82.11904762,279.5808267,,,,21.25655737,46.82608622,12.14406013,238,2.925744146,44.0929381,1.088787239,26.09764055,1661.445628,30.31712792,153.7631355,71.25197178,250.952381,23.04056203,16.36587792,157.4285714,8.11096935,49.44069947,8.110114756,50.55930053,91.19379765,3.977999856,198.679701,57.98075599,8.102342989,18.07805801,22.24786676,Tex29_E01V_v2.xls,Tex29,35.99059511,81.92194199,22.71742679,23.30792846,,,
19.69047619,0.080946108,32.28571429,0.132747915,73.47874435,5.376053445,62.51217581,51.83333333,31.84272057,23.7403944,68.15727943,50.38919373,2.544867831,92.47896468,13.81245847,78.91410043,17.55362755,88.89034647,23.88284071,5.044432088,0.157872018,9.343021529,0.260150281,62.42857143,182.6253295,,,,9.903750132,39.50307439,6.889233085,240.2857143,2.75204781,29.16007972,0.919666254,16.38395469,1465.487474,19.14244362,190.1854836,72.1377949,243.2857143,16.12490771,27.97461647,181.3571429,8.011641959,29.74340927,19.42218008,70.25659073,53.4507156,2.589048339,363.9877673,37.33846569,3.607829664,11.64086929,13.35210537,Tmem136_E01V_v2.xls,Tmem136,25.55225006,88.35913071,19.98122537,25.23971199,,,
26.875,0.111581672,37.0625,0.153894423,79.95605359,13.04434016,61.16029537,,44.3913775,36.08317337,55.6086225,44.79794378,6.82305786,94.16874551,16.91616909,66.77201101,24.28020066,92.0754962,12.1634834,3.246602619,0.35938155,12.38264441,0.346939012,82.875,70.07663141,,,,20.30033562,53.40038756,14.84078917,239.0416667,2.453138109,40.09975501,1.576819994,23.66930826,1512.424367,25.38792698,124.4389949,64.24887895,240.6666667,18.53472766,12.01927467,,5.061638994,39.75489122,7.534496826,60.24510878,78.96821757,4.949335183,182.7914251,24.5643888,7.238861505,17.64926651,21.62395908,Tprn_E01V.xls,Tprn,32.86089351,82.35073349,,,,,
21.10416667,0.084202855,35.14583333,0.140217463,45.04459279,4.956937136,29.43125986,35.66666667,51.64752186,23.03752672,48.35247814,21.65087683,3.814919139,63.6842323,13.98605544,45.25983409,17.9101963,59.14567223,9.025244414,3.518490441,0.226396467,24.82631081,0.326293147,78.22916667,254.7722128,,,,16.35159688,39.9652612,9.312237236,239.7083333,2.971712693,39.42473878,1.032962394,22.94379541,1564.548624,30.99823132,194.2717313,76.19496191,250.6666667,23.92553965,16.04457674,160.875,6.814309527,41.99923356,9.614052307,58.00076644,86.74673104,4.315067046,178.4519844,54.7692234,6.462852038,16.1602231,19.44265247,Try4_E01V_v2.xls,Try4,32.96188675,83.8397769,15.1033596,19.15156293,,,
23.375,0.094254958,41.14583333,0.165913776,88.76165375,12.91274717,48.29711399,,56.32796112,49.86162197,43.67203888,38.57290337,11.82265203,95.39905425,25.50009384,64.61160392,36.94887479,94.7802933,24.80180182,8.97961217,0.554526995,19.64299681,0.381550715,91,91.78797479,,,,25.7910906,50.20818424,14.0210475,238.3125,2.680027818,53.14904283,1.642001215,32.75785781,1587.714364,39.36843998,150.9621382,72.94680901,247.9583333,26.86260451,25.32590823,,12.57387147,49.14076762,13.18729462,50.85923238,85.99777706,6.054617605,133.7127854,32.77183719,12.36667279,23.15499325,30.38862835,Tspan18_E01V.xls,Tspan18,40.78237004,76.84500675,,,,,
24.35714286,0.097130715,38.51190476,0.153567824,74.63163473,9.865607313,51.64337345,50.61904762,56.14415502,41.25350407,43.85584498,31.99725608,7.150109751,89.91890752,25.65381868,67.09864712,32.72117833,86.12347266,14.28246364,5.246239547,0.298710866,17.41122088,0.326834437,78.61904762,242.2434008,,,,18.81807106,38.53476006,11.41003227,240.5714286,3.059594168,48.42762262,1.025159382,28.50476833,1704.476563,39.24323179,207.3834518,78.97554542,250.8095238,30.11866101,13.20026366,143.2380952,6.434016164,51.39723532,5.987283667,48.60276468,83.38943884,3.569536722,238.313927,48.05888288,8.581914048,17.51030548,21.34363793,Vcpkmt_E01V_v2.xls,Vcpkmt,39.84570857,82.48969452,20.36472153,19.27328728,,,
21.6875,0.085721344,41.89583333,0.165596179,60.190577,9.64212939,38.58515277,49.625,61.30254195,36.96714699,38.69745805,22.83363535,8.995153248,78.7798027,18.99580656,50.36599639,28.39977924,71.38650613,3.856889798,1.496510232,0.3534348,26.16564618,0.508365364,123.1041667,287.5132709,,,,25.74066039,47.62851549,14.35146203,242.5625,3.462252318,53.18563782,1.04660392,32.82297538,1992.347151,38.94997502,159.4124783,74.96977198,253,27.05995295,3.257924294,85.35416667,2.130801574,65.11584753,1.320192735,34.88415247,86.53490798,4.295065527,176.3982407,60.41581133,12.46031294,22.59828748,29.81792701,Ypel1_E01V_v2.xls,Ypel1,40.72532488,77.40171252,24.30877364,10.28581039,,,
24.27083333,0.095932148,47.3125,0.187005929,78.70981915,10.98624295,40.39780797,60.60416667,65.38550712,51.98771386,34.61449288,27.25325919,13.6504018,91.70402989,27.17066362,58.84202462,41.01181524,87.21368039,7.383956825,3.523460743,0.406048717,27.26193124,0.564534012,137.125,285.9202693,,,,28.15214267,46.6887362,12.77723538,242.5416667,3.063687542,59.95211477,1.067966527,37.66072316,2118.52857,46.65923009,172.5470097,78.60766738,253,31.68437145,6.562963798,105.25,4.150875407,69.10299313,1.919779406,30.89700687,91.77530301,4.314958577,172.2338067,63.7107455,15.36933155,25.29640358,34.5170337,Zfp14_E01V_v2.xls,Zfp14,44.58278321,74.70359642,25.88146149,10.56503957,,,
21.11904762,0.083474497,35.19047619,0.139092791,58.00646107,8.889305657,37.81015754,39.54166667,54.66395012,31.39237959,45.33604988,25.9942105,7.238025668,77.79073206,15.18732834,46.71199492,22.51541245,69.7954798,10.21556269,3.829832973,0.274528251,25.67166682,0.443636383,107.6458333,259.261172,,,,23.56181552,50.73834593,13.75206665,242.8333333,3.081079785,45.94026136,1.024840043,27.8401056,1790.565329,32.83706024,140.7299146,70.08410317,253,22.22103324,14.27758793,129.9166667,6.759504,47.43036112,7.490752881,52.56963888,90.57145108,4.385312767,171.7577338,58.84149624,9.739949846,20.82244911,26.6553208,Zfp40_E01V_v2.xls,Zfp40,36.20031151,79.17755089,17.13368421,16.00276316,,,
