Sample Name,Sample Number,Length,Tt.Ar,Ma.Ar,Ct.Mask,Ct.Ar_Tt.Ar,Ct.Ar,Ps.Pm,Ec.Pm,Po.Ar,Ct.Po,Ct.Th,J,Imax,Imin,Zmax,Zmin,Dmax,Dmin,App.D,Tiss.D,exp_name,gene_symbol,Le,Apparent Density,Tissue Density,Unnamed: 1
4921509C19RIK_E01_M_total mean,,14.6375,1.69142,1.0032825,0.6881375,40.57286554,0.68639875,4.4905,3.548575152,0.00173875,0.25325,0.157075,0.31567625,0.20986,0.1058175,0.21927375,0.17172125,1.905038952,1.229237558,1161.30635,1230.616163,4921509C19Rik_E01_CF.xlsx,4921509C19Rik,,,,
4930563E22Rik_E01_M_total mean,,,1.88619875,1.13489,0.75130875,39.77238202,0.74913375,4.893375,3.771331611,0.002175,0.288375,0.163975,0.3889725,0.2603225,0.12864875,0.25805625,0.19634,2.005320346,1.303411134,1138.783025,1200.8548,4930563E22Rik_E01_CF.xlsx,4930563E22Rik,14.868,,,
A1cf_E01_M_total mean,,14.772,1.75138375,1.00562875,0.745755,42.56871328,0.74376625,4.560625,3.539063556,0.00198875,0.258,0.172675,0.35560125,0.230815,0.12478625,0.24108875,0.18962375,1.85985419,1.292233058,1161.9066,1226.26635,A1cf_E01_CF.xlsx,A1cf,,,,
Abca7_E01_M_total mean,,,1.758862857,1.063674286,0.695188571,39.07846671,0.692504286,4.638571429,3.648498777,0.002684286,0.362571429,0.157457143,0.34753,0.234615714,0.112914286,0.24095,0.178292857,1.893463741,1.242496521,1145.315214,1213.321343,Abca7_E01_CF.xlsx,Abca7,14.64457143,,,
Acap1_E01_M_total mean,,,1.835618,1.103248,0.73237,39.81984784,0.72965,4.7346,3.720185057,0.00272,0.3784,0.16184,0.369976,0.252562,0.117408,0.255458,0.18698,1.973436193,1.253821629,1149.36178,1214.78288,Acap1_E01_CF.xlsx,Acap1,14.7296,,,
ACSF2_E01_M_total mean,,14.39625,1.49484625,0.88673375,0.6081125,40.69643448,0.60639875,4.080125,3.334134405,0.00171375,0.282125,0.14965,0.24191375,0.15525,0.08666375,0.18325125,0.14230625,1.694277712,1.218586687,1157.800388,1232.4083,Acsf2_E01_CF.xlsx,Acsf2,,,,
Acsm2_E01_M_total mean,,,1.81586125,1.08989375,0.7259675,39.74896003,0.72396625,4.77325,3.69619279,0.00200125,0.272625,0.16145,0.36409,0.24344125,0.12064625,0.2450975,0.18872375,1.964887807,1.264848958,1139.5312,1202.5686,Acsm2_E01_CF.xlsx,Acsm2,14.876,,,
Adck2_E01_M_total mean,,,1.58987625,0.9648575,0.62501875,39.29776259,0.6232725,4.16075,3.474669393,0.00174625,0.275125,0.1491625,0.269815,0.172785,0.09703,0.1969525,0.154995,1.739833632,1.240982845,1151.275688,1222.638625,Adck2_E01_CF.xlsx,Adck2,15.398,,,
Adck5_E01_M_total mean,,,1.74264875,1.01645,0.72619875,41.5829631,0.72427375,4.657125,3.56707335,0.001925,0.2645,0.165825,0.3452275,0.23106375,0.114165,0.24022625,0.18427,1.90428882,1.227342056,1149.53575,1213.443125,Adck5_E01_CF.xlsx,Adck5,14.912,,,
Adgrb2_E01_M_total mean,,,1.8383125,1.07751375,0.76079875,41.26043288,0.75887125,4.729,3.677374135,0.0019275,0.25,0.168475,0.3804675,0.25431875,0.12614875,0.26307125,0.19644,1.926400836,1.278450722,1146.108088,1205.709175,Adgrb2_E01_CF.xlsx,Adgrb2,14.75,,,
ADORA2B_E01_M_total mean,,14.50428571,1.691651429,1.036825714,0.654825714,38.52486163,0.651627143,4.460571429,3.608732634,0.003198571,0.487142857,0.1489,0.302315714,0.202615714,0.099702857,0.214122857,0.16361,1.890903921,1.218914789,1108.023086,1187.568729,Adora2b_E01_CF.xlsx,Adora2b,,,,
AHRR_E01_M_total mean,,14.8625,1.90492125,1.13804125,0.76688,40.17000954,0.76409625,4.897875,3.773601575,0.00278375,0.36325,0.167025,0.39748625,0.26296875,0.13451625,0.2611525,0.20340125,1.993930784,1.310054321,1103.4033,1165.735363,Ahrr_E01_CF.xlsx,Ahrr,,,,
Akap11_E01_M_total mean,,,1.81926125,1.06819875,0.7510625,41.06606936,0.74844625,4.76825,3.660757722,0.00261625,0.344875,0.1681625,0.37756625,0.25875625,0.11880875,0.2626775,0.18924125,1.958051408,1.249616119,1143.56785,1205.578675,Akap11_E01_CF.xlsx,Akap11,14.78,,,
Akr1b8_E01_M_total mean,,,1.53070625,0.88077125,0.649935,42.20707921,0.648075,4.077625,3.323695667,0.00186,0.287125,0.1594625,0.26862625,0.17786375,0.0907625,0.2009275,0.15159875,1.747929689,1.194300078,1152.580625,1221.307575,Akr1b8_E01_CF.xlsx,Akr1b8,14.256,,,
Akr1d1_E01_M_total mean,,,1.6994675,0.9701925,0.729275,42.77379622,0.72650125,4.538125,3.489957445,0.00277375,0.377,0.1701875,0.33288625,0.22464625,0.10824125,0.2358725,0.17740375,1.901670165,1.21811087,1147.578325,1211.390038,Akr1d1_E01_CF.xlsx,Akr1d1,14.83,,,
Al464131_E01_M_total mean,,,1.737912857,1.002707143,0.735205714,42.20298635,0.73332,4.609571429,3.548452376,0.001885714,0.257142857,0.167871429,0.34855,0.239121429,0.109428571,0.248772857,0.180531429,1.918747972,1.211436433,1155.516129,1217.686057,Al464131_E01_CF.xlsx,Al464131,14.77028571,,,
ARHGEF10_E01_M_total mean,,14.44625,1.69074875,1.0209725,0.66977625,39.49865623,0.668075,4.431125,3.578834705,0.00170125,0.250125,0.1537,0.31151,0.20821625,0.10329625,0.2188275,0.168075,1.892385644,1.223903616,1166.630463,1240.655538,Arhgef10_E01_CF.xlsx,Arhgef10,,,,
Arrb1_E01_M_total mean,,13.99125,1.49114875,0.90144375,0.589705,39.35095583,0.58798875,3.993625,3.363502323,0.00171625,0.287,0.1432875,0.241705,0.16067875,0.08103,0.18207125,0.1389375,1.749964895,1.165592793,,,Arrb1_E01_CF.xlsx,Arrb1,,1142.889225,1216.922963,
ARSK_E01_M_total mean,,14.6,1.801638571,1.089314286,0.712324286,39.44949814,0.71012,4.790571429,3.697881229,0.002204286,0.308714286,0.159728571,0.353124286,0.24021,0.112914286,0.242242857,0.179545714,1.979830241,1.25596883,1117.156014,1187.399986,Arsk_E01_CF.xlsx,Arsk,,,,
BC030499_E01_E01_M_total mean,,,1.76547125,1.01985,0.74562125,42.17696918,0.74353625,4.606875,3.575121207,0.002085,0.282375,0.1699,0.3550775,0.23771625,0.1173625,0.2461375,0.1852375,1.925488802,1.258330114,1146.8128,1209.041113,BC030499_E01_CF.xlsx,BC030499,14.78,,,
Bex4_E01_M_total mean,,,2.037545,1.23416875,0.80337625,39.32155326,0.800565,5.27625,3.930364118,0.00281125,0.343,0.1670375,0.45291375,0.30265125,0.1502625,0.2895875,0.22228125,2.064644193,1.340353985,1154.19875,1219.376275,Bex4_E01_CF.xlsx,Bex4,15.398,,,
Bex6_E01_M_total mean,,,1.85619625,1.1143,0.74189625,39.82932059,0.73932625,4.77625,3.740010544,0.00257,0.3425,0.16155,0.3778325,0.25491,0.12292125,0.25471625,0.19436375,1.995959089,1.261154848,1143.193725,1206.474725,Bex6_E01_CF.xlsx,Bex6,14.782,,,
Bhlhe_E01_M_total mean,,,1.91176875,1.18892125,0.7228475,37.7707262,0.7210375,4.7615,3.857329146,0.00181,0.248125,0.1550375,0.38320625,0.25276,0.13044875,0.253895,0.1974825,1.966323398,1.314310991,1143.559113,1207.892763,Bhlhe_E01_CF.xlsx,Bhlhe,14.486,,,
BZW2_E01_M_total mean,,14.48,2.12491875,1.31948625,0.8054325,37.73955935,0.801325,5.071875,4.068364597,0.41075,0.00513125,0.1649,0.46588375,0.3033075,0.1625775,0.2931625,0.23117,2.062941845,1.399911737,1115.711638,1186.8949,Bzw2_E01_CF.xlsx,Bzw2,,,,
C1qa_E01_M_total mean,,14.83,1.79479375,1.03467875,0.760115,42.20580877,0.75816125,4.646625,3.601092651,0.00195375,0.25775,0.1725,0.36919625,0.24626375,0.12293125,0.252905,0.19345625,1.932480057,1.25860722,1166.065013,1230.99895,C1qa_E01_CF.xlsx,C1qa,,,,
C1qb_E01_M_total mean,,,2.00522875,1.16606625,0.8391625,41.72479134,0.83689,4.98225,3.826789947,0.0022725,0.269125,0.179275,0.45451875,0.30568375,0.14883625,0.29365125,0.222005,2.07854058,1.337572813,1150.353525,1207.283788,C1qb_E01_CF.xlsx,C1qb,14.92,,,
C1QTNF5_E01_M_total mean,,14.6125,1.83376375,1.09871375,0.73505,39.88807138,0.73147875,4.85675,3.71506679,0.00357125,0.482625,0.1603,0.36903625,0.25111875,0.11792125,0.2528675,0.18892875,1.983908266,1.247217605,1106.7735,1173.987213,C1qtnf5_E01_CF.xlsx,C1qtnf5,,,,
Car12_E01_M_total mean,,,1.63797875,0.96252875,0.67545,41.13354291,0.67377375,4.3365,3.476783098,0.00167625,0.247625,0.1575125,0.297865,0.1973075,0.100555,0.21627375,0.16631875,1.823156354,1.209929305,1150.257825,1216.174813,Car12_E01_CF.xlsx,Car12,14.504,,,
Carf_E01_M_total mean,,,1.8008175,1.05175375,0.74906375,41.44158903,0.746965,4.671,3.633912854,0.00209875,0.279,0.1674875,0.363185,0.241035,0.12214875,0.24744875,0.192925,1.945138904,1.26034157,1147.560938,1209.937163,Carf_E01_CF.xlsx,Carf,14.758,,,
Cbln3_E01_M_total mean,,14.7,1.817935,1.0801725,0.7377625,40.36291459,0.73401625,4.861625,3.683635017,0.00374625,0.52175,0.16375,0.3693,0.253845,0.11545375,0.24888125,0.18743625,2.033948021,1.23166576,1099.485825,1164.580088,Cbln3_E01_CF.xlsx,Cbln3,,,,
CCDC120_E01_M_total mean,,14.98571429,2.04637,1.21419625,0.83217375,40.53848553,0.8287825,5.13225,3.903473034,0.00339125,0.40725,0.1757,0.46301625,0.3127425,0.15027625,0.29674125,0.22390625,2.101948891,1.338417055,1107.285988,1168.393313,CCdc120_E01_CF.xlsx,Ccdc120,,,,
Cd33_E01_M_total mean,,14.3925,1.719245,1.085595,0.63365,36.64153321,0.63196125,4.47175,3.690311376,0.00168875,0.263625,0.1423125,0.30458375,0.2011425,0.10344375,0.2123075,0.1647725,1.878574177,1.246606708,1126.711275,1189.744575,Cd33_E01_CF.xlsx,Cd33,,,,
CD84_E01_M_total mean,,14.3475,1.53655375,0.88559875,0.650955,42.27902838,0.64916125,4.11625,3.334714305,0.00179375,0.276125,0.1585875,0.26670375,0.175945,0.09076,0.1985825,0.15363625,1.770981122,1.180111247,1151.353975,1219.141375,Cd84_E01_CF.xlsx,Cd84,,,,
Cdk15_E01_M_total mean,,14.86142857,1.781201429,1.022301429,0.7589,42.35468484,0.756614286,4.722714286,3.579783691,0.002285714,0.296285714,0.172242857,0.371257143,0.252367143,0.118891429,0.253332857,0.189898571,1.971813832,1.238554475,1153.686714,1216.701786,Cdk15_E01_CF.xlsx,Cdk15,,,,
Ceacam16_E01_M_total mean,,,1.633081667,1.000671667,0.63241,38.58565525,0.630768333,4.330833333,3.544969635,0.001641667,0.257833333,0.1474,0.282455,0.185506667,0.096946667,0.200776667,0.157826667,1.841778586,1.225898868,1152.447217,1226.683967,Ceacam16_E01_CF.xlsx,Ceacam16,14.41333333,,,
Cers5_E01_M_total mean,,14.135,1.77618625,1.10958125,0.666605,37.3964656,0.6649275,4.423875,3.732332155,0.0016775,0.249125,0.1464375,0.32535625,0.21294125,0.11241375,0.2229875,0.176095,1.905008753,1.270415441,,,Cers5_E01_CF.xlsx,Cers5,,1134.572413,1202.011863,
Ces4a_E01_M_total mean,,,1.72429,1.022808,0.701482,40.46793337,0.698852,4.5308,3.581791661,0.00263,0.3576,0.16008,0.32577,0.211786,0.113988,0.228948,0.180078,1.83671447,1.256706203,1144.05848,1211.3448,Ces4a_E01_CF.xlsx,Ces4a,11.6928,,,
Cfb_E01_M_total mean,,,1.70506375,1.00018125,0.7048825,41.12515092,0.7027675,4.539875,3.542281961,0.002115,0.297875,0.1648875,0.324695,0.21252125,0.112175,0.23155125,0.177775,1.822997756,1.252737015,1160.488563,1229.163363,Cfb_E01_CF.xlsx,Cfb,14.774,,,
Chek2_E01_M_total mean,,14.61375,1.69693,1.0059675,0.6909625,40.62490312,0.68898125,4.474375,3.549986813,0.00198125,0.28375,0.1606,0.3207325,0.2141525,0.10658125,0.22737625,0.17094,1.862782026,1.240414667,1156.617238,1225.1093,Chek2_E01_CF.xlsx,Chek2,,,,
CITED4_E01_M_total mean,,14.5825,1.70561375,1.00028625,0.7053275,41.10662457,0.7015625,4.435,3.544092835,0.003765,0.53075,0.1624125,0.3223,0.2144775,0.10782125,0.227115,0.17484375,1.882795471,1.230802172,1119.637763,1196.102275,Cited4_E01_CF.xlsx,Cited4,,,,
Cldn13_E01_E01_M_total mean,,,1.91118625,1.12455125,0.786635,40.98467783,0.78438125,4.8905,3.756425033,0.00225375,0.281625,0.170475,0.40962625,0.27405875,0.13556875,0.27129625,0.20739375,2.00943232,1.29872179,1164.011888,1227.980188,Cldn13_E01_CF.xlsx,Cldn13,14.918,,,
CML2_E01_M_total mean,,14.58888889,1.708934444,0.990512222,0.718422222,41.92861651,0.715784444,4.634444444,3.523566912,0.002637778,0.366111111,0.164933333,0.33338,0.22646,0.106922222,0.233178889,0.174824444,1.926300889,1.218974043,1111.515222,1177.105567,Cml2_E01_CF.xlsx,Cml2,,,,
COL18A1_E01_M_total mean,,14.53875,1.6927175,1.0125925,0.680125,40.16582445,0.67849625,4.4235,3.559498403,0.00162875,0.0023825,0.1557375,0.31448375,0.2056475,0.10883375,0.2192125,0.17296375,1.857905741,1.247172117,1163.133238,1234.322225,Col18a1_E01_CF.xlsx,Col18a1,,,,
Cpb1_E01_M_total mean,,,1.74337875,1.01364,0.72973875,41.7586199,0.7274875,4.627,3.564150275,0.00225125,0.308625,0.166675,0.34676,0.2331025,0.11365875,0.2384625,0.1804325,1.945496035,1.248232051,1162.828788,1229.11115,Cpb1_E01_CF.xlsx,Cpb1,14.838,,,
CP_E01_M_total mean,,14.58375,1.6428775,1.0103275,0.63255,38.49066591,0.6312025,4.41875,3.560376672,0.0013475,0.211875,0.1479625,0.28744375,0.19265625,0.09478375,0.20893,0.15752,1.842936323,1.201363406,1134.333538,1196.16945,Cp_E01_CF.xlsx,Cp,,,,
Crygs_E01_M_total mean,,,1.90637875,1.12440125,0.7819775,40.86798215,0.77964375,4.8795,3.758312242,0.00233375,0.299,0.171325,0.40623625,0.27464875,0.13159,0.2704375,0.20409625,2.027168953,1.286406986,1144.90755,1205.343763,Crygs_E01_CF.xlsx,Crygs,14.948,,,
CRYM_E01_M_total mean,,14.485,1.7855775,1.07505125,0.71052625,39.53447864,0.70689875,4.5675,3.675036893,0.0036275,0.50475,0.1575,0.34639875,0.23472125,0.111675,0.24202125,0.1800425,1.933533552,1.240326818,1114.981988,1191.238013,Crym_E01_CF.xlsx,Crym,,,,
Cyb5d2_E01_M_total mean,,,1.98771,1.20105625,0.78665375,39.58852401,0.78359375,5.023125,3.878002535,0.00306,0.38575,0.1680125,0.43038,0.29107125,0.13930875,0.2814975,0.2080875,2.062019962,1.331691633,1146.543125,1209.1368,Cyb5d2_E01_CF.xlsx,Cyb5d2,14.896,,,
Cyp2c44_E01_M_total mean,,,1.88463,1.071307143,0.813322857,42.97457795,0.810901429,4.867,3.668040125,0.002421429,0.293857143,0.179471429,0.413411429,0.280414286,0.132997143,0.283465714,0.208542857,1.970965077,1.272930033,1157.206329,1217.2784,Cyp2c44_E01_CF.xlsx,Cyp2c44,15.00342857,,,
Dennd2d_E01_M_total mean,,,1.7715375,1.06616875,0.70536875,39.68634575,0.703525,4.578875,3.658801669,0.00184375,0.25975,0.158525,0.34048875,0.2259925,0.1144925,0.23386375,0.18351875,1.924409883,1.244859877,1146.50825,1212.042475,Dennd2d_E01_CF.xlsx,Dennd2d,14.738,,,
DIXDC1_E01_M_total mean,,14.95,1.9906975,1.20747875,0.78321875,39.17372908,0.77896,5.111875,3.888326369,0.00425875,0.527375,0.1674,0.43305875,0.29346875,0.13958875,0.2864075,0.20897125,2.036222234,1.320905366,1124.059063,1194.182638,Dixdc1_E01_CF.xlsx,Dixdc1,,,,
Dnaja4_E01_M_total mean,,,1.9538225,1.16812875,0.78569375,40.09139535,0.78354,4.94575,3.829772737,0.00215375,0.27225,0.1673,0.4186375,0.27958875,0.1390475,0.27676625,0.21231625,2.017006176,1.304999859,1150.223038,1210.850638,Dnaja4_E01_CF.xlsx,Dnaja4,14.904,,,
DNAJB3_E01_M_total mean,,14.67714286,1.69702,1.030251429,0.666768571,39.10486193,0.663518571,4.510428571,3.597253749,0.00325,0.488428571,0.151685714,0.306535714,0.203935714,0.102601429,0.217061429,0.167744286,1.876462944,1.222431081,1122.327986,1204.156857,Dnajb3_E01_CF.xlsx,Dnajb3,,,,
Dnajb7_E01_M_total mean,,,1.71034,1.06427,0.64607,37.68651595,0.6440225,4.634,3.655941132,0.0020475,0.31475,0.146775,0.30906,0.2100275,0.0990325,0.222125,0.1611425,1.888674217,1.229294392,1149.396525,1221.51635,Dnajb7_E01_CF.xlsx,Dnajb7,14.752,,,
DNAJC14_E01_M_total mean,,14.78,1.900955,1.14889125,0.75206375,39.45898939,0.74980375,4.87425,3.795410796,0.00226,0.299625,0.162625,0.39211375,0.26,0.13211375,0.2592525,0.19888125,1.995064434,1.319313254,1164.316375,1232.947663,Dnajc14_E01_CF.xlsx,Dnajc14,,,,
Dnajc28_E01_M_total mean,,,1.724241429,1.087447143,0.636794286,37.00442288,0.635251429,4.552857143,3.688187953,0.001542857,0.244857143,0.145128571,0.316518571,0.21109,0.105425714,0.222275714,0.169721429,1.883554706,1.236303644,1142.093857,1213.400871,Dnajc28_E01_CF.xlsx,Dnajc28,14.69257143,,,
Dnajc30_E01_M_total mean,,,1.65031375,0.98983,0.66048375,39.9806435,0.65881625,4.42325,3.523855791,0.0016675,0.252125,0.154275,0.29415,0.19223375,0.101915,0.21028625,0.164765,1.822001482,1.237227879,1146.934575,1214.71325,Dnajc30_E01_CF.xlsx,Dnajc30,14.674,,,
DNAJC5G_E01_M_total mean,,14.5325,1.78498125,1.06671,0.71827125,40.09100727,0.71552875,4.750875,3.660630495,0.0027425,0.38075,0.159575,0.34611,0.22997125,0.11613625,0.24045125,0.18699625,1.912331744,1.241704544,1126.2914,1196.762438,Dnajc5g_E01_CF.xlsx,Dnajc5g,,,,
Dntt_E01_M_total mean,,,1.91045875,1.138865,0.77159375,40.25671323,0.7694425,4.895875,3.777472174,0.00215125,0.280875,0.1663625,0.40450125,0.2707025,0.13379875,0.268215,0.20622,2.003186764,1.282685231,1144.59435,1206.735725,Dntt_E01_CF.xlsx,Dntt,14.958,,,
Efna4_E01_M_total mean,,,1.61668875,0.9411775,0.67551125,41.60036617,0.6738025,4.367,3.438543418,0.00170875,0.25225,0.1590125,0.296215,0.19941,0.09680625,0.218325,0.163705,1.820716845,1.179714423,1141.9758,1206.118038,Efna4_E01_CF.xlsx,Efna4,14.638,,,
Eif1b_01_M_total mean,,,1.7394,1.0690825,0.6703175,38.41502373,0.669,4.53975,3.664343195,0.0013175,0.197,0.151575,0.31774,0.2066725,0.11107,0.2166925,0.1741325,1.898368649,1.272941878,1150.3013,1217.6711,Eif1b_E01_CF.xlsx,Eif1b,14.512,,,
Elk1_E01_M_total mean,,,2.12096125,1.26655,0.85441125,40.15673357,0.85080125,5.31575,3.986246452,0.00361,0.422625,0.1776875,0.4929925,0.32598875,0.167005,0.3122975,0.23646375,2.082274484,1.407153575,1163.3681,1226.77095,Elk1_E01_CF.xlsx,Elk1,15.068,,,
Epb4.1L4a_E01_M_total mean,,14.45142857,1.678915714,1.01189,0.667025714,39.56676265,0.66538,4.438285714,3.562735871,0.001645714,0.243,0.153785714,0.3091,0.205648571,0.103451429,0.216645714,0.167338571,1.879869132,1.230743029,1160.237214,1225.473814,Epb4_1l4a_E01_CF.xlsx,Epb41l4a,,,,
Epgn_E01_M_total mean,,,1.774385,1.0368075,0.7375775,41.40638747,0.735395,4.651375,3.607393408,0.0021825,0.293625,0.16505,0.35994875,0.246815,0.113135,0.2518175,0.18415625,1.950469404,1.225044265,1150.475325,1215.296163,Epgn_E01_CF.xlsx,Epgn,14.746,,,
Epha10_E01_E01_M_total mean,,,1.7019125,0.98995375,0.71195875,41.70881006,0.709655,4.42675,3.522537149,0.00230375,0.319375,0.1645,0.326275,0.214565,0.11171,0.22795375,0.17777375,1.866278043,1.249061586,1154.851238,1220.098363,Epha10_E01_CF.xlsx,Epha10,14.588,,,
Ermp1_E01_M_total mean,,,1.596882857,0.956147143,0.640735714,40.05225139,0.639282857,4.323857143,3.465183011,0.001452857,0.226714286,0.1533,0.274482857,0.177121429,0.097358571,0.19936,0.158984286,1.775208641,1.224031302,1158.270157,1230.0743,Ermp1_E01_CF.xlsx,Ermp1,12.544,,,
Espnl_E01_M_total mean,,,1.67515625,1.00337375,0.6717825,39.84780702,0.66972125,4.440125,3.548814045,0.00206125,0.30175,0.1551375,0.30605375,0.20199875,0.104055,0.2159275,0.16699625,1.85763424,1.235645041,1149.979438,1219.219663,Espnl_E01_CF.xlsx,Espnl,14.62,,,
Fam161a_E01_M_total mean,,,1.733301667,1.02475,0.708551667,40.80108439,0.706773333,4.518666667,3.57854608,0.001778333,0.248333333,0.162333333,0.336356667,0.221393333,0.114963333,0.2287,0.180258333,1.898479274,1.258050585,1158.235383,1226.32435,Fam161a_E01_CF.xlsx,Fam161a,12.19733333,,,
Fam186b_E01_M_total mean,,,2.0599975,1.27487625,0.78512125,38.05845211,0.78294625,5.18275,3.995285449,0.002175,0.277,0.162475,0.4532925,0.3045975,0.14869625,0.28513,0.21899875,2.114955101,1.347647839,1147.578325,1210.981125,Fam186b_E01_CF.xlsx,Fam186b,14.89,,,
Fam217b_E01_M_total mean,,,1.76115875,1.0808475,0.68031125,38.50704078,0.6784375,4.67825,3.684431147,0.00187375,0.275375,0.1544625,0.32797375,0.21756875,0.11040625,0.22545875,0.17511875,1.924852278,1.259668551,1139.270188,1206.022338,Fam217b_E01_CF.xlsx,Fam217b,14.868,,,
Far2_E01_M_total mean,,14.31875,1.68151875,1.03580125,0.6457175,38.25858672,0.64413875,4.36275,3.606398772,0.00157875,0.242875,0.1501375,0.295715,0.19105125,0.10466625,0.20693375,0.1641525,1.837368972,1.272159153,,,Far2_E01_CF.xlsx,Far2,,1151.014688,1223.125838,
Ffar2_E01_M_total mean,,,1.776065,1.0313,0.744765,41.86285573,0.742415,4.62325,3.595309319,0.00235,0.31275,0.1673875,0.36314625,0.24974375,0.1134025,0.25265875,0.184905,1.967831151,1.221927381,1146.6127,1208.32775,Ffar2_E01_CF.xlsx,Ffar2,14.578,,,
Fndc4_E01_M_total mean,,,1.714725,1.036535,0.67819,39.44124735,0.67666,4.5895,3.608534373,0.00153,0.225333333,0.1543,0.318808333,0.213811667,0.104996667,0.226048333,0.171648333,1.889278701,1.221365385,1154.047967,1223.111317,Fndc4_E01_CF.xlsx,Fndc4,14.77333333,,,
Folh1_E01_M_total mean,,,1.850506,1.120624,0.729882,39.29161031,0.727772,4.793,3.749829703,0.00211,0.2862,0.15982,0.374914,0.25444,0.120474,0.250682,0.190604,2.015136961,1.25654131,1145.75662,1210.78802,Folh1_E01_CF.xlsx,Folh1,14.7648,,,
Foxred2_E01_M_total mean,,,1.903527143,1.145098571,0.758428571,39.82397029,0.756522857,4.802,3.784277819,0.001905714,0.248285714,0.165557143,0.397151429,0.263971429,0.13318,0.26359,0.199582857,1.980264571,1.318557004,1145.414614,1206.490886,Foxred2_E01_CF.xlsx,Foxred2,14.74514286,,,
GHSR_E01_M_total mean,,14.30857143,1.556811429,0.937395714,0.619415714,39.68198844,0.617945714,4.152142857,3.430054972,0.00147,0.235,0.148528571,0.26131,0.170051429,0.09126,0.190724286,0.15154,1.771869426,1.203137368,1171.115743,1249.1538,Ghsr_E01_CF.xlsx,Ghsr,,,,
Gimap8_E01_M_total mean,,,1.78115125,1.04188625,0.739265,41.38104492,0.73722875,4.662875,3.617594416,0.00203625,0.276,0.168125,0.35975875,0.246515,0.113245,0.25023375,0.1849525,1.966969455,1.223018244,1151.101688,1213.486588,Gimap8_E01_CF.xlsx,Gimap8,14.818,,,
GIPC3_E01_M_total mean,,14.59875,1.6127,0.94167625,0.67102375,41.42715011,0.66912625,4.354125,3.437607211,0.0018975,0.27775,0.1579875,0.2928925,0.1945775,0.09831375,0.21452875,0.16136,1.802832048,1.212239201,1160.984425,1231.990713,Gipc3_E01_CF.xlsx,Gipc3,,,,
Gjd4_E01_M_total mean,,,1.77031125,1.05939625,0.710915,40.31940754,0.70899875,4.65825,3.63472405,0.00191625,0.2685,0.1600375,0.3485625,0.235295,0.1132675,0.23992,0.179875,1.938041983,1.240208837,1155.242688,1220.646425,Gjd4_E01_CF.xlsx,Gjd4,14.794,,,
GLYCAM1_E01_M_total mean,,14.7125,1.7180125,1.0285,0.6895125,40.01520356,0.6873325,4.664,3.593765731,0.00218,0.3145,0.155,0.32101125,0.21363375,0.107375,0.22357875,0.17435875,1.90626571,1.230498967,1120.949425,1189.622375,Glycam1_E01_CF.xlsx,Glycam1,,,,
Gm94_E01_M_total mean,,,1.896586667,1.128411667,0.768175,40.42238486,0.76623,4.843833333,3.7635729,0.001945,0.250666667,0.168616667,0.395645,0.262585,0.13306,0.264126667,0.203681667,1.98219,1.304290314,1152.9228,1215.293217,Gm94_E01_CF.xlsx,Gm94,14.89066667,,,
GPNMB_E01_M_total mean,,14.55571429,1.683888571,0.985237143,0.698651429,41.28759788,0.695532857,4.447,3.515286119,0.003118571,0.439285714,0.161457143,0.316835714,0.210088571,0.106745714,0.2253,0.172788571,1.852145003,1.230394316,1123.171814,1196.6123,Gpnmb_E01_CF.xlsx,Gpnmb,,,,
Gpr142_E01_M_total mean,,,1.869187143,1.133411429,0.735775714,39.09291131,0.733554286,4.845857143,3.772214241,0.002221429,0.298714286,0.1605,0.377405714,0.251815714,0.12559,0.255825714,0.19473,1.963981926,1.277443997,1146.548043,1212.2078,Gpr142_E01_CF.xlsx,Gpr142,14.96914286,,,
Gpr183_E01_M_total mean,,,1.68167125,1.03932125,0.64235,38.07445058,0.64034,4.44,3.612241695,0.00201,0.312125,0.1464,0.29934375,0.2016125,0.0977325,0.2133775,0.16121375,1.882257144,1.210782004,1137.147525,1205.909275,Gpr183_E01_CF.xlsx,Gpr183,14.464,,,
Gpr19_E01_M_total mean,,,1.78490875,1.07520875,0.7097,39.65232725,0.70761,4.661125,3.673193047,0.00209,0.29375,0.1584,0.34764875,0.23422625,0.113425,0.24051625,0.18246375,1.938346237,1.240301429,1147.117238,1214.278288,Gpr19_E01_CF.xlsx,Gpr19,14.718,,,
Gramd1c_E01_M_total mean,,,1.88322625,1.13516625,0.74806,39.57813029,0.74612875,4.84575,3.776535672,0.00193125,0.258375,0.16235,0.38371375,0.255995,0.12772,0.25704875,0.19797375,1.990289158,1.288162524,1140.340275,1202.02925,Gramd1c_E01_CF.xlsx,Gramd1c,14.804,,,
Hc_E01_M_total mean,,,1.756465,1.04243125,0.71403375,40.48813822,0.71206125,4.58375,3.617508608,0.0019725,0.278,0.1615375,0.34034,0.2261775,0.11416375,0.23583875,0.18215625,1.909899056,1.24706706,1153.537563,1218.845588,Hc_E01_CF.xlsx,Hc,14.688,,,
HDAC10_M_total mean,,14.58625,1.89242125,1.13411,0.75831125,39.96447997,0.75542625,4.88,3.772613307,0.002885,0.381625,0.1653125,0.38589375,0.2544775,0.13141375,0.26189375,0.200705,1.939539867,1.307185374,1121.027588,1187.442163,Hdac10_E01_CF.xlsx,Hdac10,,,,
Hemgn_E01_M_total mean,,,1.95457375,1.15436,0.80021375,40.75319998,0.79779,4.9145,3.804325777,0.00242375,0.299375,0.17195,0.42688875,0.28404625,0.14284125,0.280655,0.21497125,2.017566656,1.310299845,1145.142438,1204.839238,Hemgn_E01_CF.xlsx,Hemgn,14.866,,,
Heyl_E01_M_total mean,,14.67,1.64311875,0.988675,0.65444375,39.73119213,0.652505,4.42425,3.523181228,0.00193875,0.29675,0.152725,0.29302,0.1954175,0.097605,0.2094075,0.16309125,1.861570103,1.195516138,1142.77615,1211.390025,Heyl_E01_CF.xlsx,Heyl,,,,
HFE2_E01_M_total mean,,14.616,1.773226,1.048572,0.724654,40.81796958,0.722652,4.5496,3.620403761,0.002002,0.2738,0.1617,0.355082,0.238694,0.116386,0.239014,0.183684,1.964528364,1.255537575,1167.16464,1235.82894,Hfe2_E01_CF.xlsx,Hfe2,,,,
Hsd17b11_E01_M_total mean,,,2.03889,1.23055125,0.80833875,39.75574472,0.806165,5.126875,3.917480151,0.00217375,0.27,0.1711,0.45055625,0.29137875,0.1591775,0.283255,0.2268225,2.036069045,1.376210154,1160.384163,1224.9788,Hsd17b11_E01_CF.xlsx,Hsd17b11,15.098,,,
Hsf2_E01_M_total mean,,,1.7201425,1.027655,0.6924875,40.14413074,0.6909125,4.529875,3.592388599,0.001575,0.227875,0.1581,0.3233875,0.21397375,0.10941625,0.22682375,0.17362875,1.882151874,1.257305851,1151.736763,1219.463263,Hsf2_E01_CF.xlsx,Hsf2,14.766,,,
HSF4_E01_M_total mean,,14.72222222,1.852721111,1.106306667,0.746414444,40.09869052,0.743397778,4.894555556,3.724331454,0.003016667,0.401444444,0.1628,0.379094444,0.254384444,0.124706667,0.252806667,0.1963,2.005375659,1.270858607,1107.415356,1173.152389,Hsf4_E01_CF.xlsx,Hsf4,,,,
Hspb1_E01_E01_M_total mean,,,1.86521375,1.0654175,0.79979625,42.73015199,0.7973425,4.857875,3.656996176,0.00245375,0.304125,0.1773125,0.40224,0.2727225,0.1295175,0.27047125,0.2042275,2.008293602,1.263871735,1164.1424,1225.605188,Hspb1_E01_CF.xlsx,Hspb1,14.996,,,
HSPB2_E01_M_total mean,,14.70625,1.75770875,1.06660125,0.6911075,39.24598619,0.68925625,4.617125,3.659397358,0.00185125,0.267125,0.1558125,0.3339025,0.2257325,0.10816875,0.2334025,0.17549375,1.932263719,1.230871457,1153.5985,1222.899588,Hspb2_E01_CF.xlsx,Hspb2,,,,
HSPB3_E01_M_total mean,,14.54,1.6110725,0.963895,0.6471775,40.11319403,0.64547,4.317375,3.477221715,0.0017075,0.261125,0.1517875,0.27926375,0.17893,0.10033625,0.19976,0.1619375,1.788010553,1.236161335,1172.920313,1248.94625,Hspb3_E01_CF.xlsx,Hspb3,,,,
Htr1d_E01_M_total mean,,14.30285714,1.577068571,0.934965714,0.642102857,40.56018431,0.640567143,4.145857143,3.418974071,0.001535714,0.238571429,0.154257143,0.275897143,0.179432857,0.096464286,0.198804286,0.156811429,1.766694829,1.218637532,,,Htr1d_E01_CF.xlsx,Htr1d,,1150.694014,1219.3862,
Htr1f_E01_E01_M_total mean,,,1.89638625,1.089735,0.80665125,42.40809692,0.80391375,4.861,3.698957761,0.0027375,0.337125,0.1760375,0.41130375,0.27653,0.13477375,0.27260875,0.20885,2.027598043,1.288315731,1160.514663,1222.9257,Htr1f_E01_CF.xlsx,Htr1f,14.908,,,
HTR3B_E01_M_total mean,,14.5175,1.7037375,1.03162375,0.67211375,39.42528235,0.66998125,4.459125,3.59372486,0.0021325,0.31575,0.1543125,0.31518,0.20939625,0.105785,0.21938125,0.17058375,1.887940596,1.234959461,1157.656,1225.621863,Htr3b_E01_CF.xlsx,Htr3b,,,,
Hyal3_E01_M_total mean,,,1.79646125,1.06584875,0.7306125,40.63799219,0.72848875,4.7135,3.655087916,0.00212375,0.2915,0.16315,0.35793125,0.240885,0.11704625,0.2474625,0.1867425,1.938349938,1.246884624,1149.527063,1213.330038,Hyal3_E01_CF.xlsx,Hyal3,14.892,,,
Ifnk_E01_M_total mean,,,1.7996375,1.03750375,0.76213375,42.2289449,0.76013375,4.738375,3.609027149,0.002,0.262,0.169825,0.371415,0.25188375,0.11953125,0.25606625,0.19316125,1.959672622,1.235261372,1152.5197,1213.921613,Ifnk_E01_CF.xlsx,Ifnk,14.992,,,
Igfl3_E01_M_total mean,,,1.767185,1.0494075,0.7177775,40.42057032,0.71607125,4.590875,3.629364082,0.00170625,0.238125,0.1625375,0.34739,0.23381875,0.11357,0.2413025,0.1818975,1.929440728,1.240877436,1151.701963,1217.23615,Igfl3_E01_CF.xlsx,Igfl3,14.758,,,
II12RB2_E01_M_total mean,,14.37875,1.6417625,1.00955125,0.63221125,38.43902124,0.63047625,4.33725,3.559332228,0.001735,0.2745,0.147375,0.28320375,0.18594875,0.09725625,0.2021025,0.158835,1.833198787,1.222315414,1158.096163,1232.860663,II12rb2_E01_CF.xlsx,II12rb2,,,,
II24_E01_M_total mean,,14.83375,1.82161375,1.04429875,0.777315,42.65396158,0.77486875,4.75,3.616271841,0.00244625,0.31525,0.1746625,0.38316125,0.25811625,0.12504875,0.26447875,0.19699875,1.936516917,1.264365888,1182.803075,1250.990675,Il24_E01_CF.xlsx,Il24,,,,
IL6ST_E01_M_total mean,,14.64875,1.90226625,1.1867575,0.71550875,37.35963894,0.71323875,4.88175,3.859419731,0.00227,0.312625,0.1535375,0.381305,0.2566825,0.12462375,0.25336375,0.1903675,2.012469328,1.302197613,1148.361325,1218.140913,Il6st_E01_CF.xlsx,Il6st,,,,
Infl3_E01_M_total mean,,,1.638706667,0.97835,0.660356667,40.18540344,0.658615,4.405333333,3.505777835,0.001741667,0.262666667,0.153216667,0.29466,0.197763333,0.096896667,0.213795,0.163561667,1.847473297,1.185807477,1144.339167,1212.683333,Infl3_E01_CF.xlsx,Infl3,14.54133333,,,
Ipp_E01_M_total mean,,,1.81067375,1.0967275,0.71394625,39.30953756,0.71168125,4.757375,3.710051304,0.002265,0.316875,0.1601,0.35331875,0.23577,0.1175475,0.2436075,0.1827875,1.928963128,1.282543354,1142.193275,1207.475213,Ipp_E01_CF.xlsx,Ipp,14.87,,,
Iqgap2_E01_M_total mean,,,1.73652375,1.0364,0.70012375,40.14099831,0.698105,4.63875,3.604572825,0.00201875,0.285125,0.15965,0.334325,0.2242125,0.110115,0.23503375,0.17681,1.890394166,1.232478008,1140.261963,1204.630438,Iqgap2_E01_CF.xlsx,Iqgap2,14.83,,,
Irf8_E01_M_total mean,,14.66,1.89648,1.2812325,0.6152475,32.36250971,0.61369,4.8225,4.01149693,0.0015575,0.253625,0.128625,0.327095,0.20822625,0.11886625,0.22382,0.17841375,1.858866295,1.330791401,,,Irf8_E01_CF.xlsx,Irf8,,1136.042638,1214.008588,
Jam2_E01_M_total mean,,,1.619507143,0.980732857,0.638774286,39.28236529,0.637364286,4.368142857,3.510023061,0.00141,0.223142857,0.148514286,0.284301429,0.190407143,0.093894286,0.20696,0.159118571,1.835292264,1.178218712,1149.123143,1218.690257,Jam2_E01_CF.xlsx,Jam2,14.54171429,,,
Jmjd8_E01_M_total mean,,,1.856705,1.1086475,0.7480575,40.18984392,0.7458025,4.777375,3.726761438,0.002255,0.29875,0.1646875,0.380055,0.25235875,0.12769625,0.255475,0.197235,1.956706207,1.286538769,1140.514225,1201.385475,Jmjd8_E01_CF.xlsx,Jmjd8,14.786,,,
KCNH3_E01_M_total mean,,14.67625,1.78126,1.086875,0.694385,38.81064834,0.6907975,4.647875,3.69445855,0.0035875,0.51475,0.15335,0.33949125,0.231405,0.1080875,0.2357525,0.17682,1.962401981,1.222159765,1109.014588,1184.532275,Kcnh3_E01_CF.xlsx,Kcnh3,,,,
Krt9_E01_M_total mean,,,1.76798125,1.04938875,0.7185925,40.44780916,0.71660125,4.5385,3.630336905,0.00199125,0.277,0.1616,0.34254375,0.22467375,0.11787,0.23487125,0.1851375,1.904814567,1.268808869,1146.490875,1210.72015,Krt9_E01_CF.xlsx,Krt9,15.398,,,
Lcn2_E01_M_total mean,,,1.8354975,1.08744625,0.74805125,40.63234025,0.74618625,4.716,3.695513637,0.001865,0.2495,0.1652,0.37476375,0.2520625,0.1227,0.25303,0.1936275,1.988956309,1.263202718,1142.367275,1201.585575,Lcn2_E01_CF.xlsx,Lcn2,14.722,,,
Lima1_E01_M_total mean,,,1.67360875,0.9544275,0.71918125,42.88395901,0.71719375,4.475125,3.460397044,0.0019875,0.2765,0.1666,0.32769625,0.22536625,0.10233375,0.2322775,0.1705125,1.93638782,1.19271587,1159.905688,1225.796563,Lima1_E01_CF.xlsx,Lima1,14.714,,,
Limch1_E01_M_total mean,,,1.71111375,0.96645375,0.74466,43.36571984,0.742415,4.496,3.482975265,0.002245,0.298875,0.1713375,0.343195,0.23303875,0.11015625,0.24582875,0.18121875,1.889501544,1.212608632,1160.57555,1223.6217,Limch1_E01_CF.xlsx,Limch1,14.646,,,
Lin28b_E01_M_total mean,,,1.73378375,1.05460625,0.6791775,39.09401945,0.67748625,4.591625,3.634446349,0.00169125,0.241125,0.1530875,0.32762375,0.21959125,0.1080325,0.22722375,0.17352375,1.917693742,1.234168077,1139.9923,1204.499938,Lin28b_E01_CF.xlsx,Lin28b,14.564,,,
Lipn_E01_M_total mean,,,1.95133625,1.16164,0.78969625,40.3935459,0.7875125,5.0155,3.818153189,0.00218375,0.276875,0.1681,0.4201425,0.28251875,0.13762,0.27758375,0.2099775,2.027995951,1.308690243,1160.088375,1222.856113,Lipn_E01_CF.xlsx,Lipn,14.988,,,
Lpar6_E01_M_total mean,,14.55875,1.6513425,0.98074125,0.67060125,40.35138307,0.66871625,4.4135,3.507102537,0.001885,0.2755,0.1568375,0.302015,0.19842375,0.10359375,0.21459,0.16656625,1.828858288,1.234494732,,,Lpar6_E01_CF.xlsx,Lpar6,,1162.350313,1234.609275,
Lrch1_E01_M_total mean,,,2.033268333,1.259533333,0.773735,38.0946246,0.771768333,5.044166667,3.972681497,0.001966667,0.253,0.16185,0.431913333,0.287025,0.144886667,0.275765,0.215686667,2.072922034,1.341030203,1143.91,1206.814017,Lrch1_E01_CF.xlsx,Lrch1,14.84533333,,,
Mag_E01_M_total mean,,,1.756506667,1.015588333,0.740918333,42.08289257,0.738933333,4.612666667,3.569835085,0.001985,0.266833333,0.168583333,0.351261667,0.235508333,0.115751667,0.245283333,0.185188333,1.915146055,1.245970376,1157.458183,1221.1046,Mag_E01_CF.xlsx,Mag,14.792,,,
MARCOD2_E01_M_total mean,,14.6125,1.78095125,1.05012125,0.73083,40.94174337,0.72811,4.74975,3.629095814,0.00272,0.368375,0.1627,0.3529825,0.23645375,0.11652875,0.2441275,0.18662375,1.946415485,1.255568009,1108.8235,1173.92645,Marcod2_E01_CF.xlsx,Marcod2,,,,
Mdp1_E01_M_total mean,,,1.793182857,1.04864,0.744542857,41.30737158,0.74286,4.609428571,3.629207933,0.001682857,0.227428571,0.166857143,0.359055714,0.235844286,0.123211429,0.2433,0.191528571,1.928886156,1.281491653,1157.7432,1222.756671,Mdp1_E01_CF.xlsx,Mdp1,12.65142857,,,
Mettl10_E01_M_total mean,,,1.76964125,1.06608,0.70356125,39.58880671,0.70177125,4.662,3.657625939,0.00179,0.251625,0.1562875,0.3441075,0.2323475,0.11176,0.24032,0.18041,1.924241775,1.231347869,1151.910763,1219.019563,Mettl10_E01_CF.xlsx,Mettl10,14.79,,,
Mettl21c_E01_M_total mean,,,2.05732125,1.25322,0.80410125,39.07625864,0.80153375,5.205,3.961389123,0.0025675,0.320375,0.168375,0.45499875,0.30172125,0.15327875,0.29315,0.22276375,2.049086565,1.364492036,1149.04855,1210.81585,Mettl21c_E01_CF.xlsx,Mettl21c,15.13,,,
Mettl7b_E01_M_total mean,,,1.69611375,0.99536125,0.7007525,41.14879119,0.69873125,4.476625,3.535828095,0.00202125,0.287375,0.16145,0.32157125,0.21529125,0.1062775,0.23007375,0.17453125,1.864781827,1.215376043,1158.339775,1225.135425,Mettl7b_E01_CF.xlsx,Mettl7b,14.67,,,
Mfsd10_E01_M_total mean,,,1.9475325,1.14958125,0.79795125,40.89942885,0.7955925,5.004,3.791202098,0.00235875,0.29325,0.1726375,0.4281075,0.28779625,0.14030875,0.2806375,0.210625,2.030271344,1.31155188,1159.000938,1221.533788,Mfsd10_E01_CF.xlsx,Mfsd10,15.086,,,
MMP8_E01_M_total mean,,14.61125,1.7154625,1.06399,0.6514725,37.91912321,0.64969625,4.562375,3.653965716,0.00177625,0.272625,0.1479625,0.3089925,0.2061825,0.1028075,0.21482375,0.16705,1.915316731,1.228010357,1154.385525,1221.699075,Mmp8_E01_CF.xlsx,Mmp8,,,,
Moxd1_E01_M_total mean,,14.71,1.76271375,1.05221125,0.7105025,40.24221335,0.70843625,4.58525,3.632799776,0.00206625,0.289,0.1606625,0.34068375,0.2262325,0.11445,0.2345175,0.18031,1.922245911,1.266796903,1162.837463,1232.72145,Moxd1_E01_CF.xlsx,Moxd1,,,,
Mrgprd_E01_M_total mean,,,1.8346325,1.08717125,0.74746125,40.64328167,0.74544625,4.690375,3.690530658,0.002015,0.26725,0.165175,0.37884375,0.25732875,0.12151125,0.25949375,0.19145375,1.966534268,1.260163462,1147.047675,1208.649625,Mrgprd_E01_CF.xlsx,Mrgprd,14.65,,,
Mrgpre_E01_M_total mean,,,1.7035025,1.02354875,0.67995375,39.77096574,0.6781325,4.59575,3.584378806,0.00182125,0.2645,0.1546375,0.31974125,0.21598125,0.10375625,0.22637125,0.17030625,1.897139876,1.21525389,1138.948325,1204.752225,Mrgpre_E01_CF.xlsx,Mrgpre,14.812,,,
Myo3a_E01_M_total mean,,,1.73688875,1.02448375,0.712405,40.843106,0.70976125,4.567125,3.585949765,0.00264375,0.384375,0.1616625,0.33699625,0.22722875,0.10976875,0.23956,0.17757375,1.892906883,1.231552232,1153.041725,1219.097888,Myo3a_E01_CF.xlsx,Myo3a,14.7,,,
Myo3b_E01_M_total mean,,,1.99634625,1.19334125,0.803005,40.16150943,0.80009,5.12975,3.868998469,0.002915,0.3635,0.1728,0.43906375,0.2980675,0.14099625,0.290095,0.21251625,2.052695584,1.32542657,1155.407975,1218.8804,Myo3b_E01_CF.xlsx,Myo3b,15.182,,,
Myo7b_E01_M_total mean,,,1.7137,1.04343,0.67027,38.98884658,0.6685175,4.514375,3.612517849,0.0017525,0.258875,0.15325,0.32045625,0.21421,0.10624375,0.22110875,0.1683425,1.908682448,1.245019197,1152.215225,1222.777838,Myo7b_E01_CF.xlsx,Myo7b,14.556,,,
Nek11_E01_M_total mean,,,1.69634125,1.01105,0.68529125,40.2354799,0.68307125,4.501125,3.563558491,0.00222,0.32525,0.1577,0.31614125,0.2121875,0.10395375,0.2246475,0.16978375,1.883729083,1.223971825,1140.54905,1206.787925,Nek11_E01_CF.xlsx,Nek11,14.696,,,
NES_E01_M_total mean,,14.675,1.69271875,1.009065,0.68365375,40.26433666,0.6817475,4.493125,3.560455354,0.00190625,0.277625,0.157625,0.3181075,0.2150425,0.10306375,0.2271525,0.1690475,1.889228238,1.218954611,1175.999975,1250.633975,Nes_E01_CF.xlsx,Nes,,,,
Neurl2_E01_E01_M_total mean,,,1.88575375,1.063215,0.82253875,43.52881313,0.82022625,4.808125,3.652665949,0.0023125,0.281375,0.18345,0.41438625,0.2780575,0.1363275,0.27936375,0.212,1.987887405,1.281958822,1169.1708,1229.902813,Neurl2_E01_CF.xlsx,Neurl2,14.916,,,
Nfatc4_E01_M_total mean,,,1.800564286,1.103978571,0.696585714,38.6390884,0.694947143,4.701285714,3.716617651,0.001638571,0.236,0.152885714,0.350105714,0.235285714,0.114817143,0.237787143,0.181572857,1.961467262,1.247684955,1132.1017,1195.733171,Nfatc4_E01_CF.xlsx,Nfatc4,14.64,,,
Nmb_E01_M_total mean,,,1.82617875,1.09155875,0.73462,40.20413594,0.73207625,4.723375,3.696267101,0.00254375,0.338,0.163075,0.36582875,0.24219125,0.12363625,0.24562375,0.18986625,1.96117343,1.288776415,1137.895675,1199.123563,Nmb_E01_CF.xlsx,Nmb,14.744,,,
Nmrk2_E01_M_total mean,,14.5625,1.60380375,0.9819325,0.62187125,38.70109774,0.62029,4.365625,3.510773205,0.00158125,0.255875,0.14625,0.2730925,0.18085125,0.09224125,0.19740875,0.1534025,1.827387817,1.200704275,,,Nmrk2_E01_CF.xlsx,Nmrk2,,1153.485375,1227.7105,
Npm3_E01_M_total mean,,,1.845265,1.07635375,0.76891125,41.68935954,0.76679625,4.79625,3.671436363,0.002115,0.275625,0.1701625,0.3871325,0.26339125,0.12374,0.26312375,0.1955975,1.990815822,1.258822716,1149.46615,1210.81585,Npm3_E01_CF.xlsx,Npm3,14.87,,,
NRCAM_E01_M_total mean,,14.78125,1.81477875,1.07330625,0.7414725,40.73329914,0.73885375,4.710875,3.668912836,0.00261875,0.3505,0.1661875,0.3663725,0.246,0.12037375,0.2505775,0.19087375,1.951655612,1.257043552,1172.563613,1242.72605,Nrcam_E01_CF.xlsx,Nrcam,,,,
Nrn1l_E01_M_total mean,,,1.74807375,0.99795,0.75012375,42.83067573,0.74774375,4.57625,3.538558536,0.00238,0.315,0.171975,0.3499375,0.2337625,0.116175,0.24789625,0.18670875,1.884022157,1.243088678,1154.981713,1217.69725,Nrn1l_E01_CF.xlsx,Nrn1l,14.754,,,
Nt5c1b_E01_M_total mean,,,1.733545714,1.063541429,0.670004286,38.56850748,0.668368571,4.564428571,3.654823253,0.001635714,0.243571429,0.150014286,0.319677143,0.213781429,0.105894286,0.223087143,0.173134286,1.913409344,1.223257398,1146.756843,1214.6337,Nt5c1b_E01_CF.xlsx,Nt5c1b,14.65828571,,,
Ocstamp_E02_M_total mean,,14.6475,1.7482,1.07513125,0.67306875,38.37174461,0.67123125,4.597125,3.675035875,0.0018375,0.270375,0.1495,0.3218,0.2119175,0.10988375,0.219665,0.17395375,1.926546366,1.262958479,1153.2679,1225.213688,Ocstamp_E02_CF.xlsx,Ocstamp,,,,
Ogn_E01_M_total mean,,,1.7875475,1.08819,0.6993575,39.0112205,0.69711625,4.6515,3.693559339,0.00224125,0.317,0.1543625,0.3468725,0.23356375,0.11331,0.2383075,0.18116375,1.948481266,1.240155826,1134.9552,1197.8621,Ogn_E01_CF.xlsx,Ogn,14.596,,,
OSM_E01_M_total mean,,14.2825,1.68113375,1.03578625,0.6453475,38.22201491,0.64345125,4.373625,3.603465067,0.00189625,0.2825,0.149525,0.30018,0.1982625,0.10191875,0.21282625,0.16033375,1.84513784,1.267438395,1158.60075,1233.269588,Osm_E01_CF.xlsx,Osm,,,,
Pacsin2_E01_M_total mean,,,1.75879875,1.1002775,0.65852125,37.41410093,0.6565525,4.619875,3.712119073,0.00196875,0.298,0.1469375,0.325035,0.21733875,0.10769625,0.2246975,0.17156375,1.919724593,1.244403638,1129.778913,1195.069525,Pacsin2_E01_CF.xlsx,Pacsin2,14.608,,,
Pard6a_E01_M_total mean,,,1.96694125,1.16485375,0.8020875,40.67371576,0.79958625,4.970625,3.820992874,0.00250125,0.31325,0.1730625,0.43053625,0.28934375,0.1411925,0.28276375,0.212205,2.031567316,1.323930432,1145.003238,1204.038838,Pard6a_E01_CF.xlsx,Pard6a,14.964,,,
PARP16_E01_M_total mean,,14.46142857,1.79520875,1.08703375,0.708175,39.29512701,0.7051,4.81725,3.693050125,0.003075,0.435125,0.15655,0.35055875,0.2381575,0.11240375,0.241115,0.180635,1.958996724,1.243997527,1127.93305,1203.17285,Parp16_E01_CF.xlsx,Parp16,,,,
Pcsk4_E01_E01_M_total mean,,,1.86537375,1.11374625,0.7516275,40.18455152,0.74965375,4.780125,3.7323836,0.00197375,0.261,0.1634875,0.389065,0.26127875,0.12778625,0.257595,0.1982675,2.007086475,1.264596598,1152.4762,1217.06215,Pcsk4_E01_CF.xlsx,Pcsk4,14.796,,,
Pitx3_E01_M_total mean,,,1.37685875,0.82861875,0.54824,39.74225291,0.54685,3.78825,3.223950192,0.00139,0.252625,0.1402875,0.20447375,0.13252875,0.071945,0.1620175,0.1263025,1.626713669,1.135739876,1144.733563,1219.0283,Pitx3_E01_CF.xlsx,Pitx3,13.974,,,
Pkn3_E01_M_total mean,,,1.76999625,1.0259975,0.74399875,41.85227575,0.74176125,4.570375,3.588027343,0.0022375,0.30125,0.16935,0.3567675,0.239345,0.11742125,0.24810875,0.1874425,1.916900385,1.244559224,1152.5719,1215.626713,Pkn3_E01_CF.xlsx,Pkn3,14.62,,,
Pla2g2d_E01_M_total mean,,,1.92689,1.16844,0.75845,39.34355008,0.75520125,5.010625,3.81620681,0.00324875,0.41225,0.1609375,0.41087875,0.277035,0.13384375,0.27010625,0.205345,2.016098715,1.274983084,1140.609963,1202.281525,Pla2g2d_E01_CF.xlsx,Pla2g2d,14.96,,,
Plekha3_E01_M_total mean,,,2.1684725,1.335565,0.8329075,38.29556363,0.83019625,5.331875,4.095494181,0.00271125,0.3215,0.1707125,0.497635,0.333785,0.16385,0.3129475,0.2331875,2.131989447,1.403180344,1146.012438,1207.179388,Plekha3_E01_CF.xlsx,Plekha3,15.012,,,
PNMT_E01_M_total mean,,14.54875,1.62154625,0.96602,0.65552625,40.26949787,0.653765,4.33825,3.482756934,0.00176125,0.266125,0.154925,0.28780625,0.1892625,0.09854375,0.20695,0.1621325,1.819231582,1.212665688,1155.181825,1226.762238,Pnmt_E01_CF.xlsx,Pnmt,,,,
Ppp1r26_E01_M_total mean,,,1.83319,1.10008,0.73311,39.87997631,0.73076875,4.82675,3.715897851,0.00234125,0.321125,0.161875,0.36463375,0.24095125,0.12368375,0.24875875,0.19323375,1.934509617,1.275126092,1138.226225,1199.732525,Ppp1r26_E01_CF.xlsx,Ppp1r26,15.014,,,
Prokr1l_E01_M_total mean,,14.465,1.846775,1.156055,0.69072,37.27962291,0.687735,4.659666667,3.808241605,0.002985,0.415333333,0.15,0.348248333,0.22287,0.12538,0.22879,0.184671667,1.940658224,1.354076385,1144.472733,1208.54855,Prokr1_E01_CF.xlsx,Prokr1,,,,
PROM2_E01_M_total mean,,14.6125,1.7397075,1.02278375,0.71692375,41.0460283,0.71415875,4.730625,3.583918307,0.002765,0.381625,0.1612,0.34255375,0.23592625,0.10662625,0.24016,0.1758725,1.96262331,1.212108084,1109.7529,1175.950325,Prom2_E01_CF.xlsx,Prom2,,,,
Ptpn20_E01_M_total mean,,,1.8921825,1.09084375,0.80133875,42.22971288,0.79926625,4.727125,3.701637303,0.0020725,0.259375,0.1776625,0.4032075,0.26586125,0.1373475,0.2681575,0.2076075,1.978644052,1.321168855,1153.085213,1211.912,Ptpn20_E01_CF.xlsx,Ptpn20,14.712,,,
Ptpn5_E01_M_total mean,,,1.944135,1.1659025,0.7782325,40.07913874,0.77570125,4.969375,3.818374282,0.00253125,0.327,0.17185,0.41728,0.28153,0.13575,0.2773025,0.2041175,2.013952282,1.321014083,1147.456513,1209.554425,Ptpn5_E01_CF.xlsx,Ptpn5,14.996,,,
Ptpru_E01_M_total mean,,,2.03607,1.251075,0.784995,38.57783107,0.78197,5.1805,3.956890173,0.003025,0.3845,0.1670625,0.4408125,0.290545,0.15026875,0.2874925,0.22014375,2.01466003,1.355389611,1141.775688,1202.5077,Ptpru_E01_CF.xlsx,Ptpru,14.946,,,
Pycr1_E01_M_total mean,,,1.77001875,0.9641275,0.80589125,45.40351856,0.80354,4.5225,3.477564191,0.00235125,0.28325,0.185625,0.37852375,0.255615,0.12290875,0.26467,0.19702125,1.923030037,1.241653263,1159.6795,1216.557563,Pycr1_E01_CF.xlsx,Pycr1,14.532,,,
R3hcc1l_E01_M_total mean,,,1.791975,1.0927925,0.6991825,38.87172659,0.6969475,4.764125,3.705162251,0.002235,0.323,0.154575,0.34666375,0.23511,0.11155375,0.24278625,0.17906625,1.933865733,1.244780388,1135.868663,1200.776488,R3hcc1l_E01_CF.xlsx,R3hcc1l,14.846,,,
Rab20_E01_M_total mean,,,1.6720375,0.99025,0.6817875,40.62639424,0.68002375,4.3765,3.524283998,0.00176375,0.25575,0.1592375,0.3134675,0.21144125,0.10202625,0.22470625,0.1662325,1.865607862,1.223113989,1147.8219,1212.738463,Rab20_E01_CF.xlsx,Rab20,14.496,,,
Rab36_E01_M_total mean,,14.49,1.59528125,0.95160875,0.6436725,40.21700572,0.6421025,4.265625,3.456109958,0.00157,0.244875,0.154025,0.2761925,0.17819,0.0980025,0.2003425,0.1584375,1.769473515,1.234619753,1152.954713,1223.351975,Rab36_E01_CF.xlsx,Rab36,,,,
Rab3c_E01_M_total mean,,,1.859525,1.10785375,0.75167125,40.32462273,0.74962875,4.859125,3.728542059,0.0020425,0.271375,0.166325,0.38001125,0.25387625,0.12613875,0.25988375,0.1971575,1.947214413,1.276886744,1144.0811,1205.2046,Rab3c_E01_CF.xlsx,Rab3c,14.976,,,
Rab43_E01_E01_M_total mean,,,1.64639875,0.98329375,0.663105,40.18765914,0.6612075,4.262125,3.512451556,0.0018975,0.283,0.155175,0.30012625,0.20292875,0.09719625,0.216165,0.15986375,1.870241473,1.213209673,1135.799088,1200.8461,Rab43_E01_CF.xlsx,Rab43,14.22,,,
Rabac1_E01_M_total mean,,,1.65797375,1.02965125,0.6283225,37.82875842,0.626585,4.43,3.595598352,0.0017375,0.276625,0.1455875,0.2917925,0.20029375,0.0915025,0.21266625,0.15482,1.882255467,1.181769885,1139.157113,1209.6153,Rabac1_E01_CF.xlsx,Rabac1,14.496,,,
RAD21L_E01_M_total mean,,14.48375,1.746425,1.04678875,0.69963625,39.90825769,0.69778125,4.50975,3.624340822,0.001855,0.26875,0.1571,0.3359325,0.226045,0.10988625,0.232215,0.17695375,1.937017727,1.234765879,1144.493563,1203.90785,Rad21L_E01_CF.xlsx,Rad21L,,,,
Rbm4b_E01_M_total mean,,,1.7107325,1.037085,0.6736475,39.25985804,0.67190125,4.51025,3.607694207,0.00174625,0.25875,0.1541,0.3162025,0.2099875,0.1062125,0.22282375,0.17092625,1.875145405,1.237818372,1141.123238,1206.9271,Rbm4b_E01_CF.xlsx,Rbm4b,14.682,,,
Rexo4_E01_M_total mean,,,1.96963,1.22263875,0.74699125,37.86160123,0.74452,4.946375,3.915079752,0.00247125,0.329625,0.1593,0.40440875,0.2676625,0.136745,0.26031375,0.20305375,2.050457322,1.33881634,1130.701063,1192.894625,Rexo4_E01_CF.xlsx,Rexo4,14.752,,,
Rhbdl2_E01_M_total mean,,14.54,1.76,0.991,0.725,41,0.722,5.547,3.528,0.00922625,1.312375,0.17,0.40916375,0.2707275,0.13843625,0.25811375,0.19188625,2.029636439,1.403832096,1110.979063,1182.220225,Rhbdl2_E01_CF.xlsx,Rhbdl2,,,,
RILPL2_E01_M_total mean,,14.61875,1.77391875,1.06028,0.71363875,40.10777228,0.71165375,4.59225,3.6474,0.001985,0.274375,0.159575,0.3450375,0.2291675,0.11587,0.2359775,0.183585,1.928914763,1.259307279,1167.448275,1236.819013,Rilpl2_E01_CF.xlsx,Rilpl2,,,,
Rin3_E01_M_total mean,,,1.8815375,1.13359875,0.74793875,39.58225339,0.7453725,4.767625,3.77355261,0.00256625,0.350375,0.1622875,0.38207875,0.25196625,0.13011375,0.25956375,0.20039125,1.939972108,1.295507044,1146.055875,1210.493963,Rin3_E01_CF.xlsx,Rin3,14.732,,,
Rnf112_E01_M_total mean,,,1.76393,1.0121825,0.7517475,42.4133862,0.7497125,4.61625,3.56604479,0.002035,0.271875,0.1696,0.36285,0.2507625,0.11208875,0.25463125,0.1845475,1.962495942,1.21102109,1156.512863,1218.854263,Rnf112_E01_CF.xlsx,Rnf112,14.782,,,
Rnf13_E01_M_total mean,,,1.860136667,1.161573333,0.698563333,37.43846212,0.696133333,4.845333333,3.814798009,0.00243,0.337666667,0.1519,0.364855,0.244605,0.120253333,0.244096667,0.186273333,1.992048297,1.274636834,1142.5413,1209.157117,Rnf13_E01_CF.xlsx,Rnf13,14.72,,,
Rps6kl1_E01_M_total mean,,,1.760807143,1.030828571,0.729978571,41.34144685,0.728311429,4.727142857,3.598893488,0.001667143,0.228714286,0.165071429,0.34634,0.232057143,0.11428,0.239197143,0.185431429,1.942207258,1.231536175,1156.659486,1220.927286,Rps6kl1_E01_CF.xlsx,Rps6kl1,15.02628571,,,
Serpinb5_E01_M_total mean,,14.6475,1.90528375,1.14781375,0.75747,39.62287588,0.75484,4.7975,3.796576786,0.00263,0.33925,0.165175,0.396215,0.26782375,0.12839,0.26190375,0.19899,2.041718382,1.28825862,1151.884663,1217.65375,Serpinb5_E01_CF.xlsx,Serpinb5,,,,
Sfxn4_E01_M_total mean,,,1.72478125,1.0261925,0.69858875,40.36187002,0.69658,4.4725,3.587884005,0.00200875,0.28125,0.1588625,0.3268225,0.21539125,0.11143125,0.22867375,0.17787875,1.87473719,1.245403947,1147.856725,1213.26045,Sfxn4_E01_CF.xlsx,Sfxn4,14.56,,,
SH3TC2_E01_M_total mean,,14.64,1.774603333,1.095596667,0.679006667,38.03143815,0.675336667,4.604166667,3.70851925,0.00367,0.535333333,0.149983333,0.329531667,0.218505,0.111028333,0.234226667,0.177906667,1.860870265,1.24275795,1108.14885,1185.328517,Sh3tc2_E01_CF.xlsx,Sh3tc2,,,,
Slc1a1_E01_E01_M_total mean,,,1.581381429,0.957714286,0.623667143,39.27641472,0.621862857,4.112142857,3.465301325,0.001804286,0.286285714,0.148742857,0.269355714,0.175161429,0.094191429,0.194832857,0.153975714,1.772123719,1.219381981,1145.096457,1217.198886,Slc1a1_E01_CF.xlsx,Slc1a1,14.13942857,,,
Slc24a5_E01_M_total mean,,,1.7674825,1.03312375,0.73435875,41.37207939,0.7320375,4.674,3.599762938,0.00232125,0.31,0.16625,0.3539725,0.2377275,0.116245,0.2461225,0.18364625,1.920789654,1.256204145,1156.495425,1221.78605,Slc24a5_E01_CF.xlsx,Slc24a5,14.866,,,
Slc46a3_E01_M_total mean,,,1.92153125,1.0986525,0.82287875,42.77537655,0.81984125,4.92475,3.706845554,0.0030375,0.364875,0.1800375,0.42765625,0.2863525,0.141305,0.2833825,0.21431625,2.003259196,1.305742254,1161.523825,1223.62165,Slc46a3_E01_CF.xlsx,Slc46a3,15.016,,,
Slc8a3_E01_M_total mean,,,2.04827625,1.28472375,0.7635525,37.00612654,0.76036875,4.94225,4.01327353,0.00318375,0.40475,0.15545,0.43941125,0.29135,0.1480625,0.27147,0.21428875,2.122853885,1.366846624,1110.926863,1170.066838,Slc8a3_E01_CF.xlsx,Slc8a3,14.212,,,
Snx15_E01_M_total mean,,14.656,1.78998625,1.03633875,0.7536475,41.99701064,0.751565,4.6,3.607472555,0.0020825,0.275625,0.1685125,0.36462375,0.2466375,0.1179875,0.2547875,0.1888275,1.932517564,1.24889248,1160.401563,1224.778725,Snx15_E01_CF.xlsx,Snx15,,,,
Sp5_E01_M_total mean,,,1.792321667,1.077471667,0.71485,39.598816,0.712526667,4.705333333,3.677660979,0.002323333,0.3175,0.16075,0.349913333,0.230901667,0.119015,0.23819,0.186453333,1.921861556,1.267396207,1143.6316,1209.42395,Sp5_E01_CF.xlsx,Sp5,14.824,,,
Spata7_E01_M_total mean,,,1.66391125,1.0107225,0.65318875,39.13943042,0.651475,4.482125,3.563083178,0.00171375,0.262375,0.1509375,0.29766625,0.19823875,0.0994275,0.21186125,0.16474625,1.867783619,1.206283219,1151.893338,1222.603825,Spata7_E01_CF.xlsx,Spata7,14.698,,,
Spp1_E01_M_total mean,,,1.78172875,1.05365,0.72807875,40.58053247,0.7234075,4.852625,3.635295795,0.00467125,0.661,0.165,0.36244375,0.25080375,0.1116375,0.256955,0.1796825,1.938941362,1.236124152,1141.297213,1208.684438,Spp1_E01_CF.xlsx,Spp1,14.94,,,
Sprr1b_E01_M_total mean,,,1.8920875,1.10491625,0.78717125,41.59514523,0.78508625,4.7785,3.716741588,0.002085,0.263375,0.1717625,0.40506125,0.26944625,0.13561375,0.26846125,0.20808,1.988718777,1.283908586,1151.580138,1211.746713,Sprr1b_E01_CF.xlsx,Sprr1b,14.806,,,
Sprr3_E01_E01_M_total mean,,,1.938075,1.11893125,0.81914375,42.14400048,0.816565,4.963125,3.745462427,0.00257875,0.31325,0.1782125,0.42682125,0.28354625,0.1432725,0.28259625,0.216545,1.992556578,1.315171859,1155.503688,1216.000788,Sprr3_E01_CF.xlsx,Sprr3,15.132,,,
Sptssb_E01_E01_M_total mean,,,1.85805625,1.053645,0.80441125,43.15616429,0.802105,4.75925,3.633825575,0.00230625,0.285,0.1806375,0.4001125,0.2657475,0.13436625,0.2689125,0.20621625,1.964165701,1.293883571,1167.91805,1229.693988,Sptssb_E01_CF.xlsx,Sptssb,14.91,,,
Steap2_E01_M_total mean,,,1.7805675,1.06402375,0.71654375,40.13307548,0.71479875,4.668,3.654920911,0.001745,0.243375,0.1607,0.34635125,0.2304875,0.11586375,0.23879625,0.18325625,1.92313975,1.262306088,1145.359963,1210.206863,Steap2_E01_CF.xlsx,Steap2,14.802,,,
STK16_E01_M_total mean,,14.56875,1.75624125,1.0694625,0.68677875,38.92909813,0.684395,4.569875,3.662093972,0.00238375,0.343375,0.15635,0.33067375,0.21932625,0.11134625,0.22878125,0.176575,1.90635386,1.254224295,1143.153213,1206.919213,Stk16_E01_CF.xlsx,Stk16,,,,
Stmn4_E01_M_total mean,,,1.9501075,1.1738675,0.77624,39.70492807,0.773975,5.05125,3.838132151,0.002265,0.29025,0.1682625,0.41567,0.28131125,0.13436125,0.27457625,0.20450125,2.042946509,1.309864166,1141.549488,1203.33415,Stmn4_E01_CF.xlsx,Stmn4,15.136,,,
Syce11_E01_M_total mean,,,1.72839,1.01918625,0.70920375,40.92249657,0.70755,4.492875,3.57799625,0.00165375,0.230875,0.1612,0.3337,0.2253075,0.10839125,0.23547875,0.17787875,1.912548458,1.2170237,1144.281188,1205.778763,Syce11_E01_CF.xlsx,Syce11,14.524,,,
Tas2r138_E01_M_total mean,,,1.86103375,1.1063275,0.75470625,40.45037086,0.7522525,4.853375,3.725069908,0.00245375,0.322125,0.165975,0.38238125,0.25520125,0.12718,0.25796125,0.1978775,1.974045778,1.277272196,1148.578813,1211.224725,Tas2r138_E01_CF.xlsx,Tas2r138,14.932,,,
Tbc1d4_E01_M_total mean,,,1.82648375,1.08019875,0.746285,40.71203517,0.74409125,4.7495,3.681824965,0.00219375,0.292875,0.167725,0.373835,0.25208125,0.12175375,0.2542275,0.1907925,1.969270757,1.2733027,1156.173525,1221.229288,Tbc1d4_E01_CF.xlsx,Tbc1d4,14.808,,,
Tex29_E01_M_total mean,,,2.0334525,1.199495,0.8339575,40.87541248,0.830775,5.241625,3.879957282,0.0031825,0.379375,0.1753875,0.462445,0.311675,0.1507725,0.29664,0.22612125,2.094968056,1.33004253,1152.554525,1212.216475,Tex29_E01_CF.xlsx,Tex29,15.182,,,
Thsd1_E01_M_total mean,,14.81625,1.82326875,1.06543625,0.7578325,41.43620666,0.75567625,4.71325,3.653341364,0.00215625,0.27925,0.1685375,0.37244375,0.24331375,0.12913,0.2504575,0.19717875,1.932306565,1.29183156,1152.6415,1215.661563,Thsd1_E01_CF.xlsx,Thsd1,,,,
Tmem136_E01_E01_M_total mean,,,1.693567143,1.019557143,0.67401,39.69687987,0.672247143,4.529714286,3.578207957,0.001762857,0.259857143,0.155785714,0.311705714,0.207705714,0.103998571,0.22036,0.168221429,1.880401354,1.234388771,1162.068157,1233.981671,Tmem136_E01_CF.xlsx,Tmem136,12.672,,,
Tmem181aE01_M_total mean,,,1.89779125,1.1288225,0.76896875,40.44162131,0.76657375,4.858125,3.762584655,0.002395,0.310875,0.1674,0.40176125,0.27345375,0.12830625,0.26842875,0.19912875,2.033089933,1.281106452,1148.109013,1210.87675,Tmem181a_E01_CF.xlsx,Tmem181a,14.666,,,
Tnfsf18_E01_M_total mean,,,1.92789375,1.15729,0.77060375,39.74744561,0.76828875,4.90625,3.812642695,0.002315,0.29875,0.1670625,0.40745625,0.27492,0.13253875,0.271395,0.20251,2.021615358,1.303502579,1142.976225,1205.0306,Tnfsf18_E01_CF.xlsx,Tnfsf18,14.878,,,
Tpcn1_E01_M_total mean,,,1.69671125,0.99458,0.70213125,41.16895141,0.7006225,4.44375,3.531519203,0.00150875,0.21275,0.16195,0.33239875,0.2292925,0.10310625,0.23687625,0.172415,1.916942479,1.184722191,1167.126363,1233.782813,Tpcn1_E01_CF.xlsx,Tpcn1,14.442,,,
TPRN_E01_M_total mean,,14.39375,1.57958125,0.94902375,0.6305575,39.87194852,0.628855,4.243,3.451065651,0.0017025,0.270375,0.1509125,0.27048625,0.1786125,0.0918725,0.19698,0.15058625,1.809554721,1.219544602,1137.335988,1200.842863,Tprn_E01_CF.xlsx,Tprn,,,,
Try4_E01_M_total mean,,,1.80362375,1.06861125,0.7350125,40.64525884,0.73296,4.7295,3.660380723,0.0020525,0.27825,0.1662125,0.36198,0.24322375,0.11875625,0.247665,0.18712,1.951114227,1.26171316,1141.210213,1202.307613,Try4_E01_CF.xlsx,Try4,14.852,,,
TSPAN18_E01_M_total mean,,14.31125,1.65299,0.99166625,0.66132375,39.83965661,0.65921875,4.32475,3.527613224,0.002105,0.317625,0.1554375,0.299495,0.19958,0.099915,0.21573875,0.16290125,1.83957287,1.221981498,1162.132813,1236.9408,Tspan18_E01_CF.xlsx,Tspan18,,,,
Tssk5_E01_M_total mean,,,1.83790625,1.090835,0.74707125,40.46321088,0.74485125,4.796625,3.701200095,0.00222,0.291,0.1635,0.37525375,0.253275,0.1219775,0.2545475,0.19380625,1.983551072,1.253233633,1145.412138,1209.162913,Tssk5_E01_CF.xlsx,Tssk5,14.888,,,
Ttll6_E01_M_total mean,,14.82125,1.79212125,1.037725,0.75439625,42.04526745,0.75241625,4.676625,3.607423362,0.00198,0.26175,0.1706,0.363365,0.24137375,0.12199,0.2497525,0.1907775,1.927803492,1.272260672,1160.61905,1224.552525,Ttll6_E01_CF.xlsx,Ttll6,,,,
Vcpkmt_E01_M_total mean,,,1.479814286,0.895295714,0.584518571,39.17968991,0.583138571,4.030571429,3.35282233,0.00138,0.236571429,0.143685714,0.236607143,0.154294286,0.082312857,0.1784,0.139032857,1.715237679,1.17784935,1141.954686,1214.076957,Vcpkmt_E01_CF.xlsx,Vcpkmt,14.28342857,,,
Ydjc_E01_M_total mean,,,1.7702175,1.05105,0.7191675,40.60306997,0.71645625,4.647,3.624833109,0.00271125,0.370875,0.1624,0.35019,0.23487,0.11532125,0.2398075,0.183425,1.935648767,1.243814968,1155.2688,1221.942663,Ydjc_E01_CF.xlsx,Ydjc,14.76,,,
Ypel1_E01_M_total mean,,,1.78688875,1.037575,0.74931375,41.76272474,0.74684375,4.595875,3.60148235,0.00247,0.31425,0.169225,0.36565625,0.24038875,0.12526875,0.24936,0.19557875,1.886974808,1.267557052,1153.902975,1215.504963,Ypel1_E01_CF.xlsx,Ypel1,14.558,,,
Zbtb32_E01_M_total mean,,,1.86018875,1.07507,0.78511875,42.07242012,0.7826275,4.792875,3.670484936,0.00249125,0.315625,0.1749,0.396045,0.2654775,0.13057,0.26508875,0.202445,1.984664132,1.283634224,1147.265163,1207.014113,Zbtb32_E01_CF.xlsx,Zbtb32,14.848,,,
ZDHHC11_E01_M_total mean,,14.36285714,1.684582857,1.018548571,0.666034286,39.38477242,0.664301429,4.369857143,3.577416084,0.001732857,0.259,0.152442857,0.307337143,0.204181429,0.103152857,0.215178571,0.169792857,1.893352088,1.215340826,1177.966086,1252.961771,Zdhhc11_E01_CF.xlsx,Zdhhc11,,,,
Zfp14_E01_M_total mean,,,1.80868375,1.06503125,0.7436525,40.87890801,0.74148625,4.719,3.655609386,0.00216625,0.290375,0.1684875,0.36618,0.24404125,0.12213875,0.25249875,0.19181375,1.921872678,1.265870911,1155.573275,1220.776913,Zfp14_E01_CF.xlsx,Zfp14,14.852,,,
Zfp40_E01_M_total mean,,,2.10940375,1.2754825,0.83392125,39.4843426,0.83144875,5.29075,4.000572411,0.0024725,0.295875,0.1750875,0.48100625,0.32297,0.15803625,0.30410375,0.23012625,2.120572605,1.371348548,1150.7711,1210.815838,Zfp40_E01_CF.xlsx,Zfp40,15.158,,,
Zfp689_E01_M_total mean,,,1.82713,1.12019375,0.70693625,38.52059176,0.704835,4.80775,3.74841775,0.00210125,0.293875,0.1569125,0.35461875,0.23434625,0.1202725,0.23989875,0.18412875,1.939447248,1.297959742,1143.08935,1209.380425,Zfp689_E01_CF.xlsx,Zfp689,14.862,,,
Zfp961_E01_M_total mean,,,2.030128571,1.259714286,0.770414286,37.77741789,0.766657143,5.086428571,3.975588234,0.003757143,0.478571429,0.161057143,0.431661429,0.286902857,0.14476,0.277504286,0.210992857,2.058484103,1.367081913,1145.235614,1211.173757,Zfp961_E01_CF.xlsx,Zfp961,14.90514286,,,
