Sample Name,Sample Number,TV,BV,BS,BV/TV,BS/TV,BS/BV,Conn.D,SMI,Tb.N,Tb.Th,Tb.Sp,Tb.Th.SD,Tb.Sp.SD,DA,BMD,TMD,exp_name,gene_symbol,Gender
Acvr2a_E01_F01_CF,3564,2.3106,0.102,5.0235,0.0442,2.1741106206180216,63.3207,10.1704,3.8349,3.3686,47.5,297,19.8,82.19999999999999,1.2752,28.6988,854.292,Acvr2a_E01.xlsx,Acvr2a,Female
Acvr2a_E01_F02_CF,3565,2.2726,0.1392,6.5912,0.0612,2.9002904162633105,58.8791,27.0621,3.5222,3.612,47.199999999999996,278.1,16.7,81.9,1.3654,39.4191,792.345,Acvr2a_E01.xlsx,Acvr2a,Female
Acvr2a_E01_F03_CF,3566,2.3165,0.0999,4.5087,0.0431,1.946341463414634,56.7967,9.7129,3.9537,3.0467,48.4,329.1,18.4,86,1.3652,18.2994,821.297,Acvr2a_E01.xlsx,Acvr2a,Female
Acvr2a_E01_F04_CF,3567,2.1106,0.1101,5.3435,0.0522,2.531744527622477,63.3346,6.3962,3.9661,3.5418,46,282.9,17.2,76.6,1.2793,33.6417,840.619,Acvr2a_E01.xlsx,Acvr2a,Female
Acvr2a_E01_F05_CF,3569,2.225,0.1438,6.136,0.0646,2.757752808988764,51.7368,14.8313,3.9593,3.4372,58.6,290.6,30.900000000000002,82.69999999999999,1.3338,43.7201,825.084,Acvr2a_E01.xlsx,Acvr2a,Female
Acvr2a_E01_F06_CF,3570,2.1093,0.1316,5.9515,0.0624,2.821552173706917,55.3471,22.282,3.7885,3.5625,53.1,280.7,22.3,77.7,1.3933,39.034,832.723,Acvr2a_E01.xlsx,Acvr2a,Female
Acvr2a_E01_F07_CF,3571,1.9721,0.0938,4.0836,0.0476,2.0706860706860706,56.5708,8.3668,4.2387,3.0486,50.6,328.2,20.5,105.2,1.347,22.472,845.883,Acvr2a_E01.xlsx,Acvr2a,Female
Acvr2a_E01_F08_CF,3572,2.2254,0.1159,5.2783,0.0521,2.371843264132291,56.4634,13.0316,4.0864,3.4195,50.4,290.4,20.7,76.89999999999999,1.3057,34.6046,868.094,Acvr2a_E01.xlsx,Acvr2a,Female
Alg3_E01_F01_CF,1817,2.0461,0.0621,2.6932,0.0303,1.3162602023361516,54.3288,5.1317,3.8424,2.4024,50.6,421.20000000000005,18.9,133.70000000000002,1.445,-0.8945,798.059,Alg3_E01.xlsx,Alg3,Female
Alg3_E01_F02_CF,1818,2.0747,0.0686,2.8882,0.0331,1.3921048826336337,52.36,6.7479,4.1162,2.7384,53.400000000000006,369.3,19.099999999999998,89.5,1.3747,7.7717,844.792,Alg3_E01.xlsx,Alg3,Female
Alg3_E01_F03_CF,1819,2.2452,0.0667,3.1758,0.0297,1.414484233030465,65.0732,5.1221,4.1358,2.9351,42.7,342.3,16.2,95.9,1.23,8.2852,782.845,Alg3_E01.xlsx,Alg3,Female
Alg3_E01_F04_CF,1820,2.1149,0.1058,5.0955,0.05,2.4093337746465555,60.8481,13.2393,3.6554,3.3404,46.6,297.5,17.1,81.9,1.2644,22.9856,814.621,Alg3_E01.xlsx,Alg3,Female
Alg3_E01_F05_CF,1822,2.0818,0.1064,5.5761,0.0511,2.678499375540398,67.4367,12.7293,3.699,3.5937,45.199999999999996,278.3,19.900000000000002,77.2,1.3311,32.9356,911.617,Alg3_E01.xlsx,Alg3,Female
Alg3_E01_F06_CF,1823,2.084,0.1053,4.7972,0.0505,2.301919385796545,58.5525,10.5566,4.1321,3.581,48.7,280.6,19.099999999999998,74.30000000000001,1.4141,30.1752,889.149,Alg3_E01.xlsx,Alg3,Female
Alg3_E01_F07_CF,1824,1.9869,0.1014,5.1051,0.051,2.569379435301223,65.3286,11.0724,3.7413,3.5852,44.6,277.5,15.6,78.89999999999999,1.442,32.422,828.358,Alg3_E01.xlsx,Alg3,Female
Alg3_E01_F08_CF,1825,2.1189,0.0847,3.7923,0.04,1.7897493982726886,56.2195,8.0229,4.1006,3.0595,49.3,332.5,18,86.6,1.4577,21.8301,838.308,Alg3_E01.xlsx,Alg3,Female
Cacna1c_E01_F01_CF,2273,2.214,0.0995,4.1308,0.0449,1.8657633242999097,51.8309,14.0016,4.3257,3.2904,54.300000000000004,305.59999999999997,23.2,86.9,1.4031,26.6446,868.287,Cacna1c_E01.xlsx,Cacna1c,Female
Cacna1c_E01_F02_CF,2274,1.9736,0.0895,3.973,0.0454,2.0130725577624644,55.6342,14.1874,3.7415,3.0595,48.2,329.1,16.7,103.5,1.4996,24.0769,794.592,Cacna1c_E01.xlsx,Cacna1c,Female
Cacna1c_E01_F03_CF,2275,2.0724,0.1037,4.6567,0.0501,2.2470082995560703,56.2991,13.0286,3.9733,3.1495,51.5,320.2,22.9,92.89999999999999,1.4229,28.1852,888.893,Cacna1c_E01.xlsx,Cacna1c,Female
Cacna1c_E01_F04_CF,2276,2.2013,0.0877,3.9868,0.0398,1.8111116158633538,56.7649,6.8142,4.0272,2.9432,50.4,339,20.7,97.19999999999999,1.3632,19.4549,849.991,Cacna1c_E01.xlsx,Cacna1c,Female
Cacna1c_E01_F05_CF,2278,2.2856,0.1114,5.3702,0.0487,2.3495799789989498,62.0557,7.8753,3.8116,3.5064,46.4,286.3,17.6,77.8,1.4559,27.0298,876.311,Cacna1c_E01.xlsx,Cacna1c,Female
Cacna1c_E01_F06_CF,2279,2.1787,0.0757,3.5438,0.0347,1.6265663010051865,62.6647,8.0323,4.2179,3.0385,45.5,331.3,18.8,98,1.3414,15.0898,846.589,Cacna1c_E01.xlsx,Cacna1c,Female
Cacna1c_E01_F07_CF,2280,2.3117,0.0867,3.9584,0.0375,1.7123329151706537,58.6643,12.9775,3.9415,2.7889,47.300000000000004,362.8,17.6,116.8,1.4188,12.3936,780.791,Cacna1c_E01.xlsx,Cacna1c,Female
Cacna1c_E01_F08_CF,2281,2.2065,0.098,4.8142,0.0444,2.1818264219351913,62.2389,10.6504,3.7777,2.9924,46.699999999999996,334,16.7,113.60000000000001,1.3067,21.7659,825.662,Cacna1c_E01.xlsx,Cacna1c,Female
Chn1_E01_F01_CF,5334,1.8898,0.0824,3.8725,0.0436,2.0491586411260454,61.0691,10.3185,3.8384,2.9433,45.8,340.6,17.3,117.2,1.2747,24.2052,823.03,Chn1_E01.xlsx,Chn1,Female
Chn1_E01_F02_CF,5335,1.9538,0.0819,3.8265,0.0419,1.9584911454601288,61.9523,4.8622,4.0988,3.2688,47.6,309.40000000000003,21.6,75,1.3001,24.3978,864.05,Chn1_E01.xlsx,Chn1,Female
Chn1_E01_F03_CF,5336,1.9484,0.0601,2.771,0.0308,1.4221925682611374,60.5952,6.9289,4.286,2.8479,48.099999999999994,354.3,19.099999999999998,101.5,1.3808,12.0085,750.555,Chn1_E01.xlsx,Chn1,Female
Chn1_E01_F04_CF,5337,2.0872,0.1162,5.4895,0.0557,2.630078574166347,59.761,11.7383,3.6348,3.4089,45.6,292.6,15.8,79,1.3047,33.8985,822.324,Chn1_E01.xlsx,Chn1,Female
Chn1_E01_F05_CF,5339,2.1832,0.0806,3.8488,0.0369,1.7629168193477467,62.681,6.4125,4.0817,3.0945,46.6,324,18.8,83.4,1.382,20.9956,844.15,Chn1_E01.xlsx,Chn1,Female
Chn1_E01_F06_CF,5340,2.1724,0.1014,5.1445,0.0467,2.3681182102743508,64.8331,11.0476,3.7466,3.3923,46.199999999999996,291.9,18.2,75,1.3993,27.4791,830.669,Chn1_E01.xlsx,Chn1,Female
Chn1_E01_F07_CF,5341,2.1515,0.0926,4.7814,0.0431,2.222356495468278,66.9995,11.6197,3.6794,3.2188,43.2,310.90000000000003,15.7,75,1.2527,25.104,788.301,Chn1_E01.xlsx,Chn1,Female
Chn1_E01_F08_CF,5342,1.8349,0.0768,3.7002,0.0419,2.0165676603629628,62.0973,10.0821,3.9824,3.279,45,304,17.4,82,1.4751,26.1311,896.853,Chn1_E01.xlsx,Chn1,Female
Clcnkb_E01_F01_CF,5923,2.1489,0.0716,3.2344,0.0333,1.5051421657592257,57.1088,4.8863,4.2526,2.8627,51.8,347.9,20.1,101.3,1.4201,15.8601,866.489,Clcnkb_E01.xlsx,Clcnkb,Female
Clcnkb_E01_F02_CF,5924,2.1657,0.0896,3.9891,0.0414,1.841944867710209,57.7439,9.4658,4.2963,3.1284,49.4,324.5,21.2,89.80000000000001,1.384,22.3436,865.077,Clcnkb_E01.xlsx,Clcnkb,Female
Clcnkb_E01_F03_CF,5925,1.9079,0.0698,3.0961,0.0366,1.622778971644216,57.771,7.0758,4.2107,2.9235,50.7,342.2,20.6,85.1,1.3517,20.161,884.656,Clcnkb_E01.xlsx,Clcnkb,Female
Clcnkb_E01_F04_CF,5926,2.2837,0.1516,6.236,0.0664,2.7306563909445196,48.9564,12.6988,3.9885,3.3576,57.4,297.20000000000005,22.3,86.7,1.3845,44.2336,885.49,Clcnkb_E01.xlsx,Clcnkb,Female
Clcnkb_E01_F05_CF,5928,2.4135,0.1051,4.9314,0.0436,2.0432566811684274,59.9382,7.0436,4.0729,3.2798,50.1,306.5,19.900000000000002,75.2,1.2748,27.0939,885.811,Clcnkb_E01.xlsx,Clcnkb,Female
Clcnkb_E01_F06_CF,5929,2.1187,0.0873,3.9092,0.0412,1.8450936895265964,58.0248,11.7996,4.0167,2.9527,47.1,338.5,18.9,98.8,1.4026,20.6104,860.647,Clcnkb_E01.xlsx,Clcnkb,Female
Clcnkb_E01_F07_CF,5930,2.1862,0.1256,5.962,0.0575,2.7271063946573966,58.4804,16.4666,3.6806,3.4886,49,287.3,19.400000000000002,76.39999999999999,1.3193,39.5475,860.07,Clcnkb_E01.xlsx,Clcnkb,Female
Clcnkb_E01_F08_CF,5931,2.3148,0.1328,5.5111,0.0574,2.380810437186798,49.5583,12.096,3.7646,3.1046,54.800000000000004,322,21.1,95.69999999999999,1.3218,36.9156,816.932,Clcnkb_E01.xlsx,Clcnkb,Female
Crcp_E01_F01_CF,736,1.9981,0.0716,3.5379,0.0359,1.7706321004954708,66.3431,8.0076,4.1033,3.1676,44.6,316.2,18.700000000000003,78.3,1.3565,18.3636,826.111,Crcp_E01.xlsx,Crcp,Female
Crcp_E01_F02_CF,737,1.7963,0.0732,3.55,0.0407,1.976284584980237,64.9146,9.4637,3.9809,3.2181,45.8,314.90000000000003,18.8,94.8,1.4828,24.2694,848.387,Crcp_E01.xlsx,Crcp,Female
Crcp_E01_F03_CF,738,2.024,0.1155,4.996,0.0571,2.4683794466403164,53.564,17.2926,3.8026,3.2649,51.5,306.3,18.3,89.1,1.4954,30.1111,844.599,Crcp_E01.xlsx,Crcp,Female
Crcp_E01_F04_CF,739,2.1212,0.1473,6.2567,0.0694,2.94960399773713,50.2355,25.9286,3.6514,3.4502,58.8,288.5,28.7,79.8,1.4179,48.7272,844.535,Crcp_E01.xlsx,Crcp,Female
Crcp_E01_F05_CF,741,2.0017,0.1151,5.4394,0.0575,2.7173902183144327,59.1634,16.9854,3.7331,3.7087,48.300000000000004,267.5,19.7,63.4,1.402,43.5917,828.615,Crcp_E01.xlsx,Crcp,Female
Crcp_E01_F06_CF,742,2.0243,0.1032,4.9033,0.051,2.4222200266758875,59.5458,12.3502,3.7872,3.2488,49.5,308.3,18.8,87.4,1.3055,35.4391,863.665,Crcp_E01.xlsx,Crcp,Female
Crcp_E01_F07_CF,743,2.0206,0.107,4.861,0.053,2.405721072948629,56.0595,8.166,3.8983,3.3185,52.400000000000006,302.09999999999997,18.9,83.3,1.413,37.6217,877.723,Crcp_E01.xlsx,Crcp,Female
Crcp_E01_F08_CF,744,1.9472,0.09,4.4842,0.0462,2.3028964667214464,66.2773,7.7033,4.0176,3.496,46.4,286.7,18,78.8,1.2845,32.3578,835.163,Crcp_E01.xlsx,Crcp,Female
Ebf1_E01_F01_CF,1582,2.0443,0.0974,4.6164,0.0477,2.2581812845472777,59.9412,9.294,3.7764,3.2293,48,312.09999999999997,17.8,86.5,1.3907,32.3578,772.959,Ebf1_E01.xlsx,Ebf1,Female
Ebf1_E01_F02_CF,1583,1.8821,0.0595,2.9039,0.0316,1.5429042027522448,67.9628,5.579,4.2318,3.0388,44.3,331,17.1,87.7,1.3304,18.6204,808.201,Ebf1_E01.xlsx,Ebf1,Female
Ebf1_E01_F03_CF,1584,1.8283,0.0937,4.2892,0.0513,2.346004485040748,58.4439,13.1269,3.8316,3.5281,46.800000000000004,283.7,17.2,78.60000000000001,1.4161,31.9085,805.634,Ebf1_E01.xlsx,Ebf1,Female
Ebf1_E01_F04_CF,1585,1.6859,0.0839,4.285,0.0497,2.5416691381457976,66.9243,14.829,3.6995,3.4349,42.8,289.9,14.7,89.30000000000001,1.3653,37.2365,776.618,Ebf1_E01.xlsx,Ebf1,Female
Ebf1_E01_F05_CF,1587,1.7795,0.0891,4.7593,0.0501,2.6745153132902497,70.1835,9.8345,3.5713,3.8066,42.3,261.5,16.8,61.199999999999996,1.4038,43.4633,791.254,Ebf1_E01.xlsx,Ebf1,Female
Ebf1_E01_F06_CF,1588,1.9273,0.1627,7.8441,0.0844,4.069994292533596,58.4727,35.8014,3.3356,4.0947,48.2,235.6,18.1,56.800000000000004,1.4883,68.884,820.912,Ebf1_E01.xlsx,Ebf1,Female
Ebf1_E01_F07_CF,1589,2.0111,0.1672,8.3496,0.0832,4.151757744517926,62.6208,39.2814,3.4482,4.4704,46.300000000000004,221.8,16.6,57,1.4138,72.7998,817.574,Ebf1_E01.xlsx,Ebf1,Female
Ebf1_E01_F08_CF,1590,1.9226,0.1382,6.938,0.0719,3.6086549464267135,62.0135,22.3652,3.2946,3.6477,46.4,272.9,17.1,72.4,1.251,60.7314,854.87,Ebf1_E01.xlsx,Ebf1,Female
Ednra_E01_F01_CF,3544,2.1049,0.0899,4.1446,0.0427,1.9690246567532896,59.5159,13.7773,3.9234,3.2067,46.800000000000004,312.5,18.1,71.9,1.3988,23.6917,773.729,Ednra_E01.xlsx,Ednra,Female
Ednra_E01_F02_CF,3545,2.2134,0.1054,4.7767,0.0476,2.158082587873859,57.2041,13.5536,4.0709,3.2305,51.1,312,20.400000000000002,82.3,1.4853,28.121,856.603,Ednra_E01.xlsx,Ednra,Female
Ednra_E01_F03_CF,3546,2.0522,0.1566,6.9482,0.0763,3.3857323847578207,52.7136,31.4297,3.2128,3.5513,50.5,280.3,17.2,78.39999999999999,1.4598,47.8285,821.618,Ednra_E01.xlsx,Ednra,Female
Ednra_E01_F04_CF,3547,2.0781,0.0982,4.8266,0.0473,2.322602377171455,62.4543,10.3459,3.6665,3.2984,46.1,302.70000000000005,19.099999999999998,85.2,1.4554,22.3436,854.677,Ednra_E01.xlsx,Ednra,Female
Ednra_E01_F05_CF,3549,2.0466,0.09,4.178,0.044,2.0414345744161047,59.5607,9.2836,3.8577,3.2212,46,308,17.8,73.4,1.3331,15.2181,851.147,Ednra_E01.xlsx,Ednra,Female
Ednra_E01_F06_CF,3550,2.154,0.073,3.3706,0.0339,1.5648096564531107,59.6178,8.3566,4.0811,3.0535,46.6,327,18.2,82.69999999999999,1.3464,15.7959,841.775,Ednra_E01.xlsx,Ednra,Female
Ednra_E01_F07_CF,3551,2.0209,0.1339,6.3661,0.0663,3.1501311296946906,58.7469,15.3396,3.5144,3.5229,48.4,276.1,17.5,77.8,1.3878,45.8385,845.241,Ednra_E01.xlsx,Ednra,Female
Ednra_E01_F08_CF,3552,2.0098,0.0884,4.0713,0.044,2.0257239526321027,57.7111,10.1998,3.9572,3.2021,49.6,310,17.2,72.6,1.2865,26.3236,857.245,Ednra_E01.xlsx,Ednra,Female
Hesx1_E01_F01_CF,1068,2.1113,0.0989,4.7136,0.0468,2.2325581395348837,60.4118,6.1574,3.8909,3.2278,49.7,306.90000000000003,22.9,79.10000000000001,1.4552,13.2923,798.315,Hesx1_E01.xlsx,Hesx1,Female
Hesx1_E01_F02_CF,1069,1.9393,0.0853,4.4787,0.044,2.30944155107513,71.0209,7.9925,3.8799,3.3346,44,301,19.5,80.5,1.2177,14.7046,810.384,Hesx1_E01.xlsx,Hesx1,Female
Hesx1_E01_F03_CF,1070,1.958,0.0732,3.7272,0.0374,1.9035750766087844,67.2709,14.3001,3.8302,3.0294,43.3,328.1,16.2,98.8,1.1918,17.2723,849.093,Hesx1_E01.xlsx,Hesx1,Female
Hesx1_E01_F04_CF,1071,1.98,0.0644,3.1034,0.0325,1.5673737373737375,62.9809,5.0506,4.1116,2.8776,48.800000000000004,346.2,19.5,105.6,1.3052,17.0798,874.898,Hesx1_E01.xlsx,Hesx1,Female
Hesx1_E01_F05_CF,1073,2.1279,0.0821,4.0768,0.0386,1.9158795056158657,65.2241,7.9892,3.939,3.1376,44.1,319.6,15.7,78.8,1.4104,26.6446,809.999,Hesx1_E01.xlsx,Hesx1,Female
Hesx1_E01_F06_CF,1074,2.0122,0.1192,5.072,0.0592,2.5206241924262,51.0834,13.9148,3.8557,3.322,54.699999999999996,296.9,20.7,83.3,1.4895,48.0211,888.187,Hesx1_E01.xlsx,Hesx1,Female
Hesx1_E01_F07_CF,1075,1.879,0.0828,4.2061,0.0441,2.2384779137839277,66.4204,8.7814,3.7181,3.2195,43.2,308.2,15.6,81.10000000000001,1.3307,34.5404,840.041,Hesx1_E01.xlsx,Hesx1,Female
Hesx1_E01_F08_CF,1076,1.9148,0.0947,4.7606,0.0494,2.486212659285565,64.4407,14.8841,3.6143,3.3185,45,301.5,16.7,82.3,1.356,40.703,814.621,Hesx1_E01.xlsx,Hesx1,Female
Il6st_E02_F01_CF,616,2.1983,0.1559,7.7277,0.0709,3.5153072829004226,60.6963,34.1177,3.4059,3.6197,48.599999999999994,276.2,16.9,91.30000000000001,1.2857,39.7401,815.263,IL6st_E01.xlsx,IL6st,Female
Il6st_E02_F02_CF,617,2.091,0.1632,7.8975,0.078,3.77690100430416,58.6736,38.9767,3.37,3.8849,49.3,255.1,17.3,68.6,1.3195,46.2236,834.457,IL6st_E01.xlsx,IL6st,Female
Il6st_E02_F03_CF,618,1.9077,0.0642,3.0655,0.0336,1.6069088431095038,65.0324,6.5523,4.2004,3.1397,45.6,321.5,21,85.2,1.3699,8.542,848.9,IL6st_E01.xlsx,IL6st,Female
Il6st_E02_F04_CF,619,2.0107,0.0677,3.2537,0.0337,1.6181926692196746,64.6006,7.2114,4.129,2.9641,43.8,338,16.299999999999997,103.1,1.3278,12.7146,793.308,IL6st_E01.xlsx,IL6st,Female
Il6st_E02_F05_CF,621,1.9628,0.1196,5.4671,0.0609,2.7853576523334014,57.2926,22.1626,3.8004,3.6047,50.1,277.2,19.400000000000002,70.7,1.4085,42.7572,863.857,IL6st_E01.xlsx,IL6st,Female
Il6st_E02_F06_CF,622,2.1558,0.1563,6.9455,0.0725,3.2217738194637717,53.0041,28.2959,3.4965,3.5758,51.8,282,18.8,80.3,1.4021,48.1495,848.451,IL6st_E01.xlsx,IL6st,Female
Il6st_E02_F07_CF,623,2.0698,0.0813,4.0967,0.0393,1.979273359744903,68.5741,9.1795,4.0063,3.2709,42.3,305.8,17.2,84.8,1.3216,30.432,823.094,IL6st_E01.xlsx,IL6st,Female
Il6st_E02_F08_CF,624,2.1333,0.1048,5.4604,0.0491,2.559602493788965,67.1839,16.4067,3.4686,3.2568,42.4,306.7,14.9,111.5,1.3047,34.2195,787.852,IL6st_E01.xlsx,IL6st,Female
Jun_E01_F01_CF,2759,2.0329,0.0458,1.8668,0.0225,0.9182940626690933,53.0408,3.6893,4.6103,2.4679,52.2,408.7,19.8,101.5,1.4563,-5.5164,799.15,Jun_E01.xlsx,Jun,Female
Jun_E01_F02_CF,2760,2.3834,0.0932,3.9774,0.0391,1.6687924813291934,53.7473,6.0837,4.1606,2.8748,51.2,348.5,21.3,89.7,1.4418,10.7888,841.261,Jun_E01.xlsx,Jun,Female
Jun_E01_F03_CF,2761,2.0992,0.1008,5.0883,0.048,2.423923399390244,65.4963,16.9109,3.6582,3.2978,43.1,303.9,15.100000000000001,94.2,1.2772,17.2081,792.217,Jun_E01.xlsx,Jun,Female
Jun_E01_F04_CF,2762,2.1774,0.0568,3.0023,0.0261,1.3788463304859007,74.1486,3.9038,3.9292,2.8483,41.099999999999994,352.3,18.599999999999998,90,1.2889,0.7746,795.684,Jun_E01.xlsx,Jun,Female
Jun_E01_F05_CF,2764,1.8649,0.0593,2.8026,0.0318,1.502815164351976,65.0436,3.7536,4.3742,3.0233,45.8,328.29999999999995,23.400000000000002,81.5,1.3658,4.6262,931.26,Jun_E01.xlsx,Jun,Female
Jun_E01_F07_CF,2766,2.0189,0.0849,3.6846,0.0421,1.825053246817574,53.1754,9.1635,3.705,2.5493,53.699999999999996,394.4,19.7,138.3,1.4726,18.8772,845.113,Jun_E01.xlsx,Jun,Female
Jun_E01_F06_CF,2765,2.1744,0.0598,2.7926,0.0275,1.2843083149374541,64.9346,2.0696,4.3785,2.7801,42.9,359.3,17.4,91.89999999999999,1.2982,5.9101,914.57,Jun_E01.xlsx,Jun,Female
Jun_E01_F08_CF,2767,1.91,0.0498,2.1425,0.0261,1.1217277486910995,56.2442,5.4974,4.4216,2.5571,48.300000000000004,389.6,20.400000000000002,106.2,1.3639,5.3323,863.151,Jun_E01.xlsx,Jun,Female
Kif16_E01_F01_CF,1977,2.1986,0.0321,1.396,0.0146,0.6349495133266624,61.2074,3.866,4.5949,2.2994,43.3,438.40000000000003,16,132.39999999999998,1.3042,-11.4222,828.679,Kif16_E01.xlsx,Kif16,Female
Kif16_E01_F02_CF,1978,2.2326,0.1497,6.926,0.067,3.10221266684583,55.584,19.2604,3.5498,3.5742,51.8,275.7,19.2,80.10000000000001,1.5014,36.9798,823.8,Kif16_E01.xlsx,Kif16,Female
Kif16_E01_F03_CF,1979,2.1534,0.1369,6.1019,0.0636,2.8336119624779417,53.5604,19.9683,3.4761,3.2928,51.5,303.9,21,93.7,1.3645,32.2936,806.789,Kif16_E01.xlsx,Kif16,Female
Kif16_E01_F04_CF,1980,2.1159,0.1086,5.3101,0.0513,2.5096176567890733,61.1411,12.2879,3.5431,3.3238,46.5,300.09999999999997,16.5,89.6,1.4385,21.5733,837.281,Kif16_E01.xlsx,Kif16,Female
Kif16_E01_F05_CF,1982,2.0591,0.0917,4.7295,0.0445,2.2968772764800156,66.955,5.8277,3.7112,3.3911,44.1,297.09999999999997,16.400000000000002,75.5,1.2738,24.783,847.616,Kif16_E01.xlsx,Kif16,Female
Kif16_E01_F06_CF,1983,2.0593,0.1224,6.1432,0.0594,2.983149613946487,62.6797,9.7123,3.5758,3.7402,47.4,265.1,18,64.4,1.2806,37.044,841.71,Kif16_E01.xlsx,Kif16,Female
Kif16_E01_F07_CF,1984,2.1564,0.0895,4.4098,0.0415,2.04498237803747,62.9077,9.7384,3.7692,3.0024,46.5,338,18.3,87.6,1.2996,19.5833,838.757,Kif16_E01.xlsx,Kif16,Female
Kif16_E01_F08_CF,1985,2.34,0.1153,5.5553,0.0493,2.374059829059829,62.4041,15.1707,3.8806,3.1092,47.7,324.1,19.8,106.5,1.2679,27.9927,877.851,Kif16_E01.xlsx,Kif16,Female
Lox_E01_F01_CF,2608,2.4653,0.1344,6.1189,0.0545,2.4820103030057195,54.4809,20.4843,3.5699,3.3359,52.900000000000006,301.70000000000005,21.2,82.4,1.4696,32.4862,848.579,Lox_E01.xlsx,Lox,Female
Lox_E01_F02_CF,2609,2.1599,0.153,7.1234,0.0708,3.2980230566229918,56.4782,28.937,3.1645,3.5483,48.300000000000004,279.6,16.5,81,1.4852,44.4904,820.655,Lox_E01.xlsx,Lox,Female
Lox_E01_F03_CF,2610,2.1119,0.0638,2.4276,0.0302,1.149486244613855,46.8312,5.6821,4.3446,2.5381,58.8,399,23.2,88.7,1.5076,4.562,864.82,Lox_E01.xlsx,Lox,Female
Lox_E01_F04_CF,2611,2.2398,0.0991,4.3104,0.0443,1.9244575408518618,52.9385,13.3938,3.755,2.773,53.900000000000006,361.8,22.8,135.9,1.5909,18.3636,877.723,Lox_E01.xlsx,Lox,Female
Lox_E01_F05_CF,2613,2.1759,0.0761,3.6369,0.035,1.6714462980835516,62.0941,5.7448,4.1717,3.0508,48.599999999999994,326.7,18.700000000000003,83.8,1.3248,19.1981,845.626,Lox_E01.xlsx,Lox,Female
Lox_E01_F06_CF,2614,2.0478,0.0622,2.9752,0.0304,1.4528762574470162,67.6809,6.3482,4.3681,3.1398,41.7,319.79999999999995,19.599999999999998,78.5,1.2261,15.6033,819.114,Lox_E01.xlsx,Lox,Female
Lox_E01_F07_CF,2615,2.0213,0.0628,3.0538,0.0311,1.510809874833028,63.8134,7.421,4.0826,2.8801,47,355.5,19.400000000000002,96.5,1.3027,12.7146,792.474,Lox_E01.xlsx,Lox,Female
Lox_E01_F08_CF,2616,2.0932,0.0745,3.1285,0.0356,1.4946015669787884,53.4238,9.0771,4.4865,2.9434,55.300000000000004,346.6,23.900000000000002,96.3,1.4403,19.8401,890.947,Lox_E01.xlsx,Lox,Female
Lrp1_E01_F01_CF,1917,2.3699,0.1231,5.4838,0.052,2.3139372969323597,54.2421,11.3931,3.7157,3.0147,53.699999999999996,331.9,23.8,90.5,1.4077,26.1311,837.987,Lrp1_E01.xlsx,Lrp1,Female
Lrp1_E01_F02_CF,1918,2.2072,0.0905,3.4126,0.041,1.5461217832548024,45.1996,12.0061,3.9293,2.4561,61.400000000000006,418.8,23.599999999999998,137.5,1.472,11.8159,909.499,Lrp1_E01.xlsx,Lrp1,Female
Lrp1_E01_F03_CF,1919,2.3488,0.0919,4.0991,0.0391,1.7451890326975474,54.5819,8.7279,3.7227,2.7397,51.6,370.3,17.4,127.3,1.374,17.6575,855.897,Lrp1_E01.xlsx,Lrp1,Female
Lrp1_E01_F04_CF,1920,2.1694,0.0946,4.5479,0.0436,2.09638609753849,61.1999,9.2189,3.7885,2.968,47.7,335.4,19.3,91.30000000000001,1.2645,23.1781,862.894,Lrp1_E01.xlsx,Lrp1,Female
Lrp1_E01_F05_CF,1922,1.7848,0.0979,4.5678,0.0549,2.559278350515464,56.6146,12.3263,3.4999,3.1357,51.9,317,25.1,95.10000000000001,1.4116,27.0939,797.609,Lrp1_E01.xlsx,Lrp1,Female
Lrp1_E01_F06_CF,1923,2.157,0.1138,5.0342,0.0528,2.333889661566991,55.3348,9.2723,4.0906,3.0825,51.7,325.2,21.5,102.9,1.3422,30.432,878.172,Lrp1_E01.xlsx,Lrp1,Female
Lrp1_E01_F07_CF,1924,2.1694,0.1108,5.0336,0.0511,2.3202728865123996,57.5812,7.606,4.1243,3.4612,50,292,20.2,77.8,1.3383,28.6988,875.54,Lrp1_E01.xlsx,Lrp1,Female
Lrp1_E01_F08_CF,1925,2.0809,0.1742,7.9387,0.0837,3.8150319573261564,53.4537,29.3138,3.2326,3.7866,52.3,260.1,18,72.3,1.4327,52.7714,880.034,Lrp1_E01.xlsx,Lrp1,Female
Mccc2_E01_F01_CF,3214,2.2413,0.0717,3.4146,0.032,1.5234908312140276,62.2803,5.354,4.1949,2.9392,49.9,341.9,23.599999999999998,93.3,1.2543,10.0185,915.918,Mccc2_E01.xlsx,Mccc2,Female
Mccc2_E01_F02_CF,3215,1.9662,0.0659,3.4149,0.0335,1.7368019530057979,66.8804,8.9003,3.7139,2.7472,42.8,355.5,15.299999999999999,120.7,1.2555,11.5591,827.203,Mccc2_E01.xlsx,Mccc2,Female
Mccc2_E01_F03_CF,3216,2.2196,0.1041,5.2142,0.0469,2.3491620111731844,64.685,8.335,3.8669,3.469,45.699999999999996,288,18.3,71.2,1.2566,26.6446,829.706,Mccc2_E01.xlsx,Mccc2,Female
Mccc2_E01_F04_CF,3217,2.2694,0.0954,4.2488,0.042,1.872212919714462,57.1129,12.9992,4.0967,2.9685,49.2,333.9,19.599999999999998,98.6,1.3282,17.5933,850.441,Mccc2_E01.xlsx,Mccc2,Female
Mccc2_E01_F05_CF,3219,2.1393,0.0896,4.5505,0.0419,2.1270976487636144,65.9422,6.7779,3.8716,2.9143,45.3,347,18.700000000000003,143.5,1.2682,24.9756,825.79,Mccc2_E01.xlsx,Mccc2,Female
Mccc2_E01_F06_CF,3220,2.1546,0.1074,5.322,0.0498,2.470064049011418,62.2521,15.0838,3.6995,3.3017,48.9,303.70000000000005,21.2,80.8,1.2018,30.2394,858.722,Mccc2_E01.xlsx,Mccc2,Female
Mccc2_E01_F07_CF,3221,2.2505,0.1091,4.8922,0.0485,2.1738280382137303,55.4239,18.6626,3.7946,3.0513,49.4,331.3,17.8,100.2,1.3317,26.5162,800.819,Mccc2_E01.xlsx,Mccc2,Female
Mccc2_E01_F08_CF,3222,2.2736,0.13,6.3127,0.0572,2.776521815622801,59.8808,23.5308,3.6936,3.494,49,287,18.2,74.39999999999999,1.2783,38.5204,846.076,Mccc2_E01.xlsx,Mccc2,Female
Mcl1_E01_F01_CF,2628,2.2855,0.0797,3.4252,0.0349,1.4986654998906148,52.7479,8.5319,3.9542,2.4837,52.6,402.4,18,135.6,1.287,9.8901,863.087,Mcl1_E01.xlsx,Mcl1,Female
Mcl1_E01_F02_CF,2629,1.8633,0.0379,1.5721,0.0203,0.843718134492567,52.8146,5.367,3.5772,1.8348,51.7,567.2,20.1,179,1.5042,-7.4422,890.369,Mcl1_E01.xlsx,Mcl1,Female
Mcl1_E01_F03_CF,2630,2.125,0.0458,1.8836,0.0215,0.8864,51.0873,2.1176,4.2528,2.2629,54.6,439.40000000000003,19.900000000000002,116.3,1.3689,-6.2225,889.149,Mcl1_E01.xlsx,Mcl1,Female
Mcl1_E01_F04_CF,2631,1.8752,0.0425,1.5883,0.0227,0.8470029863481229,45.2153,4.5328,3.4645,1.6981,55.1,590.5,18.599999999999998,204.4,1.4096,-5.1954,887.288,Mcl1_E01.xlsx,Mcl1,Female
Mcl1_E01_F05_CF,2633,1.9389,0.0425,1.7403,0.0219,0.8975707875599567,51.4252,4.8996,4.1381,2.2511,53.1,444.90000000000003,24,121.1,1.4758,-4.0399,806.532,Mcl1_E01.xlsx,Mcl1,Female
Mcl1_E01_F06_CF,2634,1.8372,0.0548,2.1497,0.0298,1.1700957979534075,49.2255,8.4369,4.3411,2.1787,55.4,460.4,20.6,182.7,1.3826,1.1597,883.629,Mcl1_E01.xlsx,Mcl1,Female
Mcl1_E01_F07_CF,2635,1.9432,0.0323,1.3991,0.0166,0.7199979415397283,60.0905,2.0585,4.3154,1.8732,46.6,538.8,17.9,165,1.217,-14.1825,840.94,Mcl1_E01.xlsx,Mcl1,Female
Mcl1_E01_F08_CF,2636,2.1562,0.0401,1.7861,0.0186,0.8283554401261478,58.631,2.087,4.0111,1.947,49.4,512.9,18.4,170.9,1.2396,-7.3138,848.964,Mcl1_E01.xlsx,Mcl1,Female
Meis1_E01_F01_CF,3234,2.0472,0.1153,5.7813,0.0563,2.8240035169988276,62.6965,20.7598,3.5973,3.4595,47.9,287.5,18.1,82.69999999999999,1.28,34.6688,839.078,Meis1_E01.xlsx,Meis1,Female
Meis1_E01_F02_CF,3235,1.9277,0.1388,6.4135,0.072,3.327021839497847,54.4856,23.6034,3.3648,3.6887,51.1,270.3,17.7,81.4,1.6236,47.5717,860.519,Meis1_E01.xlsx,Meis1,Female
Meis1_E01_F03_CF,3236,1.7319,0.0711,4.107,0.0411,2.3713840291009873,77.8958,13.8578,3.4373,3.3886,38.199999999999996,295.8,12,87.3,1.2034,26.2594,730.976,Meis1_E01.xlsx,Meis1,Female
Meis1_E01_F04_CF,3237,1.9282,0.1995,8.3872,0.1035,4.349756249351727,48.9164,51.6016,3.2812,4.1906,54.9,239.5,18.2,63.1,1.6158,72.9924,829.77,Meis1_E01.xlsx,Meis1,Female
Meis1_E01_F05_CF,3239,1.9252,0.1453,6.4953,0.0755,3.373831290255558,55.2524,30.9055,3.4305,3.7474,48.300000000000004,266,16.9,74.80000000000001,1.5014,49.1766,856.218,Meis1_E01.xlsx,Meis1,Female
Meis1_E01_F06_CF,3240,2.0399,0.0763,3.2317,0.0374,1.5842443257022405,55.5633,9.0691,4.3113,2.726,49.5,366.70000000000005,19,115.3,1.458,17.7217,875.348,Meis1_E01.xlsx,Meis1,Female
Meis1_E01_F07_CF,3241,1.845,0.1228,5.358,0.0665,2.9040650406504063,53.1721,29.8105,3.3965,3.51,49.7,288.8,16.9,81.69999999999999,1.4703,42.9498,811.796,Meis1_E01.xlsx,Meis1,Female
Meis1_E01_F08_CF,3242,2.062,0.0894,4.439,0.0433,2.152764306498545,63.8342,7.2746,3.8013,3.1898,46.6,311.2,17,87.4,1.3469,24.6546,813.529,Meis1_E01.xlsx,Meis1,Female
Ndc80_E01_F01_CF,1602,2.0048,0.0671,3.41,0.0335,1.7009177972865126,69.3955,8.9786,3.929,3.0179,44.2,334.5,17.7,87.7,1.2686,16.8872,843.636,Ndc80_E01.xlsx,Ndc80,Female
Ndc80_E01_F02_CF,1603,2.321,0.052,2.2951,0.0224,0.9888410168031021,59.6698,2.3697,4.7844,2.534,48,396.4,20.9,121.80000000000001,1.3553,0.4536,825.148,Ndc80_E01.xlsx,Ndc80,Female
Ndc80_E01_F03_CF,1604,2.2786,0.0646,2.838,0.0284,1.2455016238040904,55.8496,4.3886,4.2368,2.6086,51.2,383.40000000000003,20.8,108,1.4259,7.7717,869.827,Ndc80_E01.xlsx,Ndc80,Female
Ndc80_E01_F04_CF,1605,2.1112,0.0744,3.6562,0.0352,1.7318112921561197,65.1765,6.6312,4.1728,3.1202,47.7,318.40000000000003,22.9,83.3,1.2309,19.9685,898.971,Ndc80_E01.xlsx,Ndc80,Female
Ndc80_E01_F05_CF,1607,1.849,0.0794,3.9728,0.0429,2.1486208761492698,64.7786,9.194,3.7735,3.3602,45.400000000000006,294.8,16.9,71.4,1.4045,24.9114,863.215,Ndc80_E01.xlsx,Ndc80,Female
Ndc80_E01_F06_CF,1608,2.307,0.0822,2.9072,0.0356,1.260164716081491,41.7831,9.9698,3.5891,2.2342,60.6,455.1,24.6,115.2,1.5478,10.4678,827.909,Ndc80_E01.xlsx,Ndc80,Female
Ndc80_E01_F07_CF,1609,2.3055,0.0755,3.6221,0.0327,1.5710691823899372,64.4593,6.9398,4.0905,2.8592,43.9,345.9,20.7,105.30000000000001,1.2983,14.833,782.46,Ndc80_E01.xlsx,Ndc80,Female
Ndc80_E01_F08_CF,1610,2.1576,0.0629,3.1909,0.0291,1.4789117538005192,68.3505,5.3299,4.1418,2.9355,44.5,341.8,17.5,89.89999999999999,1.3075,13.7417,854.998,Ndc80_E01.xlsx,Ndc80,Female
Nup205_E01_F01_CF,983,1.919,0.0514,2.8064,0.0268,1.4624283480979676,80.4085,2.6055,4.0028,3.1656,38.800000000000004,318,18.2,75.39999999999999,1.3274,7.1297,789.328,Nup205_E01.xlsx,Nup205,Female
Nup205_E01_F02_CF,984,2.0815,0.0992,4.4202,0.0477,2.1235647369685324,54.6587,10.5694,4.0325,3.0955,55,322.2,23.599999999999998,91.6,1.2935,31.3307,857.181,Nup205_E01.xlsx,Nup205,Female
Nup205_E01_F03_CF,985,2.0572,0.0929,4.24,0.0452,2.061053859615011,58.4323,8.0206,4.0996,3.3476,49.2,298,19.599999999999998,70.7,1.3245,30.6888,846.974,Nup205_E01.xlsx,Nup205,Female
Nup205_E01_F04_CF,986,2.131,0.0743,3.6279,0.0349,1.7024401689347726,64.4764,3.5195,4.3886,3.2225,53.199999999999996,308.8,28.299999999999997,72.8,1.2045,20.6746,904.62,Nup205_E01.xlsx,Nup205,Female
Nup205_E01_F05_CF,988,1.9648,0.0596,2.9418,0.0303,1.4972516286644952,68.9649,2.5448,4.2665,3.0427,41.099999999999994,323.90000000000003,16.299999999999997,86.2,1.3975,22.472,822.388,Nup205_E01.xlsx,Nup205,Female
Nup205_E01_F06_CF,989,1.965,0.0769,3.8552,0.0391,1.9619338422391857,64.676,9.1602,3.7597,3.1037,47.300000000000004,323.5,18.8,95.8,1.3688,28.8272,903.015,Nup205_E01.xlsx,Nup205,Female
Nup205_E01_F07_CF,990,1.9906,0.069,3.7319,0.0347,1.8747613784788506,76.0742,6.7819,3.8643,3.3058,39.800000000000004,301.3,14.7,71.5,1.2275,24.6546,770.263,Nup205_E01.xlsx,Nup205,Female
Nup205_E01_F08_CF,991,1.912,0.0768,3.2734,0.0402,1.712029288702929,52.4811,7.8451,3.83,2.7744,50,360.4,17,109,1.4345,25.0398,807.495,Nup205_E01.xlsx,Nup205,Female
P3h1_E01_F01_CF,3835,2.3536,0.0792,3.8568,0.0336,1.6386811692726035,64.1126,9.5598,3.9085,2.8782,44.6,348.9,17.5,91.30000000000001,1.3164,10.4036,766.155,P3h1_E01.xlsx,P3h1,Female
P3h1_E01_F02_CF,3836,1.9198,0.0932,4.5868,0.0486,2.38920720908428,63.4702,13.5431,3.7336,3.3781,45.199999999999996,296.70000000000005,17.3,76.30000000000001,1.2663,19.9685,837.281,P3h1_E01.xlsx,P3h1,Female
P3h1_E01_F03_CF,3837,2.044,0.0537,2.4821,0.0263,1.2143346379647748,62.3758,2.6908,4.2251,2.7507,45.900000000000006,365,18,101.7,1.3805,0.0685,805.634,P3h1_E01.xlsx,P3h1,Female
P3h1_E01_F04_CF,3838,2.005,0.086,3.5242,0.0429,1.7577057356608479,50.798,6.9826,4.2853,2.9922,55,326.29999999999995,21.6,87.8,1.3695,20.3536,862.637,P3h1_E01.xlsx,P3h1,Female
P3h1_E01_F05_CF,3840,2.1763,0.0972,4.4086,0.0447,2.0257317465422964,57.0548,16.542,3.6664,2.9601,48.7,340.9,18.3,97.5,1.3046,23.0498,828.486,P3h1_E01.xlsx,P3h1,Female
P3h1_E01_F06_CF,3841,2.1507,0.0922,3.8942,0.0429,1.8106662946947505,52.0756,13.4843,3.9192,2.859,51,352.3,19.599999999999998,93.8,1.4259,20.9956,851.917,P3h1_E01.xlsx,P3h1,Female
P3h1_E01_F07_CF,3842,1.9845,0.0837,4.1259,0.0422,2.0790627362055933,64.0154,8.0623,3.891,3.167,45.6,314.59999999999997,18.8,97.4,1.4099,22.793,832.916,P3h1_E01.xlsx,P3h1,Female
P3h1_E01_F08_CF,3843,2.043,0.1198,6.0994,0.0587,2.9855115026921193,64.6909,19.3344,3.608,3.6714,46.4,271.9,21.9,71.6,1.2961,27.8001,845.434,P3h1_E01.xlsx,P3h1,Female
P4hb_E01_F01_CF,3855,2.3134,0.0536,2.3481,0.0232,1.0149995677358001,56.0707,4.5389,3.891,2.2101,49.2,451.5,20.299999999999997,126.9,1.3827,-6.0299,893.258,P4hb_E01.xlsx,P4hb,Female
P4hb_E01_F02_CF,3856,2.1714,0.0863,4.3448,0.0397,2.0009210647508517,66.1636,12.2039,3.9369,3.029,44.699999999999996,331.1,17.4,117.5,1.3029,22.2152,834.2,P4hb_E01.xlsx,P4hb,Female
P4hb_E01_F03_CF,3857,2.176,0.0728,3.8176,0.0335,1.7544117647058823,68.3912,10.3399,3.6788,3.0735,41.6,324.6,14.1,84.9,1.3721,12.522,782.395,P4hb_E01.xlsx,P4hb,Female
P4hb_E01_F04_CF,3858,2.1508,0.0861,4.1353,0.04,1.9226799330481683,63.0414,10.6936,4.0347,3.0192,47.800000000000004,333.2,23,90.89999999999999,1.2451,20.9314,876.953,P4hb_E01.xlsx,P4hb,Female
P4hb_E01_F05_CF,3860,1.9316,0.0999,4.8083,0.0517,2.4892834955477325,60.4575,17.0841,3.7585,3.2653,48.300000000000004,306.3,20.6,83.8,1.4274,34.6046,898.265,P4hb_E01.xlsx,P4hb,Female
P4hb_E01_F06_CF,4187,1.909,0.0836,3.7365,0.0438,1.9573074908328967,56.0369,11.0007,3.7111,2.7873,47.6,358.8,16.8,99.4,1.5799,21.1239,841.646,P4hb_E01.xlsx,P4hb,Female
P4hb_E01_F07_CF,4189,1.9361,0.0982,4.272,0.0507,2.2064975982645527,55.301,9.0387,4.4247,3.3213,53.1,296.8,21.6,81.60000000000001,1.3529,32.8714,900.961,P4hb_E01.xlsx,P4hb,Female
P4hb_E01_F08_CF,3862,1.8993,0.0828,3.6535,0.0436,1.9236034328436793,56.9428,6.3182,4.4737,3.2876,51.6,301.3,21.8,83.2,1.3674,18.5562,901.539,P4hb_E01.xlsx,P4hb,Female
Pdcd6ip_E01_F01_CF,4147,2.2824,0.0728,2.9022,0.0319,1.2715562565720295,49.1638,5.0385,4.0709,2.3959,54.4,418.2,18.5,134.7,1.3454,5.4607,849.927,Pdcd6ip_E01.xlsx,Pdcd6ip,Female
Pdcd6ip_E01_F02_CF,4148,2.2655,0.143,6.2274,0.0631,2.748797175016553,52.1873,21.8491,3.3993,3.2943,52.1,303.09999999999997,16.5,89.30000000000001,1.4576,33.6417,817.638,Pdcd6ip_E01.xlsx,Pdcd6ip,Female
Pdcd6ip_E01_F03_CF,4149,2.0401,0.1068,5.2266,0.0523,2.5619332385667373,61.7075,15.6857,3.6448,3.3575,46.6,295,16.2,75.6,1.3556,28.8914,821.875,Pdcd6ip_E01.xlsx,Pdcd6ip,Female
Pdcd6ip_E01_F04_CF,4150,2.1232,0.1084,5.1588,0.0511,2.42972871137905,59.0475,15.7779,3.8055,3.4736,49.3,288.7,18.700000000000003,73.3,1.405,26.3236,838.757,Pdcd6ip_E01.xlsx,Pdcd6ip,Female
Pdcd6ip_E01_F05_CF,4152,2.2897,0.1072,4.6327,0.0468,2.023278158710748,52.6464,12.2285,3.8512,2.8874,54.800000000000004,345,23.3,99.8,1.4097,29.5975,852.366,Pdcd6ip_E01.xlsx,Pdcd6ip,Female
Pdcd6ip_E01_F06_CF,4153,2.0652,0.1111,5.1262,0.0538,2.4821809025760215,57.1064,7.2632,3.7951,3.2332,51,309.59999999999997,20.5,91.2,1.4048,36.9156,846.204,Pdcd6ip_E01.xlsx,Pdcd6ip,Female
Pdcd6ip_E01_F07_CF,4154,2.0999,0.0949,4.3909,0.0452,2.0910043335396926,58.9208,11.6671,3.8387,2.9593,48.300000000000004,343.9,18.700000000000003,121.7,1.4178,25.104,818.536,Pdcd6ip_E01.xlsx,Pdcd6ip,Female
Pdcd6ip_E01_F08_CF,4155,2.0644,0.0633,2.7664,0.0307,1.3400503778337531,56.4695,8.9615,3.808,2.5279,46.199999999999996,396.9,15.100000000000001,124.7,1.555,12.1368,826.496,Pdcd6ip_E01.xlsx,Pdcd6ip,Female
Piezo2_E01_F01_CF,879,1.913,0.0849,4.3125,0.0444,2.254312598013591,65.8112,7.3184,3.8137,3.4015,45.900000000000006,291.2,19,66.69999999999999,1.5315,19.3907,847.552,Piezo2_E01.xlsx,Piezo2,Female
Piezo2_E01_F02_CF,880,1.9321,0.0547,2.5834,0.0283,1.3370943532943431,64.6752,5.6933,4.2392,2.8388,46.4,354.6,20.2,82.10000000000001,1.3539,-7.2496,858.336,Piezo2_E01.xlsx,Piezo2,Female
Piezo2_E01_F03_CF,881,1.9543,0.0613,2.7886,0.0314,1.4269047740879088,61.3027,2.0468,4.5315,2.6767,50.3,372.5,24.2,133.89999999999998,1.2475,2.572,943.136,Piezo2_E01.xlsx,Piezo2,Female
Piezo2_E01_F04_CF,882,2.1991,0.0714,3.8513,0.0325,1.7513073530080487,74.656,3.4106,3.8801,3.047,41.300000000000004,330.7,15.9,91.1,1.2456,5.3965,854.421,Piezo2_E01.xlsx,Piezo2,Female
Piezo2_E01_F05_CF,884,2.011,0.0838,3.9781,0.0417,1.9781700646444553,62.3919,10.1939,3.9093,3.118,45.1,320.7,16.8,81.10000000000001,1.3121,28.3778,871.432,Piezo2_E01.xlsx,Piezo2,Female
Piezo2_E01_F06_CF,885,2.0343,0.0843,3.8026,0.0414,1.86924249127464,57.191,10.8148,3.8321,2.9812,49.2,338.7,18.599999999999998,83.2,1.4667,24.9114,847.809,Piezo2_E01.xlsx,Piezo2,Female
Piezo2_E01_F07_CF,886,1.8666,0.0507,2.401,0.0272,1.2862959391406834,64.6675,4.2858,4.0323,2.8287,42.4,357.59999999999997,17.7,84.1,1.3619,10.9172,880.997,Piezo2_E01.xlsx,Piezo2,Female
Piezo2_E01_F08_CF,887,1.9526,0.0905,4.817,0.0464,2.466967120762061,71.6479,13.5718,3.6281,3.4962,41.099999999999994,284.8,16.299999999999997,71.4,1.306,25.0398,832.723,Piezo2_E01.xlsx,Piezo2,Female
Plod2_E01_F01_CF,1622,2.1893,0.1216,5.5874,0.0555,2.5521399534097657,55.9267,19.1838,3.4447,2.6606,50.6,382.1,23,138,1.3347,31.8443,776.04,Plod2_E01.xlsx,Plod2,Female
Plod2_E01_F02_CF,1623,2.1813,0.0982,4.8704,0.045,2.2327969559437038,64.4161,11.9196,4.0096,3.4313,49.7,289.2,24,73.1,1.2417,33.9627,904.107,Plod2_E01.xlsx,Plod2,Female
Plod2_E01_F03_CF,1624,2.1388,0.0962,5.0253,0.045,2.3495885543295305,70.1234,5.8444,3.9202,3.4385,45.199999999999996,287.6,20.1,73.1,1.2913,33.1282,868.543,Plod2_E01.xlsx,Plod2,Female
Plod2_E01_F04_CF,1625,2.0134,0.0927,4.6875,0.046,2.328151385715705,67.6935,10.9266,3.9927,3.4834,44.4,289.2,16.8,77.60000000000001,1.2156,35.3107,810.897,Plod2_E01.xlsx,Plod2,Female
Plod2_E01_F05_CF,1627,2.0901,0.1171,6.103,0.056,2.919955982967322,67.3748,16.985,3.5033,3.6265,41.5,274.6,13.799999999999999,74.1,1.4571,42.2437,817.06,Plod2_E01.xlsx,Plod2,Female
Plod2_E01_F06_CF,1628,2.0229,0.0902,4.4815,0.0446,2.215383854861832,65.4824,9.8869,3.7139,3.2672,43.2,308.5,17.4,91,1.3997,31.6517,795.363,Plod2_E01.xlsx,Plod2,Female
Plod2_E01_F07_CF,1629,2.4744,0.1394,6.6979,0.0563,2.706878435176204,60.2535,19.6008,3.6518,3.2978,48.599999999999994,300.70000000000005,19.599999999999998,95.60000000000001,1.3699,40.7672,853.907,Plod2_E01.xlsx,Plod2,Female
Plod2_E01_F08_CF,1630,2.0289,0.1128,5.8523,0.0556,2.8844694169254272,65.8137,16.7575,3.5088,3.5587,45.400000000000006,279.4,17.9,78.3,1.3217,42.2437,859.685,Plod2_E01.xlsx,Plod2,Female
Ppfia1_E01_F01_CF,1702,1.991,0.099,4.9811,0.0497,2.501808136614766,63.8357,11.0494,3.5783,3.2979,44.6,298,15.7,82.9,1.458,27.8001,793.308,Ppfia1_E01.xlsx,Ppfia1,Female
Ppfia1_E01_F02_CF,1703,1.9654,0.0995,4.7573,0.0506,2.420525083952376,61.0849,10.9394,3.87,3.4626,49.2,283,20.6,73.3,1.3648,28.442,819.692,Ppfia1_E01.xlsx,Ppfia1,Female
Ppfia1_E01_F03_CF,1704,1.818,0.0908,4.6596,0.0499,2.563036303630363,67.2737,14.0267,3.567,3.5189,42.4,285.9,15.100000000000001,82.8,1.4716,29.1481,797.802,Ppfia1_E01.xlsx,Ppfia1,Female
Ppfia1_E01_F04_CF,1705,2.0385,0.0708,3.6775,0.0347,1.8040225656119697,67.8975,5.151,3.786,3.2739,42.5,303.20000000000005,18.1,82.60000000000001,1.3651,13.5491,752.802,Ppfia1_E01.xlsx,Ppfia1,Female
Ppfia1_E01_F05_CF,1707,2.1968,0.1253,5.558,0.057,2.5300436999271665,53.9752,12.5183,3.7761,3.2725,52.8,303.8,20.5,76.1,1.4686,40.382,849.927,Ppfia1_E01.xlsx,Ppfia1,Female
Ppfia1_E01_F06_CF,1708,2.124,0.0582,2.8113,0.0274,1.3235875706214688,64.6452,7.5331,4.1205,2.5892,44.900000000000006,385.79999999999995,17.4,161.5,1.3647,16.1169,834.007,Ppfia1_E01.xlsx,Ppfia1,Female
Ppfia1_E01_F07_CF,1709,1.9676,0.1007,4.9707,0.0512,2.526275665785729,62.906,13.4681,3.7058,3.2976,46.800000000000004,297.59999999999997,19.400000000000002,88.9,1.305,34.4762,825.148,Ppfia1_E01.xlsx,Ppfia1,Female
Ppfia1_E01_F08_CF,1710,2.0194,0.0873,3.7548,0.0432,1.859364167574527,53.646,3.2188,4.0053,2.9222,51,343,17.9,99.9,1.438,27.3507,817.317,Ppfia1_E01.xlsx,Ppfia1,Female
Rab10_E01_F01_CF,2137,2.2183,0.0942,4.4443,0.0425,2.00347112653834,60.1399,12.1718,3.9778,3.1448,47.9,316.8,17.2,92.7,1.3177,14.1268,819.435,Rab10_E01.xlsx,Rab10,Female
Rab10_E01_F02_CF,2138,2.2447,0.0985,4.9601,0.0439,2.2096939457388514,65.6496,11.8054,3.8802,3.3243,46.199999999999996,299.59999999999997,19.099999999999998,76.1,1.294,18.2352,849.285,Rab10_E01.xlsx,Rab10,Female
Rab10_E01_F03_CF,2139,2.1616,0.0577,2.4843,0.0267,1.1492875647668395,54.9436,3.4697,4.0656,2.4246,51.9,411.2,21.8,110.5,1.3474,-2.7561,845.241,Rab10_E01.xlsx,Rab10,Female
Rab10_E01_F04_CF,2140,2.3253,0.0932,4.4786,0.0401,1.9260310497570208,61.5758,10.1063,3.9326,3.2613,47.5,304.8,19.599999999999998,77.3,1.3782,14.0627,819.692,Rab10_E01.xlsx,Rab10,Female
Rab10_E01_F05_CF,2142,2.487,0.1452,7.1609,0.0584,2.879332529151588,60.755,22.3162,3.528,3.6371,47.300000000000004,273.1,16.299999999999997,76.8,1.3515,36.0811,806.917,Rab10_E01.xlsx,Rab10,Female
Rab10_E01_F06_CF,2143,2.3413,0.1023,4.2639,0.0437,1.8211677273309699,52.4406,9.6099,4.2906,2.9742,53.3,335.2,20.7,101.1,1.3628,22.0227,847.488,Rab10_E01.xlsx,Rab10,Female
Rbpj_E01_F01_CF,1837,2.3682,0.1244,6.3024,0.0525,2.661261717760324,64.1294,20.0571,3.5125,3.3855,44.5,294.09999999999997,16.8,81.3,1.3687,22.793,791.383,Rbpj_E01.xlsx,Rbpj,Female
Rbpj_E01_F02_CF,1838,2.3673,0.1429,6.7719,0.0604,2.860600684323913,57.885,20.487,3.6812,3.3209,50.4,301.4,20.7,95.3,1.5238,31.1382,849.863,Rbpj_E01.xlsx,Rbpj,Female
Rbpj_E01_F03_CF,1839,2.037,0.0769,3.979,0.0377,1.953362788414335,69.0958,8.5909,3.8392,3.1496,42.6,315.8,17.4,79,1.2375,19.1339,814.877,Rbpj_E01.xlsx,Rbpj,Female
Rbpj_E01_F04_CF,1840,2.0185,0.1027,4.7127,0.0509,2.3347535298488977,56.7822,19.3208,3.5672,3.1917,47.9,314.90000000000003,17.6,90.7,1.4262,25.6175,826.176,Rbpj_E01.xlsx,Rbpj,Female
Rbpj_E01_F05_CF,1842,2.2693,0.1069,4.8276,0.0471,2.1273520468867053,56.4087,13.6608,3.9495,3.1205,53.8,320.79999999999995,25.1,88.1,1.3908,23.6275,881.703,Rbpj_E01.xlsx,Rbpj,Female
Rbpj_E01_F06_CF,1843,2.1657,0.0451,2.0898,0.0208,0.9649535946807035,63.2257,2.0778,4.5834,2.6403,45.5,375.90000000000003,20.7,93.39999999999999,1.2909,2.5078,891.974,Rbpj_E01.xlsx,Rbpj,Female
Rbpj_E01_F07_CF,1844,2.1773,0.1241,6.015,0.057,2.762595875625775,61.0267,21.5865,3.5701,3.2726,45.199999999999996,307.7,16,101.7,1.3069,32.9356,817.638,Rbpj_E01.xlsx,Rbpj,Female
Rbpj_E01_F08_CF,1845,2.2374,0.0944,4.5435,0.0422,2.030705282917672,63.0969,5.5868,3.8634,2.9608,45.5,337,18.9,101.8,1.3493,20.2252,858.208,Rbpj_E01.xlsx,Rbpj,Female
Robo1_E01_F01_CF,2193,2.1517,0.1033,4.5744,0.048,2.1259469256866663,54.7081,9.295,3.9524,3.1025,52,322.2,20.8,116.2,1.3851,31.3949,864.884,Robo1_E01.xlsx,Robo1,Female
Robo1_E01_F02_CF,2194,2.2817,0.0894,3.8811,0.0392,1.7009685760617086,54.1247,10.7377,4.1043,3.1559,53.1,320,21.6,80.60000000000001,1.4122,18.6846,842.802,Robo1_E01.xlsx,Robo1,Female
Robo1_E01_F03_CF,2195,2.3521,0.0969,4.0401,0.0412,1.7176565622209938,50.4958,12.117,3.6875,2.9342,53.8,351.3,20.6,106.80000000000001,1.3904,19.4549,878.108,Robo1_E01.xlsx,Robo1,Female
Robo1_E01_F04_CF,2196,2.1889,0.0681,3.1571,0.0311,1.4423226278039198,62.9379,7.3096,4.3406,3.0468,45.8,336.9,20.299999999999997,84.2,1.3574,13.8701,831.247,Robo1_E01.xlsx,Robo1,Female
Robo1_E01_F05_CF,2198,2.412,0.0915,4.0738,0.0379,1.6889718076285243,56.3837,10.5723,4.1718,3.0457,52.1,334.2,22.599999999999998,89,1.4065,18.1069,851.211,Robo1_E01.xlsx,Robo1,Female
Robo1_E01_F06_CF,2199,2.2329,0.0994,4.1724,0.0445,1.8686013704151552,50.3717,16.5704,3.4677,2.8639,50.9,353.5,17.8,95,1.5354,17.2081,837.538,Robo1_E01.xlsx,Robo1,Female
Robo1_E01_F07_CF,2200,2.4294,0.1047,4.8702,0.0431,2.004692516670783,58.7149,10.9079,3.9133,3.0047,48.7,332,19.5,95.4,1.3693,19.5833,873.101,Robo1_E01.xlsx,Robo1,Female
Robo1_E01_F08_CF,2201,2.5018,0.0829,3.6815,0.0331,1.4715404908465906,54.3315,7.5944,3.5863,2.4566,50.8,407.9,18.5,114,1.4516,7.6433,875.797,Robo1_E01.xlsx,Robo1,Female
Satb1_E01_F01_CF,4167,2.0452,0.0688,3.0176,0.0337,1.4754547232544495,54.9939,7.5786,4.1423,2.8438,50.9,357.59999999999997,20.5,94.7,1.5485,17.4649,884.848,Satb1_E01.xlsx,Satb1,Female
Satb1_E01_F02_CF,4168,2.2306,0.0982,4.1072,0.044,1.8412983053886847,52.1577,7.397,4.3844,3.1009,56,326,23.599999999999998,89.2,1.3623,23.0498,889.214,Satb1_E01.xlsx,Satb1,Female
Satb1_E01_F03_CF,4169,2.1395,0.121,5.3639,0.0566,2.5070810937134844,54.0005,12.8536,3.9087,3.3415,51.4,295.3,20.400000000000002,76.30000000000001,1.3504,37.3649,887.159,Satb1_E01.xlsx,Satb1,Female
Satb1_E01_F04_CF,4170,2.011,0.1144,5.1487,0.0569,2.5602685231228244,54.1985,15.6639,3.6299,3.3859,50.8,294.9,17.7,83.6,1.4242,37.8785,850.569,Satb1_E01.xlsx,Satb1,Female
Satb1_E01_F05_CF,4172,2.0188,0.1209,5.2767,0.0599,2.613780463641767,51.2638,19.5659,3.4842,3.1574,55.1,315.59999999999997,19.3,97.60000000000001,1.5404,40.5104,880.034,Satb1_E01.xlsx,Satb1,Female
Satb1_E01_F06_CF,4173,1.9954,0.0853,4.3707,0.0428,2.1903878921519495,67.2334,12.7797,3.7886,3.307,43.7,301,16.6,81,1.3594,28.6988,872.395,Satb1_E01.xlsx,Satb1,Female
Satb1_E01_F07_CF,4174,2.2841,0.1334,5.8639,0.0584,2.5672693840024516,53.3263,15.5423,3.7075,3.2719,52.8,303.59999999999997,19.599999999999998,85.5,1.3951,39.6759,889.984,Satb1_E01.xlsx,Satb1,Female
Satb1_E01_F08_CF,4175,2.4106,0.1165,5.0166,0.0483,2.0810586575956194,53.9691,13.6898,4.1443,3.2968,50.5,305,19.599999999999998,78,1.3554,33.1282,883.886,Satb1_E01.xlsx,Satb1,Female
Slain2_E01_F01_CF,1411,2.0697,0.1199,5.3476,0.0579,2.583756099917862,54.8109,18.1187,3.5408,3.1827,47,312.90000000000003,17.3,91.7,1.3721,30.6246,796.261,Slain2_E01.xlsx,Slain2,Female
Slain2_E01_F02_CF,1412,1.972,0.1388,6.3027,0.0704,3.1960953346855985,54.1358,29.665,3.3305,3.5309,52.2,283.2,19.2,81.5,1.5409,43.3349,789.906,Slain2_E01.xlsx,Slain2,Female
Slain2_E01_F03_CF,1413,1.8817,0.0702,3.6204,0.0373,1.92400488919594,73.085,6.3774,4.0645,3.3537,41,298.3,16.5,75.2,1.3414,17.4007,852.046,Slain2_E01.xlsx,Slain2,Female
Slain2_E01_F04_CF,1414,2.0607,0.0655,2.9752,0.0318,1.443781239384675,60.1217,4.61,4.3571,2.8116,48.5,357,19.400000000000002,95.9,1.3588,6.6162,803.708,Slain2_E01.xlsx,Slain2,Female
Slain2_E01_F05_CF,1416,1.942,0.0639,3.0619,0.0329,1.5766735324407828,62.2875,5.6644,4.036,3.0303,48.099999999999994,329.6,20.2,81.69999999999999,1.3865,10.853,851.596,Slain2_E01.xlsx,Slain2,Female
Slain2_E01_F06_CF,1417,2.1171,0.063,3.0423,0.0298,1.4370128949978742,67.6316,1.8894,4.5345,3.1744,46,314.90000000000003,21.7,81.8,1.2838,16.8872,757.553,Slain2_E01.xlsx,Slain2,Female
Slain2_E01_F07_CF,1418,2.1263,0.0758,3.5452,0.0356,1.6673094107134458,59.8115,3.5273,4.1652,2.9994,55,334,32.2,85.9,1.3964,22.9214,830.155,Slain2_E01.xlsx,Slain2,Female
Slain2_E01_F08_CF,1419,2.0963,0.0909,4.2443,0.0434,2.024662500596289,58.3478,15.0264,3.7742,2.988,48.2,337.1,17.2,99.8,1.3211,32.1653,832.852,Slain2_E01.xlsx,Slain2,Female
Slbp_E01_F01_CF,1897,1.8434,0.07,3.0289,0.038,1.643105131821634,53.858,3.7974,3.8376,2.7716,52.3,362.59999999999997,20.1,98.6,1.4099,7.0014,872.652,Slbp_E01.xlsx,Slbp,Female
Slbp_E01_F02_CF,1898,2.1664,0.0727,3.3114,0.0336,1.52852658788774,60.5264,4.3852,4.5764,2.9435,51.7,342.6,25,88.6,1.2221,6.2952,841.068,Slbp_E01.xlsx,Slbp,Female
Slbp_E01_F03_CF,1899,2.0252,0.0696,3.1117,0.0344,1.5364902231878332,58.748,6.6659,4.2786,2.9604,48.9,336.8,21.1,88,1.3209,7.2581,889.599,Slbp_E01.xlsx,Slbp,Female
Slbp_E01_F04_CF,1900,2.1365,0.1039,4.4078,0.0487,2.063093845073719,51.6191,8.8932,4.0226,3.0595,56.5,330.1,23.7,89.2,1.3824,19.7117,874.578,Slbp_E01.xlsx,Slbp,Female
Slbp_E01_F05_CF,1902,2.0054,0.0775,3.5524,0.0386,1.7714171736311959,60.6154,9.9733,4.24,3.0136,46.4,334.6,17.4,85.8,1.3576,17.5933,840.298,Slbp_E01.xlsx,Slbp,Female
Slbp_E01_F06_CF,1903,1.9172,0.076,3.7406,0.0396,1.9510744836219487,63.587,7.8238,3.7526,3.0115,44.5,331.5,17.8,96.5,1.3347,15.9243,853.394,Slbp_E01.xlsx,Slbp,Female
Slbp_E01_F07_CF,1904,2.0791,0.1605,6.7656,0.0772,3.2541003318743686,49.7525,24.2895,3.6747,3.3973,58.7,288.3,23,84.8,1.4339,50.9098,904.877,Slbp_E01.xlsx,Slbp,Female
Slbp_E01_F08_CF,1905,2.1786,0.1043,5.0154,0.0479,2.302120627926191,60.9892,10.0984,3.7661,3.2555,47.1,302.5,16.9,82.10000000000001,1.3154,30.4962,826.946,Slbp_E01.xlsx,Slbp,Female
Slmap_E01_F01_CF,2779,2.2642,0.1338,6.3987,0.0591,2.8260312693224976,59.6508,15.8996,3.8485,3.6709,49.8,270.8,20.8,71.2,1.3608,36.7872,799.856,Slmap_E01.xlsx,Slmap,Female
Slmap_E01_F02_CF,2780,2.1482,0.0706,2.6405,0.0329,1.229168606275021,45.9603,3.0258,4.0792,2.2769,58.5,441.8,24.7,123.30000000000001,1.4076,9.5049,877.274,Slmap_E01.xlsx,Slmap,Female
Slmap_E01_F03_CF,2781,2.101,0.0676,3.1291,0.0322,1.4893384102808187,60.7056,5.9495,4.2508,3.0879,47.5,326.79999999999995,19.3,79.10000000000001,1.2725,16.502,825.277,Slmap_E01.xlsx,Slmap,Female
Slmap_E01_F04_CF,2782,1.915,0.0675,2.9297,0.0352,1.5298694516971278,57.6416,2.8721,4.5809,2.8263,49.3,350.8,23.900000000000002,108.3,1.2292,19.5191,916.881,Slmap_E01.xlsx,Slmap,Female
Slmap_E01_F05_CF,2784,2.007,0.0733,3.7094,0.0365,1.8482311908320876,67.9281,6.9755,4.1349,3.0614,45.199999999999996,329.1,19.400000000000002,105.7,1.2142,22.6646,865.269,Slmap_E01.xlsx,Slmap,Female
Slmap_E01_F06_CF,2785,2.0161,0.0779,3.9658,0.0387,1.967065125737811,69.7122,4.96,4.2845,3.4697,43.2,288,18,73.7,1.313,23.3065,811.218,Slmap_E01.xlsx,Slmap,Female
Slmap_E01_F07_CF,2786,1.9848,0.0806,3.7566,0.0406,1.892684401451028,61.2998,2.5192,4.3718,3.3021,47.4,303.8,19.599999999999998,76.2,1.2973,25.7459,866.489,Slmap_E01.xlsx,Slmap,Female
Slmap_E01_F08_CF,2787,1.9104,0.0726,3.755,0.038,1.9655569514237854,70.6926,6.0197,3.9433,3.4655,40.5,289.2,14.5,65.69999999999999,1.3529,24.3336,834.713,Slmap_E01.xlsx,Slmap,Female
Smg6_E01_F01_CF,2253,2.1357,0.0572,2.4467,0.0268,1.145619703141827,55.587,5.6187,4.4092,2.6176,53.6,387.40000000000003,23,101.1,1.4405,4.6904,865.783,Smg6_E01.xlsx,Smg6,Female
Smg6_E01_F02_CF,2254,2.2868,0.0938,3.9068,0.041,1.7084135035857968,50.2101,7.2155,3.956,2.6637,56.800000000000004,374.7,21.3,106.2,1.5449,15.1539,872.331,Smg6_E01.xlsx,Smg6,Female
Smg6_E01_F03_CF,2255,2.2652,0.0453,1.7917,0.02,0.7909676849726294,48.9612,3.9731,3.6876,1.7538,54.199999999999996,567.5,19.400000000000002,183.7,1.5631,-9.368,868.287,Smg6_E01.xlsx,Smg6,Female
Smg6_E01_F04_CF,2256,2.3835,0.073,3.4929,0.0306,1.4654499685336688,62.5919,8.8105,3.7818,2.7961,45,361.9,16.299999999999997,88.5,1.4217,1.3523,813.594,Smg6_E01.xlsx,Smg6,Female
Smg6_E01_F05_CF,2258,2.3806,0.1347,5.9364,0.0566,2.4936570612450644,53.5958,19.7427,3.6612,3.348,52.1,299,20,75,1.3737,32.9998,808.265,Smg6_E01.xlsx,Smg6,Female
Smg6_E01_F06_CF,2259,2.2253,0.1083,4.4527,0.0487,2.000943692985216,50.7183,8.0887,4.2525,3.2383,54.9,308.59999999999997,22.2,84.7,1.4414,30.1111,869.442,Smg6_E01.xlsx,Smg6,Female
Smg6_E01_F07_CF,2260,2.3687,0.1074,4.8323,0.0453,2.040064170219952,56.7067,9.4988,3.9339,2.962,51.3,338.2,20.5,91.6,1.306,23.5633,828.358,Smg6_E01.xlsx,Smg6,Female
Smg6_E01_F08_CF,2261,2.15,0.0625,2.7937,0.0291,1.2993953488372092,58.9928,4.8837,4.6017,2.7784,50.5,359.70000000000005,23.599999999999998,92.1,1.2406,7.3223,855.448,Smg6_E01.xlsx,Smg6,Female
Spc25_E01_F01_CF,1003,2.0305,0.0894,4.2352,0.044,2.085791676926865,59.7983,9.8496,4.0356,3.1379,50.7,318,19.900000000000002,83.2,1.2615,28.5704,878.429,Spc25_E01.xlsx,Spc25,Female
Spc25_E01_F02_CF,1004,1.9934,0.0771,4.0069,0.0387,2.0100832748068624,70.2847,9.5316,3.9375,3.2936,43,305.5,17.4,83.3,1.2348,29.4049,813.722,Spc25_E01.xlsx,Spc25,Female
Spc25_E01_F03_CF,1005,1.9287,0.0774,4.0249,0.0401,2.086846062114377,71.1357,2.8516,3.9939,3.3971,43.5,292.2,18.5,72.1,1.3244,29.7259,824.442,Spc25_E01.xlsx,Spc25,Female
Spc25_E01_F04_CF,1006,1.9186,0.0874,4.7882,0.0456,2.495673928906494,71.9218,5.2122,3.6665,3.5546,43.2,279.7,16.9,68.7,1.3285,34.1553,865.334,Spc25_E01.xlsx,Spc25,Female
Spc25_E01_F05_CF,1008,2.0785,0.0953,4.2055,0.0458,2.0233341351936494,55.6619,9.6224,4.2798,3.1136,56.2,320.29999999999995,31.5,84.7,1.2462,32.8714,787.98,Spc25_E01.xlsx,Spc25,Female
Spc25_E01_F06_CF,1009,2.0665,0.1199,6.0127,0.058,2.909605613355916,63.2741,28.792,3.4312,3.1852,45.8,310.8,16.7,122.30000000000001,1.2878,40.4462,821.554,Spc25_E01.xlsx,Spc25,Female
Spc25_E01_F07_CF,1010,2.3045,0.0823,3.9728,0.0357,1.723931438489911,63.4605,6.943,4.1116,2.9451,46.5,339.4,18.4,91.39999999999999,1.2632,23.7559,812.31,Spc25_E01.xlsx,Spc25,Female
Spc25_E01_F08_CF,1011,2.0492,0.077,4.0934,0.0376,1.9975600234237751,72.7148,10.0037,3.7904,3.3773,39.300000000000004,297.70000000000005,13.799999999999999,74.2,1.2263,28.1852,785.669,Spc25_E01.xlsx,Spc25,Female
Stt3b_E02_F01_CF,3482,2.0485,0.1241,5.9553,0.0606,2.907151574322675,59.5345,15.8656,3.7941,3.7042,49.6,269.7,20.2,68.1,1.3421,35.6317,811.283,Stt3b_E02.xlsx,Stt3b,Female
Stt3b_E02_F02_CF,3483,2.0056,0.1426,6.1537,0.0711,3.0682588751495814,51.651,21.9382,3.5584,3.5175,51.9,284.3,19.7,71.6,1.4464,44.8114,864.371,Stt3b_E02.xlsx,Stt3b,Female
Stt3b_E02_F03_CF,3484,2.1499,0.1186,5.3711,0.0551,2.4983022466161215,55.5557,19.5359,3.6451,3.3018,49.8,303.4,19,75.7,1.4214,29.2765,846.332,Stt3b_E02.xlsx,Stt3b,Female
Stt3b_E02_F04_CF,3485,2.0994,0.0836,3.6477,0.0398,1.7374964275507285,54.6754,10.0029,3.9375,2.884,50.9,348.5,18.599999999999998,89.1,1.4188,12.4578,856.154,Stt3b_E02.xlsx,Stt3b,Female
Stt3b_E02_F05_CF,3487,2.0007,0.0773,3.5824,0.0386,1.790573299345229,62.6507,7.2474,4.1327,3.1448,44.2,320.29999999999995,16.6,85.8,1.2699,19.5833,758.708,Stt3b_E02.xlsx,Stt3b,Female
Stt3b_E02_F06_CF,3488,1.6814,0.1146,5.3132,0.0681,3.159985726180564,56.5627,25.8712,3.637,3.7648,51.7,263,21.8,76.6,1.3148,47.5075,843.893,Stt3b_E02.xlsx,Stt3b,Female
Stt3b_E02_F07_CF,3489,1.8403,0.0734,3.2917,0.0399,1.7886757593870564,57.7958,10.0529,4.1297,3.0903,46.5,323.5,17.1,77.60000000000001,1.3022,24.2694,867.645,Stt3b_E02.xlsx,Stt3b,Female
Stt3b_E02_F08_CF,3490,1.9446,0.1068,5.1605,0.0549,2.653759127841201,61.5092,14.6557,3.6385,3.3931,45.8,292.1,17.3,76.39999999999999,1.3916,34.3478,818.665,Stt3b_E02.xlsx,Stt3b,Female
Tctn3_E01_F01_CF,756,2.2747,0.1017,4.6385,0.0447,2.039170000439618,56.6134,11.4299,3.8416,3.0922,50.3,322.2,19.8,79.3,1.4274,25.3607,860.262,Tctn3_E01.xlsx,Tctn3,Female
Tctn3_E01_F02_CF,757,1.9641,0.0633,3.3514,0.0322,1.7063285983402068,72.8707,7.8915,4.009,3.1458,41.8,318.79999999999995,17.8,93.5,1.2697,22.6004,834.328,Tctn3_E01.xlsx,Tctn3,Female
Tctn3_E01_F03_CF,758,2.0812,0.0627,3.1865,0.0301,1.5310878339419567,69.1569,4.0842,4.3365,3.0713,47.6,327.79999999999995,23.599999999999998,93.89999999999999,1.181,15.9243,891.268,Tctn3_E01.xlsx,Tctn3,Female
Tctn3_E01_F04_CF,759,2.0331,0.1064,5.1578,0.0523,2.5369140721066348,61.4603,14.2639,3.5562,3.2346,45.699999999999996,306.20000000000005,16.5,82.5,1.3945,35.8885,831.375,Tctn3_E01.xlsx,Tctn3,Female
Tctn3_E01_F05_CF,761,2.0528,0.073,3.4901,0.0356,1.7001656274356975,63.6049,9.743,4.1297,3.1652,45,315.59999999999997,17.3,75.1,1.3273,24.5904,848.194,Tctn3_E01.xlsx,Tctn3,Female
Tctn3_E01_F06_CF,762,2.3207,0.1089,4.6409,0.0469,1.9997845477657605,52.1722,11.6346,3.9891,3.1078,55,327.90000000000003,20.9,91.5,1.5114,31.9085,871.689,Tctn3_E01.xlsx,Tctn3,Female
Tctn3_E01_F07_CF,763,2.2132,0.0764,3.6011,0.0345,1.6271010301825413,60.5211,7.6813,4.2329,2.7652,50.4,361.8,20.8,116.4,1.31,23.3065,832.723,Tctn3_E01.xlsx,Tctn3,Female
Tctn3_E01_F08_CF,764,1.8594,0.1065,5.469,0.0573,2.9412713778638273,65.6025,15.5963,3.54,3.5817,45,281.4,15.5,80.5,1.2804,42.1153,800.947,Tctn3_E01.xlsx,Tctn3,Female
Tgfbr3_E01_F01_CF,2373,2.3501,0.1009,3.9859,0.0429,1.6960554870005533,47.6365,12.5527,3.8559,2.739,54.699999999999996,371.2,19.900000000000002,102.4,1.516,18.813,814.492,Tgfbr3_E01.xlsx,Tgfbr3,Female
Tgfbr3_E01_F02_CF,2374,2.2084,0.095,4.5267,0.043,2.049764535410252,62.4459,8.1508,4.1016,3.369,45.8,299,17.4,74,1.3226,25.9385,766.989,Tgfbr3_E01.xlsx,Tgfbr3,Female
Tgfbr3_E01_F03_CF,2375,2.2027,0.0955,4.0004,0.0434,1.8161347437236117,52.1387,11.3495,3.9809,2.9239,51.5,345.3,18.700000000000003,103.7,1.3996,18.9414,849.478,Tgfbr3_E01.xlsx,Tgfbr3,Female
Tgfbr3_E01_F04_CF,2376,2.2859,0.195,8.9394,0.0853,3.9106697580821557,54.8892,35.8729,3.2994,3.9582,49.5,254.1,17.3,72.2,1.4663,58.3562,810.576,Tgfbr3_E01.xlsx,Tgfbr3,Female
Tgfbr3_E01_F05_CF,2378,2.2191,0.118,5.1156,0.0532,2.3052588887386776,53.6446,15.9972,3.8766,3.1637,52.2,316.3,23.400000000000002,84.6,1.351,35.8243,879.713,Tgfbr3_E01.xlsx,Tgfbr3,Female
Tgfbr3_E01_F06_CF,2379,2.4067,0.1902,7.9568,0.079,3.3061037935762667,48.5619,22.2295,3.6075,3.6285,57.9,273.3,21.4,75.2,1.4221,58.934,895.055,Tgfbr3_E01.xlsx,Tgfbr3,Female
Tgfbr3_E01_F07_CF,2380,2.3572,0.1854,8.6151,0.0787,3.65480230782284,55.1124,34.5742,3.4342,3.814,50.8,258.5,18.1,69.4,1.4354,56.5588,844.086,Tgfbr3_E01.xlsx,Tgfbr3,Female
Tgfbr3_E01_F08_CF,2381,2.2137,0.1658,7.5743,0.0749,3.4215566698287936,54.6477,27.3299,3.3349,3.6253,50.7,276.3,17.8,83.1,1.4425,53.4133,836.896,Tgfbr3_E01.xlsx,Tgfbr3,Female
Thsd4_E01_F01_CF,1171,2.0936,0.0481,1.9176,0.023,0.9159342758884219,49.8045,6.4481,3.4564,1.9412,51.4,515.7,18.599999999999998,133,1.4443,-1.3438,845.369,Thsd4_E01.xlsx,Thsd4,Female
Thsd4_E01_F02_CF,1172,1.941,0.0723,3.5005,0.0372,1.8034518289541475,63.6624,10.0465,3.7892,2.8236,43.2,359.8,17.2,113.19999999999999,1.3364,22.4078,804.992,Thsd4_E01.xlsx,Thsd4,Female
Thsd4_E01_F03_CF,1173,2.1391,0.0852,3.8789,0.0398,1.813332710018232,58.5309,10.2848,3.7474,2.9658,45.900000000000006,338.1,17,92.2,1.4328,20.482,805.634,Thsd4_E01.xlsx,Thsd4,Female
Thsd4_E01_F04_CF,1174,2.0856,0.0849,4.0188,0.0407,1.92692750287687,60.9003,8.8703,4.2402,3.2335,50.1,310,24.5,84,1.297,24.9114,857.951,Thsd4_E01.xlsx,Thsd4,Female
Thsd4_E01_F05_CF,1176,2.087,0.0847,4.3654,0.0406,2.0917105893627217,70.0615,10.3021,3.749,3.3707,42.6,295.9,17,78.2,1.2493,25.2965,831.054,Thsd4_E01.xlsx,Thsd4,Female
Thsd4_E01_F07_CF,1178,1.9894,0.0553,2.9709,0.0278,1.4933648336181762,75.6228,3.2673,3.9842,2.9961,41.5,329.40000000000003,15.7,75.2,1.2408,13.3565,835.484,Thsd4_E01.xlsx,Thsd4,Female
Thsd4_E01_F06_CF,1177,1.9808,0.0761,3.5901,0.0384,1.8124495153473346,59.8965,5.5533,3.843,2.7519,49.9,368.5,18,119.6,1.3188,18.1711,826.625,Thsd4_E01.xlsx,Thsd4,Female
Thsd4_E01_F08_CF,1179,2.0165,0.0569,2.7093,0.0282,1.3435655839325562,63.7844,6.4468,4.1236,2.7316,44.699999999999996,368.5,18,103,1.412,10.0185,880.034,Thsd4_E01.xlsx,Thsd4,Female
Tm2d3_E01_F01_CF,2057,2.0346,0.0677,2.9886,0.0333,1.4688882335594218,58.2332,7.3723,3.9685,2.6548,45.5,391.5,17.2,111.10000000000001,1.3875,-3.1412,823.158,Tm2d3_E01.xlsx,Tm2d3,Female
Tm2d3_E01_F02_CF,2058,2.2292,0.0878,4.0194,0.0394,1.8030683653328547,58.4835,8.0747,4.346,3.0983,51.6,316.7,22,83.1,1.3185,15.4107,835.355,Tm2d3_E01.xlsx,Tm2d3,Female
Tm2d3_E01_F03_CF,2059,2.1442,0.0922,4.1789,0.043,1.9489320026116963,56.6375,10.96,3.7937,3.0555,50.3,328,21.3,88.4,1.495,19.1981,850.056,Tm2d3_E01.xlsx,Tm2d3,Female
Tm2d3_E01_F04_CF,2060,2.2059,0.0745,3.8127,0.0338,1.728410172718618,68.2586,6.1199,3.9917,3.1529,43.2,318,15.9,84.9,1.3192,11.5591,829.578,Tm2d3_E01.xlsx,Tm2d3,Female
Tm2d3_E01_F05_CF,2062,2.3509,0.084,4.0298,0.0357,1.714152026883321,63.6938,4.8917,4.2837,3.0603,48.099999999999994,323.1,20.400000000000002,92.39999999999999,1.3343,15.0256,864.756,Tm2d3_E01.xlsx,Tm2d3,Female
Tm2d3_E01_F06_CF,2063,1.933,0.1224,6.2809,0.0633,3.24930160372478,63.2249,15.261,3.4485,3.7134,47.199999999999996,269.1,15.6,84.3,1.3009,40.703,818.023,Tm2d3_E01.xlsx,Tm2d3,Female
Tm2d3_E01_F07_CF,2064,2.0304,0.089,4.1208,0.0438,2.0295508274231677,58.4115,11.8203,3.8405,3.1477,48.599999999999994,318.3,18.599999999999998,81.4,1.4679,22.9856,804.606,Tm2d3_E01.xlsx,Tm2d3,Female
Tm2d3_E01_F08_CF,2065,2.2908,0.0874,4.3035,0.0381,1.8786013619696176,64.2252,8.0758,4.0196,3.1567,47.800000000000004,310.59999999999997,20.2,74.80000000000001,1.2493,20.2252,862.252,Tm2d3_E01.xlsx,Tm2d3,Female
Tmco1_E01_F01_CF,2173,2.2963,0.0899,4.147,0.0391,1.8059487000827419,59.9367,10.4518,4.1969,2.9692,50.3,336.7,23.099999999999998,107.7,1.3058,14.512,872.844,Tmco1_E01.xlsx,Tmco1,Female
Tmco1_E01_F02_CF,2174,2.085,0.0824,4.1006,0.0395,1.9667146282973622,68.1301,8.6331,4.0811,3.5108,41.7,287.6,16.5,72.7,1.3858,20.5462,801.846,Tmco1_E01.xlsx,Tmco1,Female
Tmco1_E01_F03_CF,2175,2.1535,0.0694,3.7044,0.0322,1.720176456930578,71.9608,6.0367,3.7939,3.2811,40.4,305.9,14.200000000000001,80.60000000000001,1.33,-0.6377,769.107,Tmco1_E01.xlsx,Tmco1,Female
Tmco1_E01_F04_CF,2176,2.0848,0.0637,3.0429,0.0306,1.4595644666155028,63.2411,6.4754,4.0543,2.6109,47.1,386.1,21,94.8,1.2655,4.6904,847.809,Tmco1_E01.xlsx,Tmco1,Female
Tmco1_E01_F05_CF,2178,2.0173,0.1075,4.8762,0.0533,2.417191295295692,56.7471,11.1533,4.1118,3.516,51.8,283.7,23.599999999999998,72.5,1.3202,37.2365,879.713,Tmco1_E01.xlsx,Tmco1,Female
Tmco1_E01_F06_CF,2179,2.0418,0.0546,2.3994,0.0267,1.1751395827211284,56.1941,6.8568,3.5978,2.242,48.800000000000004,445.79999999999995,18,142.7,1.4867,-0.7019,814.3,Tmco1_E01.xlsx,Tmco1,Female
Tmco1_E01_F08_CF,2181,2.2937,0.108,4.8576,0.0471,2.117800932990365,55.4028,11.5534,3.747,3.0241,50,331.4,19.099999999999998,81.60000000000001,1.5265,22.6646,878.236,Tmco1_E01.xlsx,Tmco1,Female
Tmco1_E01_F07_CF,2180,1.985,0.0689,3.3077,0.0347,1.6663476070528966,64.5883,10.8311,4.1732,3.1889,44.4,315.5,18.3,84.4,1.2919,-2.3709,793.052,Tmco1_E01.xlsx,Tmco1,Female
Tnnc1_E01_F01_CF,1088,2.0191,0.089,4.2927,0.0441,2.126046258233867,62.634,8.1718,3.871,3.084,45.8,321.1,17.6,82.10000000000001,1.3067,26.7088,876.246,Tnnc1_E01.xlsx,Tnnc1,Female
Tnnc1_E01_F02_CF,1089,2.0007,0.0695,3.0739,0.0347,1.5364122557105013,56.6466,8.2471,4.325,2.742,54.9,374.09999999999997,29.2,132.1,1.3332,4.3052,851.853,Tnnc1_E01.xlsx,Tnnc1,Female
Tnnc1_E01_F03_CF,1090,1.7392,0.0546,2.6857,0.0314,1.5442157313707452,69.4183,6.0371,4.1721,3.133,40,320.79999999999995,16.2,84.1,1.3026,21.9585,883.436,Tnnc1_E01.xlsx,Tnnc1,Female
Tnnc1_E01_F04_CF,1091,1.9606,0.0814,3.9126,0.0415,1.9956135876772416,62.241,12.7512,3.834,2.9884,43.5,336.8,15.100000000000001,97.3,1.2042,27.4791,802.039,Tnnc1_E01.xlsx,Tnnc1,Female
Tnnc1_E01_F05_CF,1093,1.9175,0.0676,3.2551,0.0353,1.6975749674054759,65.466,7.8226,4.287,3.0827,44.4,326.1,20.2,83,1.238,24.783,822.067,Tnnc1_E01.xlsx,Tnnc1,Female
Tnnc1_E01_F06_CF,1094,1.9477,0.047,2.1984,0.0241,1.1287159213431226,66.4034,0.7701,4.4554,2.7141,46.300000000000004,368.8,24.299999999999997,94.10000000000001,1.2302,11.9443,802.488,Tnnc1_E01.xlsx,Tnnc1,Female
Tnnc1_E01_F07_CF,1095,1.9747,0.0773,3.9999,0.0391,2.025573504836178,67.2506,12.1537,3.6186,3.1927,43.6,312.59999999999997,16,87.5,1.324,27.8643,788.558,Tnnc1_E01.xlsx,Tnnc1,Female
Tnnc1_E01_F08_CF,1096,1.9404,0.1071,4.9644,0.0552,2.558441558441559,56.2622,11.3379,3.6306,3.0886,51.6,327.5,18.2,95.4,1.3232,37.1082,892.487,Tnnc1_E01.xlsx,Tnnc1,Female
Twist2_E01_F01_CF,5214,2.1838,0.1495,7.1503,0.0685,3.2742467258906487,58.835,25.4149,3.5367,3.6945,50.1,270.9,19,76.5,1.2791,46.8656,856.86,Twist2_E01.xlsx,Twist2,Female
Twist2_E01_F02_CF,5215,2.2067,0.105,4.7681,0.0476,2.1607377532061447,56.0469,12.9152,3.6444,3.1734,49.7,316.3,17,86.9,1.3233,25.8101,866.297,Twist2_E01.xlsx,Twist2,Female
Twist2_E01_F03_CF,5216,1.9073,0.0447,2.2467,0.0235,1.1779478844439786,71.8213,5.2431,4.5544,2.9354,44.4,340.5,19.900000000000002,80.9,1.3366,11.1097,827.074,Twist2_E01.xlsx,Twist2,Female
Twist2_E01_F04_CF,5217,1.9995,0.1067,4.3509,0.0534,2.175993998499625,49.6613,10.0023,4.3486,2.9953,57.2,333.2,22.9,113.8,1.2984,31.9727,882.152,Twist2_E01.xlsx,Twist2,Female
Twist2_E01_F05_CF,5219,2.0525,0.0593,2.4531,0.0289,1.1951766138855053,53.0108,4.6286,4.0663,2.5595,50.6,395.7,18.8,94,1.3357,13.4849,867.195,Twist2_E01.xlsx,Twist2,Female
Twist2_E01_F06_CF,5220,1.873,0.1123,4.422,0.06,2.360918312867058,47.1844,9.61,4.0616,3.1656,62.1,318.40000000000003,29.2,92.5,1.3393,40.703,912.516,Twist2_E01.xlsx,Twist2,Female
Twist2_E01_F07_CF,5221,1.9765,0.085,3.8522,0.043,1.949000758917278,55.5433,12.1424,3.8185,2.8302,50,355.2,17.5,115.3,1.3511,29.0198,853.394,Twist2_E01.xlsx,Twist2,Female
Twist2_E01_F08_CF,5222,2.0577,0.1267,5.0846,0.0616,2.4710113233221556,47.2803,13.6072,3.7408,2.9141,60.6,340.9,23.599999999999998,109.39999999999999,1.2463,42.1795,889.085,Twist2_E01.xlsx,Twist2,Female
Xylt1_E01_F01_CF,260,2.1074,0.1022,4.946,0.0485,2.3469678276549297,62.6343,9.2532,3.9528,3.4175,47.5,296.20000000000005,18.5,77.39999999999999,1.261,27.1581,848.579,Xylt1_E01.xlsx,Xylt1,Female
Xylt1_E01_F02_CF,261,2.0821,0.0824,3.9035,0.0396,1.874789875606359,61.5803,10.5665,4.0209,3.0877,46.199999999999996,323.6,18.599999999999998,91.2,1.2694,15.7959,805.056,Xylt1_E01.xlsx,Xylt1,Female
Xylt1_E01_F03_CF,262,2.0929,0.0968,3.5602,0.0462,1.7010846194275884,43.671,10.0339,3.9834,2.7027,59.2,375.90000000000003,21.6,119.2,1.4654,21.8301,926.382,Xylt1_E01.xlsx,Xylt1,Female
Xylt1_E01_F04_CF,263,2.0946,0.0987,4.3791,0.0471,2.09066170151819,55.2606,12.4131,3.7391,3.0912,48.9,323.7,17.4,89.2,1.3161,20.0327,828.037,Xylt1_E01.xlsx,Xylt1,Female
Xylt1_E01_F05_CF,265,1.9065,0.0793,3.3648,0.0416,1.7649095200629423,52.6319,11.2774,4.2351,2.9584,54.300000000000004,336.3,21.5,92.8,1.3138,22.9214,883.179,Xylt1_E01.xlsx,Xylt1,Female
Xylt1_E01_F06_CF,266,1.9553,0.1102,4.7287,0.0563,2.418401268347568,53.3595,15.3431,4.1458,3.2854,56,305,23.2,87.2,1.2236,32.0369,867.067,Xylt1_E01.xlsx,Xylt1,Female
Xylt1_E01_F07_CF,267,2.0076,0.0943,4.6251,0.047,2.303795576808129,64.2679,10.7093,3.9707,3.3948,48.2,294.3,23.5,73.80000000000001,1.2873,30.1752,825.855,Xylt1_E01.xlsx,Xylt1,Female
Xylt1_E01_F08_CF,268,1.8346,0.0709,3.1896,0.0387,1.738580617028235,57.8985,10.3567,3.9956,3.0132,49.3,333.6,17.6,86.8,1.6196,11.8801,842.866,Xylt1_E01.xlsx,Xylt1,Female
Zfp706_E01_F01_CF,2453,2.2754,0.1382,6.5591,0.0608,2.882614045882043,58.1312,18.8982,3.5203,3.4805,48.9,284.4,18.8,65,1.4224,31.3949,837.153,Zfp706_E01.xlsx,Zfp706,Female
Zfp706_E01_F02_CF,2454,1.9619,0.0858,4.3535,0.0437,2.2190223762679038,67.1686,14.0173,3.6293,3.169,41.4,313.7,15.100000000000001,87.3,1.4318,16.6946,798.251,Zfp706_E01.xlsx,Zfp706,Female
Zfp706_E01_F03_CF,2455,2.0444,0.0662,3.3605,0.0324,1.643758559968695,69.5367,4.8915,3.9981,2.928,39.800000000000004,340.9,15.6,102.1,1.4032,7.3865,814.749,Zfp706_E01.xlsx,Zfp706,Female
Zfp706_E01_F04_CF,2456,2.2676,0.119,5.4981,0.0525,2.424633974245899,56.4901,18.5221,3.5341,3.2346,49.9,310.90000000000003,17.6,82.3,1.5625,19.7759,778.608,Zfp706_E01.xlsx,Zfp706,Female
Zfp706_E01_F05_CF,2458,2.1909,0.1016,5.181,0.0464,2.3647815966041352,66.413,18.4856,3.5782,3.3901,44.1,293.6,15.100000000000001,72.3,1.3414,26.8372,781.946,Zfp706_E01.xlsx,Zfp706,Female
Zfp706_E01_F06_CF,2459,1.9499,0.0551,2.5529,0.0282,1.3092466280322068,63.4239,1.0257,4.2648,2.7414,44.8,367.20000000000005,17.8,102.1,1.5467,12.843,859.428,Zfp706_E01.xlsx,Zfp706,Female
Zfp706_E01_F07_CF,2460,2.1086,0.0715,2.8735,0.0339,1.3627525372284928,48.3,12.0934,3.4791,2.2406,55.1,461.7,19.8,147.2,1.5516,10.853,833.558,Zfp706_E01.xlsx,Zfp706,Female
Zfp706_E01_F08_CF,2461,2.1113,0.054,2.1116,0.0256,1.000142092549614,49.107,6.6308,3.6327,2.0814,50,489.5,18.9,131,1.5381,2.572,881.703,Zfp706_E01.xlsx,Zfp706,Female
