Sample Name,Unnamed: 1,Length,Tt.Ar,Ma.Ar,Ct.Mask,Ct.Ar_Tt.Ar,Ct.Ar,Ps.Pm,Ec.Pm,Po.Ar,Ct.Po,Ct.Th,J,Imax,Imin,Zmax,Zmin,Dmax,Dmin,App.D,Tiss.D,exp_name,gene_symbol,Apparent Density,Tissue Density,uCT #,Le
AAA_E02_F01_CF                            ,1052.0,14.9,1.6258,0.91087,0.71493,43.84303112313938,0.7128,4.425,3.383242527738935,0.0021299999999999653,0.2990000000000048,0.1708,0.30257,0.19472,0.10785,0.22059,0.16924,1.7654472097556553,1.2745213897423777,1138.3304,1208.3759,AAA_E02_CF_2.xlsx,AAA_E02_CF_2.xlsx,,,,
AAA_E02_F02_CF                            ,1053.0,14.8,1.60089,0.8765499999999999,0.72434,45.126148579852455,0.72242,4.359,3.318893213409635,0.0019200000000000328,0.2650000000000041,0.1784,0.29935,0.19371,0.10563,0.2172,0.1608,1.7837016574585633,1.3138059701492537,1140.6237,1208.6538,AAA_E02_CF_2.xlsx,AAA_E02_CF_2.xlsx,,,,
AAA_E02_F03_CF                            ,1054.0,14.9,1.60541,0.97361,0.6318,39.22487090525161,0.62972,4.448,3.4978199058622548,0.002080000000000082,0.32999999999999696,0.1493,0.26926,0.16841,0.10085,0.19502,0.15504,1.7271049123166855,1.3009545923632608,1115.3989,1192.3933,AAA_E02_CF_2.xlsx,AAA_E02_CF_2.xlsx,,,,
AAA_E02_F04_CF                            ,1055.0,15,1.65678,0.9670599999999999,0.68972,41.47382271635341,0.68713,4.5,3.4860341889204385,0.002589999999999981,0.3750000000000031,0.1633,0.30228,0.19512,0.10715,0.21979,0.17122,1.7755129896719595,1.2516061207802824,1126.5172,1198.0914,AAA_E02_CF_2.xlsx,AAA_E02_CF_2.xlsx,,,,
AAA_E02_F05_CF                            ,1057.0,15,1.61935,0.9452900000000001,0.67406,41.468490443696545,0.67152,4.434,3.4465728598199665,0.0025399999999999867,0.3770000000000051,0.1596,0.28572,0.17942,0.1063,0.20701,0.16586,1.733442828848848,1.2818039310261666,1122.6259,1191.9763,AAA_E02_CF_2.xlsx,AAA_E02_CF_2.xlsx,,,,
AAA_E03_F01_CF                            ,994.0,14.6,1.59617,0.9518900000000001,0.64428,40.23130368319163,0.64216,4.436,3.458583889990577,0.0021200000000000108,0.3290000000000015,0.155,0.27153,0.17173,0.09979,0.19566,0.15773,1.7553920065419604,1.2653268243200406,1117.2057,1190.4476,AAA_E03_CF_2.xlsx,AAA_E03_CF_2.xlsx,,,,
AAA_E03_F02_CF                            ,995.0,14.7,1.62223,0.9490200000000001,0.67321,41.356651029755334,0.6709,4.451,3.453366044953697,0.0023099999999999232,0.34399999999999986,0.1627,0.28787,0.18469,0.10317,0.20571,0.16052,1.7956346312770404,1.285447296287067,1121.2361,1192.1154,AAA_E03_CF_2.xlsx,AAA_E03_CF_2.xlsx,,,,
AAA_E03_F03_CF                            ,996.0,14.7,1.63884,0.9644900000000001,0.67435,41.06075028678821,0.67292,4.491,3.481398970793678,0.0014300000000000423,0.21200000000000108,0.1622,0.29427,0.19134,0.10292,0.2152,0.16752,1.7782527881040893,1.228748806112703,1126.8646,1197.9524,AAA_E03_CF_2.xlsx,AAA_E03_CF_2.xlsx,,,,
AAA_E03_F05_CF                            ,998.0,14.8,1.67412,0.96509,0.70903,42.185148018063224,0.70623,4.568,3.4824816749283687,0.0028000000000000247,0.3950000000000009,0.1631,0.30949,0.19682,0.11267,0.22204,0.17592,1.7728337236533958,1.2809231468849478,1126.1003,1193.5051,AAA_E03_CF_2.xlsx,AAA_E03_CF_2.xlsx,,,,
AAA_E03_F06_CF                            ,999.0,14.9,1.7248,0.9940000000000001,0.7308,42.24547773654916,0.72865,4.565,3.534256978584469,0.0021499999999999853,0.29400000000000537,0.1668,0.32821,0.2062,0.12201,0.23396,0.1905,1.7626944776884936,1.2809448818897637,1133.8832,1202.4692,AAA_E03_CF_2.xlsx,AAA_E03_CF_2.xlsx,,,,
AAA_E03_F07_CF                            ,1000.0,14.4,1.62706,0.9737399999999999,0.65332,40.04154733076838,0.6515,4.538,3.4980534189783463,0.0018200000000000438,0.2789999999999959,0.1519,0.29025,0.1948,0.09545,0.21116,0.15794,1.8450464103049822,1.2086868431049764,1122.6953,1194.478,AAA_E03_CF_2.xlsx,AAA_E03_CF_2.xlsx,,,,
AAA_E03_F08_CF                            ,1001.0,15,1.67082,0.95623,0.71459,42.616200428532096,0.71204,4.527,3.4664593712560183,0.002549999999999941,0.3569999999999962,0.1699,0.31722,0.21118,0.10604,0.2296,0.17388,1.8395470383275263,1.2196917414308717,1128.1849,1196.4237,AAA_E03_CF_2.xlsx,AAA_E03_CF_2.xlsx,,,,
AAA_E04_F01_CF                            ,1013.0,14.9,1.69698,1.02114,0.67584,39.685205482681,0.67345,4.57,3.582181414884892,0.0023900000000000032,0.35399999999999876,0.1566,0.30553,0.19633,0.1092,0.21834,0.17186,1.7983878354859393,1.2708018154311649,1123.2512,1195.7982,AAA_E04_CF_2.xlsx,AAA_E04_CF_2.xlsx,,,,
AAA_E04_F02_CF                            ,1014.0,14.7,1.72719,1.01612,0.71107,41.01228006183454,0.70836,4.632,3.5733654317271615,0.00270999999999999,0.380999999999998,0.1608,0.32771,0.21465,0.11305,0.23006,0.17564,1.8660349474050248,1.2872921885675246,1125.8224,1196.5626,AAA_E04_CF_2.xlsx,AAA_E04_CF_2.xlsx,,,,
AAA_E04_F03_CF                            ,1015.0,14.4,1.57726,0.9483500000000001,0.62891,39.74360600027896,0.62686,4.451,3.4521468062826535,0.0020499999999999963,0.32600000000000406,0.1495,0.26842,0.17738,0.09104,0.19647,0.15342,1.8056700768565175,1.186807456654934,1126.1698,1203.5116,AAA_E04_CF_2.xlsx,AAA_E04_CF_2.xlsx,,,,
AAA_E04_F04_CF                            ,1016.0,15,1.67921,0.9806300000000001,0.69858,41.44865740437467,0.69601,4.597,3.5104073859822935,0.002569999999999961,0.36800000000000166,0.1656,0.31688,0.21143,0.10544,0.22387,0.16452,1.8888640728994506,1.2817894480914176,1126.0308,1197.2576,AAA_E04_CF_2.xlsx,AAA_E04_CF_2.xlsx,,,,
AAA_E04_F05_CF                            ,1018.0,14.7,1.61878,0.9457700000000001,0.67301,41.3842523381806,0.66992,4.429,3.4474478003216342,0.003090000000000037,0.4589999999999983,0.1621,0.28388,0.18002,0.10386,0.20299,0.16228,1.773683432681413,1.280009859502095,1120.4021,1190.5865,AAA_E04_CF_2.xlsx,AAA_E04_CF_2.xlsx,,,,
AAA_E04_F06_CF                            ,1019.0,14.3,1.69013,1.06242,0.62771,37.02022921313745,0.62569,4.622,3.6538696566937734,0.0020200000000000218,0.3229999999999955,0.1448,0.28646,0.179,0.10746,0.19147,0.16484,1.8697446075103148,1.3038097549138559,1099.4164,1172.3802,AAA_E04_CF_2.xlsx,AAA_E04_CF_2.xlsx,,,,
AAA_E04_F07_CF                            ,1020.0,14.9,1.79153,1.0806200000000001,0.71091,39.532689935418325,0.70824,4.724,3.685033434487238,0.002670000000000061,0.37599999999999856,0.1587,0.34114,0.21937,0.12177,0.23744,0.18838,1.8477931266846361,1.292812400467141,1104.489,1170.0177,AAA_E04_CF_2.xlsx,AAA_E04_CF_2.xlsx,,,,
AAA_E04_F08_CF                            ,1021.0,14.1,1.64167,0.9777199999999999,0.66395,40.26631418007273,0.66104,4.513,3.505194984172956,0.002910000000000079,0.43800000000000505,0.1539,0.28892,0.1839,0.10502,0.20545,0.16757,1.790216597712339,1.2534463209405025,1106.0178,1174.9514,AAA_E04_CF_2.xlsx,AAA_E04_CF_2.xlsx,,,,
AAA_E05_F01_CF                            ,1033.0,14.8,1.66317,0.9620700000000001,0.7011,42.023966281258076,0.69893,4.543,3.4770286419522822,0.0021699999999998942,0.30999999999999917,0.1656,0.30823,0.20088,0.10734,0.21425,0.17152,1.8751925320886815,1.2516324626865671,1133.4662,1204.0675,AAA_E05_CF_2.xlsx,AAA_E05_CF_2.xlsx,,,,
AAA_E05_F02_CF                            ,1034.0,14.6,1.62068,0.9483899999999998,0.67229,41.38077843868006,0.67065,4.426,3.4522196087375576,0.0016400000000000858,0.24300000000000432,0.1606,0.28589,0.18025,0.10564,0.2059,0.16942,1.7508499271491014,1.2470782670286862,1127.8375,1199.4117,AAA_E05_CF_2.xlsx,AAA_E05_CF_2.xlsx,,,,
AAA_E05_F03_CF                            ,1035.0,14.9,1.77837,1.0474700000000001,0.7309,40.992594342009816,0.729,4.681,3.6280705929492063,0.0019000000000000128,0.26000000000000467,0.1684,0.34659,0.22626,0.12033,0.24003,0.19006,1.8852643419572552,1.2662317163001158,1126.7952,1194.6169,AAA_E05_CF_2.xlsx,AAA_E05_CF_2.xlsx,,,,
AAA_E05_F04_CF                            ,1036.0,15,1.7018,1.0282499999999999,0.67355,39.4347161828652,0.6711,4.584,3.594630799430564,0.002449999999999952,0.36399999999999766,0.1584,0.30469,0.19318,0.11151,0.21342,0.17058,1.8103270546340549,1.3074217376011255,1115.3295,1186.3477,AAA_E05_CF_2.xlsx,AAA_E05_CF_2.xlsx,,,,
AAA_E05_F05_CF                            ,1038.0,15,1.63206,0.9590400000000001,0.67302,41.10143009448181,0.6708,4.474,3.471548944490776,0.0022199999999999998,0.32999999999999696,0.1594,0.29073,0.18783,0.1029,0.21278,0.16206,1.7654854779584548,1.2699000370233247,1117.97,1187.668,AAA_E05_CF_2.xlsx,AAA_E05_CF_2.xlsx,,,,
AAA_E05_F06_CF                            ,1039.0,15.2,1.84103,1.11012,0.73091,39.578388184874775,0.72865,4.776,3.7349938884036216,0.0022599999999999287,0.3090000000000037,0.1648,0.36321,0.23797,0.12524,0.24907,0.18986,1.9108684305616892,1.3192878963446748,1117.97,1186.7646,AAA_E05_CF_2.xlsx,AAA_E05_CF_2.xlsx,,,,
AAA_E05_F07_CF                            ,1040.0,14.8,1.66185,0.96443,0.69742,41.81965881397238,0.69498,4.502,3.481290681860166,0.0024399999999999977,0.3489999999999993,0.1635,0.30581,0.19883,0.10697,0.21989,0.17411,1.8084496793851472,1.2287634254207112,1124.2936,1192.8102,AAA_E05_CF_2.xlsx,AAA_E05_CF_2.xlsx,,,,
AAA_E05_F08_CF                            ,1041.0,,1.74193,1.04914,0.69279,39.62501363430218,0.69024,4.627,3.6309615897650005,0.0025500000000000522,0.3669999999999951,0.1586,0.32336,0.20977,0.11359,0.22516,0.17761,1.8632972108722687,1.2790946455717584,1110.8821,1179.1207,AAA_E05_CF_2.xlsx,AAA_E05_CF_2.xlsx,,,,
AAA_E06_F01_CF                            ,1062.0,,1.52403,0.8683,0.65573,42.87514025314462,0.65343,4.304,3.303237745674396,0.0023000000000000798,0.3510000000000013,0.1627,0.26221,0.16916,0.09306,0.19025,0.15146,1.7782917214191853,1.2288392975042914,1115.6769,1183.7766,AAA_E06_CF_2.xlsx,AAA_E06_CF_2.xlsx,,,,
AAA_E06_F02_CF                            ,1063.0,14.6,1.51627,0.89476,0.62151,40.84826581017892,0.61937,4.361,3.3531903869157227,0.0021400000000000308,0.34399999999999986,0.1529,0.25507,0.17245,0.08262,0.18975,0.13956,1.8176548089591567,1.184006878761823,1107.5466,1179.1903,AAA_E06_CF_2.xlsx,AAA_E06_CF_2.xlsx,,,,
AAA_E06_F03_CF                            ,1064.0,14.7,1.55018,0.8732099999999999,0.67697,43.548491142964046,0.67508,4.354,3.3125640347266607,0.0018899999999999473,0.28000000000000247,0.1671,0.27821,0.1859,0.09231,0.2057,0.15569,1.807486631016043,1.1858179716102513,1127.6986,1196.2847,AAA_E06_CF_2.xlsx,AAA_E06_CF_2.xlsx,,,,
AAA_E06_F04_CF                            ,1065.0,14.5,1.56077,0.91774,0.64303,41.05153225651441,0.64072,4.383,3.3959771741903664,0.0023100000000000342,0.35800000000000276,0.1572,0.26546,0.1715,0.09396,0.19318,0.14755,1.7755461227870382,1.273602168756354,1110.3262,1179.9547,AAA_E06_CF_2.xlsx,AAA_E06_CF_2.xlsx,,,,
AAA_E06_F05_CF                            ,1067.0,14,1.49732,0.87378,0.62354,41.49413618999279,0.6213,4.281,3.3136450195237805,0.0022400000000000198,0.3589999999999982,0.1552,0.24888,0.16261,0.08627,0.18811,0.13989,1.7288820371059488,1.233397669597541,1121.1665,1197.2576,AAA_E06_CF_2.xlsx,AAA_E06_CF_2.xlsx,,,,
AAA_E06_F06_CF                            ,1068.0,14.4,1.48645,0.86811,0.61834,41.453126576743244,0.61618,4.252,3.3028763213343826,0.0021600000000000508,0.34999999999999476,0.1519,0.24125,0.15361,0.08764,0.18493,0.14117,1.6612772400367706,1.2416235744138273,1109.6313,1180.1631,AAA_E06_CF_2.xlsx,AAA_E06_CF_2.xlsx,,,,
AAA_E06_F07_CF                            ,1069.0,14.7,1.50427,0.87698,0.62729,41.59359689417458,0.62568,4.259,3.319707171028901,0.0016100000000000003,0.2569999999999961,0.1571,0.24709,0.15486,0.09223,0.18664,0.14955,1.6594513501928847,1.2334336342360417,1112.8278,1183.0122,AAA_E06_CF_2.xlsx,AAA_E06_CF_2.xlsx,,,,
AAA_E06_F08_CF                            ,1070.0,,1.49579,0.87852,0.61727,41.09534092352536,0.6147,4.271,3.3226206392133935,0.002569999999999961,0.4170000000000007,0.1515,0.24492,0.15962,0.08529,0.18864,0.14113,1.6923240033927058,1.2086728548147099,1097.8876,1168.1415,AAA_E06_CF_2.xlsx,AAA_E06_CF_2.xlsx,,,,
AAA_E08_F01_CF                            ,1518.0,14.67,1.81517,1.13756,0.67761,37.21689979450961,0.67555,4.805,3.7808729886192185,0.0020600000000000618,0.302999999999998,0.1492,0.33891,0.22399,0.11492,0.23178,0.18086,1.9327810855121235,1.2708172066791994,1129.9917,1210.3215,AAA_E08_CF.xlsx,AAA_E08_CF.xlsx,,,,
AAA_E08_F02_CF                            ,1519.0,14.9,1.72796,1.05477,0.67319,38.77288826130235,0.66998,4.644,3.6406909691578635,0.003209999999999935,0.47700000000000503,0.1524,0.31267,0.20396,0.10872,0.2223,0.16736,1.8349977507872246,1.2992351816443595,1132.2153,1211.5724,AAA_E08_CF.xlsx,AAA_E08_CF.xlsx,,,,
AAA_E08_F03_CF                            ,1520.0,14.5,1.60951,0.95243,0.65708,40.701207199706744,0.65509,4.496,3.459564765145192,0.0019900000000000473,0.302999999999998,0.1538,0.28462,0.18772,0.09689,0.20279,0.15841,1.8513733418807634,1.2232813585000948,1157.5791,1240.5496,AAA_E08_CF.xlsx,AAA_E08_CF.xlsx,,,,
AAA_E08_F04_CF                            ,1521.0,,1.87975,1.15346,0.72629,38.51469610320521,0.72398,4.833,3.807204466381958,0.0023100000000000342,0.319000000000003,0.1592,0.36714,0.23411,0.13303,0.24775,0.1944,1.8898890010090819,1.368621399176955,1149.7267,1226.7905,AAA_E08_CF.xlsx,AAA_E08_CF.xlsx,,,,
AAA_E08_F05_CF                            ,1523.0,14.3,1.66345,0.9814700000000001,0.68198,40.8602603023836,0.67969,4.538,3.5119105579264254,0.0022900000000000142,0.336999999999998,0.1584,0.30357,0.19988,0.10369,0.22655,0.16703,1.7645552858088722,1.2415733700532838,1132.7018,1208.1674,AAA_E08_CF.xlsx,AAA_E08_CF.xlsx,,,,
AAA_E08_F06_CF                            ,1524.0,14.8,1.6175,0.92716,0.69034,42.52859350850077,0.6879,4.419,3.413361419306378,0.0024399999999999977,0.35300000000000303,0.1637,0.29171,0.18636,0.10535,0.21467,0.16604,1.7362463315787022,1.2689713322091063,1150.4911,1227.3466,AAA_E08_CF.xlsx,AAA_E08_CF.xlsx,,,,
AAA_E08_F07_CF                            ,1525.0,14.7,1.66627,1.00212,0.66415,39.74025818144719,0.66218,4.535,3.5486633145540325,0.0019700000000000273,0.297000000000003,0.1519,0.2961,0.19037,0.10573,0.21225,0.16604,1.7938280329799765,1.273548542519875,1148.9624,1227.9025,AAA_E08_CF.xlsx,AAA_E08_CF.xlsx,,,,
AAA_E09_F01_CF                            ,1760.0,15.44,1.48724,0.87006,0.61718,41.352438073209434,0.61501,4.241,3.3065837985342728,0.0021700000000000053,0.35199999999999704,0.1548,0.2392,0.14845,0.09075,0.17755,0.15188,1.6722050126724866,1.195022386094285,1133.2577,1209.7656,AAA_E09_CF.xlsx,AAA_E09_CF.xlsx,,,,
AAA_E09_F02_CF                            ,1761.0,13.95,1.56216,0.92026,0.6419,40.95227121421621,0.63974,4.402,3.4006364436043692,0.0021600000000000508,0.336000000000003,0.1543,0.26941,0.17737,0.09204,0.19867,0.15173,1.785574067549202,1.213207671521782,1146.2522,1224.2195,AAA_E09_CF.xlsx,AAA_E09_CF.xlsx,,,,
AAA_E09_F03_CF                            ,1762.0,14.27,1.54672,0.9404600000000001,0.60626,39.06201510292749,0.60418,4.383,3.437756377054696,0.0020799999999999708,0.34300000000000397,0.1463,0.25122,0.16062,0.0906,0.18532,0.14946,1.7334340600043168,1.2123645122440787,1134.578,1214.074,AAA_E09_CF.xlsx,AAA_E09_CF.xlsx,,,,
AAA_E09_F04_CF                            ,1763.0,14.2,1.53113,0.8909300000000001,0.6402,41.65289688008203,0.63776,4.339,3.3460060626739785,0.0024399999999999977,0.380000000000003,0.1539,0.25906,0.16748,0.09158,0.19202,0.15062,1.7444016248307468,1.2160403664851944,1136.7322,1213.3096,AAA_E09_CF.xlsx,AAA_E09_CF.xlsx,,,,
AAA_E09_F05_CF                            ,1765.0,14.51,1.65886,0.99169,0.66717,40.07450900015674,0.66478,4.566,3.5301478828165043,0.0023900000000000032,0.356999999999996,0.1516,0.29531,0.19139,0.10392,0.20913,0.17169,1.830344761631521,1.2105539052944259,1130.0612,1203.7201,AAA_E09_CF.xlsx,AAA_E09_CF.xlsx,,,,
AAA_E09_F06_CF                            ,1766.0,14.57,1.60366,0.93232,0.67134,41.71021288801865,0.66889,4.417,3.4228465713758403,0.0024500000000000632,0.365000000000004,0.1627,0.2823,0.18141,0.10089,0.20519,0.15575,1.768214825283883,1.29553772070626,1139.7897,1215.2554,AAA_E09_CF.xlsx,AAA_E09_CF.xlsx,,,,
AAA_E09_F07_CF                            ,1767.0,14.65,1.57869,0.9338399999999999,0.64485,40.72300451640284,0.64289,4.406,3.425635639485491,0.001960000000000073,0.304000000000004,0.1542,0.26961,0.17266,0.09695,0.19202,0.15606,1.7983543380897824,1.242470844546969,1140.2761,1217.1316,AAA_E09_CF.xlsx,AAA_E09_CF.xlsx,,,,
AAA_E09_F08_CF                            ,1768.0,14.91,1.66616,0.9837100000000001,0.68245,40.83461372257166,0.68037,4.546,3.515915874569706,0.0020799999999999708,0.304000000000004,0.158,0.30276,0.19694,0.10582,0.21443,0.17034,1.8368698409737443,1.2424562639427028,1135.7594,1209.6962,AAA_E09_CF.xlsx,AAA_E09_CF.xlsx,,,,
AAA_E11_F01_CF                            ,2732.0,14.3,1.3151,0.7672699999999999,0.54783,41.54817124173067,0.5464,3.742,3.105124664370073,0.0014300000000000423,0.26199999999999557,0.1437,0.18888,0.11734,0.07154,0.14829,0.12451,1.582574684739362,1.149144647016304,1217.8656,1301.219,AAA_E11_CF_2.xlsx,AAA_E11_CF_2.xlsx,,,,
AAA_E11_F02_CF                            ,2733.0,14.02,1.39374,0.82973,0.56401,40.37768880852957,0.56276,3.762,3.2290392827979404,0.0012499999999999734,0.22100000000000453,0.1449,0.2103,0.13375,0.07654,0.16193,0.13289,1.6519483727536592,1.1519301678079614,1222.2977,1305.3651,AAA_E11_CF_2.xlsx,AAA_E11_CF_2.xlsx,,,,
AAA_E11_F03_CF                            ,2734.0,13.98,1.40194,0.84488,0.55706,39.6279441345564,0.55556,3.773,3.2583853677334997,0.0014999999999999458,0.268999999999997,0.1425,0.2091,0.13191,0.0772,0.16145,0.12964,1.6340662743883554,1.1909904350509102,1222.9412,1308.5106,AAA_E11_CF_2.xlsx,AAA_E11_CF_2.xlsx,,,,
AAA_E11_F04_CF                            ,2735.0,14.42,1.46766,0.8570599999999999,0.6106,41.415586716269445,0.60784,4.016,3.281788170912723,0.0027599999999999847,0.4510000000000014,0.1517,0.236,0.149,0.087,0.17381,0.13911,1.714515850641505,1.2508087125296525,1219.0094,1300.1466,AAA_E11_CF_2.xlsx,AAA_E11_CF_2.xlsx,,,,
AAA_E11_F05_CF                            ,2417.0,14.14,1.49048,0.89647,0.59401,39.71405184906875,0.59193,4.026,3.3563930438276395,0.002080000000000082,0.34999999999999476,0.1471,0.23553,0.14875,0.08678,0.17621,0.1406,1.6883264286930366,1.2344238975817923,1118.4564,1202.0524,AAA_E11_CF_2.xlsx,AAA_E11_CF_2.xlsx,,,,
AAA_E11_F06_CF                            ,2418.0,13.95,1.47778,0.9066200000000001,0.57116,38.4563331483712,0.5683,3.913,3.3753404163714085,0.0028599999999999737,0.5009999999999959,0.1395,0.22669,0.14604,0.08065,0.17141,0.13833,1.7039845983314859,1.1660521940287718,1117.2057,1206.4996,AAA_E11_CF_2.xlsx,AAA_E11_CF_2.xlsx,,,,
AAA_E11_F07_CF                            ,2419.0,14.38,1.55033,0.91606,0.63427,40.73390826469204,0.63151,4.121,3.392867439937768,0.0027599999999999847,0.43400000000000105,0.1512,0.2633,0.17313,0.09017,0.19396,0.15133,1.7852134460713551,1.1917002577149276,1128.046,1212.1978,AAA_E11_CF_2.xlsx,AAA_E11_CF_2.xlsx,,,,
AAA_E11_F08_CF                            ,2420.0,14.32,1.53644,0.9040400000000001,0.6324,40.95246153445628,0.62921,4.05,3.3705343330405744,0.003189999999999915,0.5040000000000044,0.1548,0.25296,0.15662,0.09634,0.18618,0.15156,1.6824578365023095,1.271311691739245,1130.2002,1216.2281,AAA_E11_CF_2.xlsx,AAA_E11_CF_2.xlsx,,,,
AAA_E12_F01_CF                            ,3159.0,14.59,1.62445,0.9803499999999999,0.6441,39.52353104127551,0.64204,4.342,3.5099061856105234,0.0020599999999999508,0.3190000000000026,0.1482,0.27739,0.17371,0.10369,0.19645,0.16249,1.768490710104352,1.2762631546556713,1124.5757,1184.6958,AAA_E12_CF_2.xlsx,AAA_E12_CF_2.xlsx,,,,
AAA_E12_F02_CF                            ,3160.0,14.48,1.62906,0.99069,0.63837,39.09309663241379,0.63685,4.339,3.5283675692789562,0.0015199999999999658,0.23900000000000032,0.1513,0.27746,0.17226,0.10521,0.19326,0.16609,1.782676187519404,1.2669034860617738,1141.8038,1204.1401,AAA_E12_CF_2.xlsx,AAA_E12_CF_2.xlsx,,,,
AAA_E12_F03_CF                            ,3161.0,14.69,1.72043,1.0449899999999999,0.67544,39.139052446190775,0.67336,4.509,3.6237731204228543,0.002080000000000082,0.30799999999999716,0.1516,0.31392,0.2039,0.11002,0.22174,0.17566,1.8390908270947957,1.2526471592849824,1136.371,1194.6324,AAA_E12_CF_2.xlsx,AAA_E12_CF_2.xlsx,,,,
AAA_E12_F04_CF                            ,3162.0,14.64,1.61278,0.9575700000000001,0.65521,40.51947568794256,0.65349,4.334,3.4688873589656835,0.0017199999999999438,0.2630000000000021,0.1543,0.27782,0.17361,0.10421,0.18968,0.16234,1.8305567271193588,1.2838487125785387,1140.3741,1202.5675,AAA_E12_CF_2.xlsx,AAA_E12_CF_2.xlsx,,,,
AAA_E12_F05_CF                            ,3164.0,14.34,1.67206,1.01938,0.65268,38.92982309247275,0.65093,4.293,3.5790930243380727,0.0017500000000000293,0.268999999999997,0.1524,0.29656,0.19339,0.10317,0.21138,0.16457,1.8297852209291323,1.2538129671264509,1152.9558,1217.3652,AAA_E12_CF_2.xlsx,AAA_E12_CF_2.xlsx,,,,
AAA_E12_F06_CF                            ,3165.0,14.51,1.58898,0.9160200000000001,0.67296,42.25729713401049,0.67146,4.291,3.3927933639061028,0.0015000000000000568,0.22400000000000198,0.1599,0.28309,0.18421,0.09887,0.20293,0.15905,1.8155028827674569,1.243256837472493,1155.1003,1217.2937,AAA_E12_CF_2.xlsx,AAA_E12_CF_2.xlsx,,,,
AAA_E12_F07_CF                            ,3166.0,14.29,1.59083,0.95706,0.63377,39.750319015859645,0.63236,4.153,3.4679634744585464,0.0014099999999999113,0.22299999999999542,0.1513,0.26734,0.16666,0.10068,0.18959,0.15974,1.758109604936969,1.2605483911355955,1158.2458,1221.6544,AAA_E12_CF_2.xlsx,AAA_E12_CF_2.xlsx,,,,
AAA_E12_F08_CF                            ,3167.0,14.69,1.66865,0.99767,0.67098,40.12764809876248,0.66959,4.392,3.5407754759131107,0.0013900000000000023,0.20799999999999708,0.1566,0.29721,0.18837,0.10883,0.21135,0.16968,1.782540809084457,1.2827675624705328,1163.9647,1226.5869,AAA_E12_CF_2.xlsx,AAA_E12_CF_2.xlsx,,,,
AAA_E13_F01_CF                            ,3727.0,14.51,1.59878,0.9399400000000001,0.65884,41.10509263313276,0.65718,4.282,3.4368058419498713,0.0016599999999999948,0.2510000000000012,0.1563,0.27943,0.17826,0.10117,0.20355,0.15545,1.7515106853352984,1.3016403988420713,1181.0979,1253.7572,AAA_E13_CF.xlsx,AAA_E13_CF.xlsx,,,,
AAA_E13_F02_CF                            ,3728.0,14.34,1.60681,0.9596300000000001,0.64718,40.174009372607834,0.64552,4.154,3.4726166262139415,0.0016599999999999948,0.2569999999999961,0.1548,0.27569,0.17279,0.1029,0.20055,0.16201,1.7231613064073796,1.2702919572865874,1183.1162,1260.2296,AAA_E13_CF.xlsx,AAA_E13_CF.xlsx,,,,
AAA_E13_F03_CF                            ,3729.0,13.44,1.40839,0.87611,0.53228,37.70262498313677,0.531,3.688,3.3180601198510877,0.0012799999999999478,0.23999999999999577,0.1333,0.20442,0.12952,0.0749,0.15587,0.12478,1.6618977352922306,1.2005129027087673,1164.8818,1250.6948,AAA_E13_CF.xlsx,AAA_E13_CF.xlsx,,,,
AAA_E13_F04_CF                            ,3730.0,13.28,1.35927,0.81953,0.53974,39.57124044523899,0.53788,3.584,3.209130366561286,0.0018599999999999728,0.34399999999999986,0.1388,0.19542,0.12239,0.07303,0.1527,0.11901,1.6030124426981007,1.2272918242164523,1166.8306,1252.2957,AAA_E13_CF.xlsx,AAA_E13_CF.xlsx,,,,
AAA_E13_F05_CF                            ,3732.0,14.88,1.67888,1.0018099999999999,0.67707,40.13925950633756,0.67389,4.543,3.548114392909445,0.0031799999999999606,0.4689999999999972,0.1591,0.30023,0.18982,0.11041,0.21537,0.17401,1.7627338998003435,1.2690075283029711,1176.1566,1252.7131,AAA_E13_CF.xlsx,AAA_E13_CF.xlsx,,,,
AAA_E15_F01_CF                            ,3739.0,14.66,1.72423,1.02271,0.70152,40.57985303584789,0.69969,4.465,3.5849341543480637,0.0018299999999999983,0.2610000000000001,0.1601,0.32054,0.20356,0.11698,0.22286,0.18454,1.82679709234497,1.2678010187493225,1179.6365,1249.8597,AAA_E15_CF.xlsx,AAA_E15_CF.xlsx,,,,
AAA_E15_F02_CF                            ,3740.0,14.82,1.74235,1.0337100000000001,0.70864,40.546388498292536,0.70646,4.612,3.6041618953328416,0.0021800000000000708,0.3090000000000037,0.1617,0.32635,0.20579,0.12056,0.23097,0.18416,1.7819630255011474,1.3092962641181582,1176.9917,1247.1454,AAA_E15_CF.xlsx,AAA_E15_CF.xlsx,,,,
AAA_E15_F03_CF                            ,3741.0,14.11,1.64637,0.9919499999999999,0.65442,39.65451265511398,0.65286,4.247,3.530610617288967,0.0015600000000000058,0.23800000000000487,0.1516,0.28878,0.1847,0.10408,0.20274,0.17051,1.8220380783269212,1.220808163744062,1171.076,1245.4055,AAA_E15_CF.xlsx,AAA_E15_CF.xlsx,,,,
AAA_E15_F04_CF                            ,3742.0,14.27,1.53928,0.89203,0.64725,41.93713944181695,0.64553,4.183,3.348071023608491,0.0017199999999999438,0.26599999999999957,0.1574,0.26342,0.16899,0.09443,0.19916,0.15694,1.6970275155653745,1.2033898305084747,1188.8928,1265.0319,AAA_E15_CF.xlsx,AAA_E15_CF.xlsx,,,,
AAA_E15_F05_CF                            ,3744.0,14.7,1.72585,1.02887,0.69698,40.27522669988701,0.69509,4.514,3.5957143565633407,0.0018900000000000583,0.27199999999999447,0.1605,0.32544,0.21705,0.10839,0.2271,0.16961,1.9114927344782033,1.278108602087141,1175.8782,1250.7645,AAA_E15_CF.xlsx,AAA_E15_CF.xlsx,,,,
AAA_E16_F01_CF                            ,4010.0,13.66,1.42936,0.85912,0.57024,39.80872558347792,0.56901,3.78,3.285729800547856,0.0012299999999999534,0.21600000000000508,0.1444,0.2166,0.13532,0.08128,0.16747,0.13206,1.6160506359347941,1.2309556262305013,1176.0173,1255.9147,AAA_E16_CF.xlsx,AAA_E16_CF.xlsx,,,,
AAA_E16_F02_CF                            ,4011.0,14.4,1.56752,0.94387,0.62365,39.67796264162499,0.62196,4.119,3.443983192725422,0.0016900000000000803,0.270999999999999,0.1524,0.26108,0.16706,0.09402,0.19111,0.1469,1.7483124901888962,1.280054458815521,1156.391,1232.3213,AAA_E16_CF.xlsx,AAA_E16_CF.xlsx,,,,
AAA_E16_F03_CF                            ,4012.0,13.78,1.34041,0.8249100000000001,0.5155,38.31887258376168,0.51363,3.697,3.2196466861273807,0.0018699999999999273,0.36199999999999566,0.1346,0.18585,0.11789,0.06796,0.14904,0.11252,1.5819914117015565,1.207963028794881,1128.7611,1208.2407,AAA_E16_CF.xlsx,AAA_E16_CF.xlsx,,,,
AAA_E16_F04_CF                            ,4013.0,14.75,1.61708,0.9602200000000001,0.65686,40.50448957379969,0.65499,4.33,3.473683979771327,0.0018700000000000383,0.28399999999999537,0.1564,0.28319,0.18152,0.10167,0.20143,0.15724,1.8023134587697958,1.29318239633681,1164.6731,1237.4714,AAA_E16_CF.xlsx,AAA_E16_CF.xlsx,,,,
AAA_E16_F05_CF                            ,4015.0,13.94,1.39138,0.83794,0.55344,39.70087251505699,0.55239,3.735,3.244975283818989,0.0010499999999999954,0.18899999999999473,0.1419,0.2045,0.12679,0.07771,0.15663,0.1293,1.6189746536423422,1.2020108275328694,1164.5339,1241.9257,AAA_E16_CF.xlsx,AAA_E16_CF.xlsx,,,,
AAA_E16_F06_CF                            ,4016.0,13.9,1.3553,0.8192799999999999,0.53602,39.435549324872724,0.53447,3.692,3.20864085197022,0.0015500000000000513,0.29000000000000137,0.1409,0.19306,0.1214,0.07166,0.15299,0.11825,1.587031832145892,1.2120084566596194,1154.6511,1235.1052,AAA_E16_CF.xlsx,AAA_E16_CF.xlsx,,,,
AAA_E16_F07_CF                            ,4017.0,14.66,1.40814,0.8077599999999999,0.60038,42.5092675444203,0.59859,3.982,3.186002436824988,0.0017900000000000693,0.29799999999999827,0.1541,0.21847,0.13393,0.08454,0.16328,0.13497,1.640494855463008,1.2527228272949544,1168.5009,1243.3872,AAA_E16_CF.xlsx,AAA_E16_CF.xlsx,,,,
AAA_E17_F03_CF                            ,4621.0,13.7,1.4336,0.8449599999999999,0.58864,40.952845982142854,0.5871,3.961,3.2585396290836983,0.0015400000000000968,0.2610000000000001,0.1482,0.22673,0.14687,0.07986,0.1697,0.13512,1.730936947554508,1.1820603907637657,1186.9441,1270.3909,AAA_E17_CF.xlsx,AAA_E17_CF.xlsx,,,,
AAA_E17_F04_CF                            ,4622.0,14.22,1.43761,0.7990600000000001,0.63855,44.30547923289348,0.63694,4.039,3.1687985267463503,0.0016100000000000003,0.2510000000000012,0.1622,0.23881,0.15461,0.0842,0.18293,0.14234,1.690373366861641,1.1830827595897149,1193.5558,1269.4165,AAA_E17_CF.xlsx,AAA_E17_CF.xlsx,,,,
AAA_E17_F05_CF                            ,4623.0,14.62,1.43462,0.81115,0.62347,43.33551741924691,0.6217,4.002,3.192680930477933,0.0017699999999999383,0.2829999999999999,0.1612,0.23037,0.1435,0.08687,0.17606,0.14135,1.6301260933772577,1.2291475061903077,1189.5887,1265.7974,AAA_E17_CF.xlsx,AAA_E17_CF.xlsx,,,,
AAA_E17_F06_CF                            ,4625.0,14.66,1.39389,0.7578800000000001,0.63601,45.532287339747036,0.63467,3.821,3.086065611941932,0.0013400000000000079,0.21099999999999453,0.1664,0.22966,0.14924,0.08042,0.18311,0.13674,1.6300584348205998,1.1762468919116573,1200.5851,1273.9403,AAA_E17_CF.xlsx,AAA_E17_CF.xlsx,,,,
AAA_E17_F07_CF                            ,4626.0,14.4,1.49332,0.82948,0.66384,44.33811909034902,0.66211,4.22,3.228552786806907,0.0017300000000000093,0.2610000000000001,0.1635,0.25516,0.16133,0.09383,0.19306,0.15668,1.6712938982699679,1.197727852948685,1200.2371,1273.5227,AAA_E17_CF.xlsx,AAA_E17_CF.xlsx,,,,
AAA_E17_F08_CF                            ,4627.0,14.93,1.48176,0.8549899999999999,0.62677,42.1842943526617,0.62507,4.22,3.27782263271992,0.0017000000000000348,0.270999999999999,0.1568,0.24222,0.15208,0.09014,0.18512,0.14871,1.6430423509075194,1.2122923811445094,1188.0576,1264.3359,AAA_E17_CF.xlsx,AAA_E17_CF.xlsx,,,,
AAA_E17_F09_CF                            ,4628.0,14.88,1.42471,0.7773699999999999,0.64734,45.33413817548835,0.64588,3.958,3.125495084700084,0.0014600000000000168,0.22600000000000398,0.1681,0.23699,0.15003,0.08697,0.18524,0.14586,1.619844526020298,1.1925133689839573,1190.772,1263.1527,AAA_E17_CF.xlsx,AAA_E17_CF.xlsx,,,,
AAA_E17_F01_CF                            ,4620.0,14.64,1.4666,0.9260599999999999,0.54054,36.781671894177016,0.53944,3.927,3.4113359803944046,0.0010999999999999899,0.20400000000000418,0.1345,0.22015,0.1437,0.07646,0.1646,0.12637,1.7460510328068044,1.2100973332278229,1160.6365,1243.6656,AAA_E17_CF.xlsx,AAA_E17_CF.xlsx,,,,
AAA_E19_F01_CF                            ,4775.0,14.59,1.69059,0.9860800000000001,0.70451,41.56951123572244,0.70277,4.386,3.5201486808666607,0.0017399999999999638,0.24800000000000377,0.1626,0.31273,0.19829,0.11444,0.22425,0.1779,1.7684726867335563,1.286565486228218,1181.2372,1251.53,AAA_E19_CF.xlsx,AAA_E19_CF.xlsx,,,,
AAA_E19_F02_CF                            ,4776.0,14.72,1.7025,0.9805499999999999,0.72195,42.32540381791483,0.72059,4.378,3.5102641931783265,0.0013600000000000279,0.18899999999999473,0.1692,0.32023,0.19983,0.1204,0.22965,0.1778,1.740300457217505,1.3543307086614171,1179.2189,1246.9366,AAA_E19_CF.xlsx,AAA_E19_CF.xlsx,,,,
AAA_E19_F03_CF                            ,4777.0,13.95,1.40689,0.83234,0.57455,40.753719196241356,0.57336,3.763,3.2341139307630637,0.0011900000000000244,0.20700000000000163,0.1469,0.21504,0.13677,0.07827,0.16659,0.13198,1.6419953178462094,1.1860888013335356,1170.4496,1250.4861,AAA_E19_CF.xlsx,AAA_E19_CF.xlsx,,,,
AAA_E19_F04_CF                            ,4778.0,13.62,1.40826,0.8362200000000001,0.57204,40.52305682189368,0.57067,3.659,3.241643169002324,0.0013699999999999823,0.24100000000000232,0.1456,0.21337,0.13415,0.07923,0.16124,0.12813,1.6639791614983874,1.236712713650199,1158.131,1232.53,AAA_E19_CF.xlsx,AAA_E19_CF.xlsx,,,,
AAA_E19_F05_CF                            ,4780.0,13.82,1.34547,0.7475099999999999,0.59796,44.339152861082006,0.59657,3.625,3.064879719979175,0.0013900000000000023,0.23300000000000542,0.1581,0.20645,0.12899,0.07746,0.16443,0.12751,1.5689351091649941,1.2149635322719785,1164.7427,1236.3579,AAA_E19_CF.xlsx,AAA_E19_CF.xlsx,,,,
AAA_E19_F06_CF                            ,4781.0,14.14,1.50211,0.85967,0.64244,42.69194666169588,0.64128,3.96,3.286781377890253,0.0011600000000000499,0.18000000000000238,0.1628,0.24846,0.15203,0.09643,0.1837,0.15405,1.6551986935220468,1.2519311911716975,1172.12,1242.6913,AAA_E19_CF.xlsx,AAA_E19_CF.xlsx,,,,
AAA_E19_F07_CF                            ,4782.0,13.89,1.49252,0.8373100000000001,0.65521,43.80443813148232,0.65379,3.815,3.2437551971610126,0.0014199999999999768,0.21600000000000508,0.1661,0.25084,0.15389,0.09695,0.18767,0.15462,1.6400063942025895,1.2540421678954856,1173.5118,1244.1527,AAA_E19_CF.xlsx,AAA_E19_CF.xlsx,,,,
AAA_E19_F08_CF                            ,4783.0,14.53,1.56219,0.8771399999999999,0.68505,43.76100218283307,0.68363,4.198,3.320009988039043,0.0014200000000000879,0.20700000000000163,0.1702,0.27796,0.1775,0.10046,0.20031,0.15709,1.7722530078378513,1.2790120313196256,1183.9514,1254.4531,AAA_E19_CF.xlsx,AAA_E19_CF.xlsx,,,,
AAA_E20_F01_CF                            ,4867.0,14.66,1.79555,1.08495,0.7106,39.45977555623625,0.70852,4.612,3.6924089424180773,0.0020799999999999708,0.29400000000000537,0.1616,0.34631,0.2305,0.11581,0.24093,0.18517,1.9134188353463661,1.2508505697467192,1169.3361,1242.1344,AAA_E20_CF.xlsx,AAA_E20_CF.xlsx,,,,
AAA_E20_F02_CF                            ,4868.0,14.64,1.65642,0.9938400000000001,0.66258,39.88541553470738,0.66067,4.409,3.5339725198952414,0.0019099999999999673,0.2889999999999948,0.154,0.29681,0.19542,0.10139,0.21449,0.16689,1.822182852347429,1.2150518305470668,1168.6401,1243.1785,AAA_E20_CF.xlsx,AAA_E20_CF.xlsx,,,,
AAA_E20_F03_CF                            ,4869.0,14.83,1.75925,1.0648499999999999,0.6944,39.38382833593862,0.69286,4.667,3.6580458920987255,0.0015399999999999858,0.22199999999999998,0.1591,0.32556,0.2069,0.11866,0.21992,0.18554,1.8815933066569661,1.2790772879163521,1189.3104,1263.0135,AAA_E20_CF.xlsx,AAA_E20_CF.xlsx,,,,
AAA_E20_F04_CF                            ,4870.0,14.69,1.64884,0.9623800000000001,0.68646,41.511001673904076,0.68445,4.349,3.477588784178915,0.0020099999999999563,0.2929999999999988,0.1643,0.30173,0.1957,0.10603,0.21739,0.16865,1.8004508027048163,1.2573969759857693,1181.0283,1255.2883,AAA_E20_CF.xlsx,AAA_E20_CF.xlsx,,,,
AAA_E20_F05_CF                            ,4872.0,14.46,1.65263,0.9563600000000001,0.69627,42.01968982772913,0.69443,4.374,3.4666949967870755,0.0018399999999999528,0.2650000000000041,0.164,0.30606,0.2002,0.10586,0.21727,0.16978,1.8428683205228518,1.2470255624926376,1171.424,1240.8121,AAA_E20_CF.xlsx,AAA_E20_CF.xlsx,,,,
AAA_E20_F06_CF                            ,4873.0,14.88,1.63097,0.90667,0.7243,44.255259140266226,0.72179,4.434,3.3754334899270386,0.0025100000000000122,0.34600000000000186,0.1745,0.30887,0.20135,0.10752,0.23049,0.17513,1.7471473816651482,1.2278878547364815,1179.01,1248.8854,AAA_E20_CF.xlsx,AAA_E20_CF.xlsx,,,,
AAA_E20_F07_CF                            ,4874.0,14.75,1.61815,0.96221,0.65594,40.41096313691561,0.65391,4.316,3.4772816205827417,0.0020299999999999763,0.30999999999999917,0.1544,0.27994,0.17519,0.10475,0.20112,0.16319,1.7421439936356407,1.2837796433605,1168.7097,1242.8304,AAA_E20_CF.xlsx,AAA_E20_CF.xlsx,,,,
AAA_E20_F08_CF                            ,4875.0,15.28,1.70825,0.9817100000000001,0.72654,42.37962827454997,0.72395,4.7,3.512339917465641,0.002589999999999981,0.35600000000000076,0.1727,0.32811,0.21539,0.11271,0.23932,0.1724,1.8000167140230654,1.30754060324826,1170.728,1239.9073,AAA_E20_CF.xlsx,AAA_E20_CF.xlsx,,,,
AAA_E21_F01_CF                            ,4924.0,14.77,1.71379,1.02145,0.69234,40.28906692185157,0.69047,4.493,3.582725117007608,0.0018699999999999273,0.27000000000000357,0.1603,0.32514,0.21895,0.1062,0.22965,0.16704,1.9068147180492054,1.271551724137931,1169.4752,1243.8744,AAA_E21_CF.xlsx,AAA_E21_CF.xlsx,,,,
AAA_E21_F02_CF                            ,4925.0,15.14,1.82263,1.10461,0.71802,39.283891958323956,0.716,4.789,3.7257131725788137,0.0020200000000000218,0.28200000000000447,0.1605,0.35585,0.23589,0.11996,0.24397,0.18718,1.933762347829651,1.281760871888022,1169.4752,1242.7609,AAA_E21_CF.xlsx,AAA_E21_CF.xlsx,,,,
AAA_E21_F03_CF                            ,4926.0,15.2,1.71218,1.00661,0.70557,41.086217570582534,0.70347,4.734,3.5566043249313086,0.0020999999999999908,0.29799999999999827,0.1604,0.32393,0.21187,0.11206,0.23164,0.17756,1.8293040925574167,1.2622212209957198,1177.9661,1249.9989,AAA_E21_CF.xlsx,AAA_E21_CF.xlsx,,,,
AAA_E21_F04_CF                            ,4927.0,14.82,1.6671,0.9907900000000001,0.67631,40.46787835162858,0.67464,4.514,3.528545641053964,0.0016699999999999493,0.24699999999999722,0.1566,0.2993,0.18974,0.10957,0.21198,0.1752,1.7901688838569676,1.250799086757991,1185.9001,1261.4824,AAA_E21_CF.xlsx,AAA_E21_CF.xlsx,,,,
AAA_E21_F05_CF                            ,4929.0,14.9,1.64899,1.02605,0.62294,37.701259558881496,0.62169,4.553,3.590783280687269,0.0012500000000000844,0.20200000000000218,0.1449,0.28119,0.18247,0.09872,0.19789,0.15514,1.8441558441558439,1.2726569550083795,1169.3361,1247.4934,AAA_E21_CF.xlsx,AAA_E21_CF.xlsx,,,,
AAA_E21_F06_CF                            ,4930.0,15.3,1.58148,0.89723,0.68425,43.13997015453879,0.68225,4.479,3.3578154663890447,0.0020000000000000018,0.29200000000000337,0.168,0.27968,0.17549,0.10418,0.20438,0.15743,1.7172913200900284,1.3235088610811154,1187.2225,1260.2296,AAA_E21_CF.xlsx,AAA_E21_CF.xlsx,,,,
AAA_E21_F07_CF                            ,4931.0,14.78,1.60261,0.9455100000000001,0.6571,40.90639644080593,0.65557,4.296,3.446973901784396,0.0015300000000000313,0.23300000000000542,0.1572,0.28066,0.18195,0.09871,0.20643,0.16013,1.762825170760064,1.2328732904515083,1170.9368,1242.4128,AAA_E21_CF.xlsx,AAA_E21_CF.xlsx,,,,
AAA_E21_F08_CF                            ,4932.0,14.78,1.58968,0.95622,0.63346,39.76838105782296,0.63219,4.322,3.4664412455517732,0.0012699999999999934,0.20000000000000018,0.1502,0.27484,0.18372,0.09112,0.20591,0.14747,1.7844689427419744,1.2357767681562353,1158.0614,1231.6254,AAA_E21_CF.xlsx,AAA_E21_CF.xlsx,,,,
AAA_E23_F01_CF                            ,5134.0,14.18,1.47801,0.85557,0.62244,41.974682174004236,0.62039,4.005,3.2789342333336418,0.0020499999999999963,0.32999999999999696,0.1595,0.24654,0.16485,0.08169,0.18743,0.13122,1.759056714506749,1.245084590763603,,,AAA_E23_CF.xlsx,AAA_E23_CF.xlsx,1161.6108,1237.8195,,
AAA_E23_F02_CF                            ,5135.0,14.08,1.48385,0.9437599999999999,0.54009,36.31970886545136,0.53893,4.075,3.4437825034411813,0.0011599999999999389,0.21499999999999853,0.1298,0.22096,0.14152,0.07944,0.165,0.13364,1.7153939393939395,1.188865609099072,,,AAA_E23_CF.xlsx,AAA_E23_CF.xlsx,1151.8672,1235.8011,,
AAA_E23_F03_CF                            ,5136.0,13.68,1.43362,0.8846699999999998,0.54895,38.194919155703744,0.54757,3.855,3.334230209719348,0.0013800000000000479,0.25199999999999667,0.14,0.21639,0.14188,0.07451,0.16682,0.12471,1.7009950845222397,1.1949322428033038,,,AAA_E23_CF.xlsx,AAA_E23_CF.xlsx,1162.4459,1244.0135,,
AAA_E23_F04_CF                            ,5137.0,14.37,1.63396,1.0123600000000001,0.6216,37.958701559401696,0.62023,4.253,3.566747952288282,0.0013700000000000934,0.22100000000000453,0.1445,0.2786,0.1832,0.0954,0.20693,0.15066,1.7706470787222732,1.2664277180406214,,,AAA_E23_CF.xlsx,AAA_E23_CF.xlsx,1161.5413,1238.1675,,
AAA_E23_F05_CF                            ,5139.0,14.29,1.66878,1.0220099999999999,0.64677,38.667769268567454,0.64528,4.29,3.583707079489229,0.0014899999999999913,0.22999999999999687,0.1501,0.29189,0.18786,0.10403,0.20842,0.16633,1.8027060742731025,1.2508867913184631,,,AAA_E23_CF.xlsx,AAA_E23_CF.xlsx,1165.4386,1241.3689,,
AAA_E23_F06_CF                            ,5140.0,14.43,1.63697,1.04914,0.58783,35.826557603376976,0.58647,4.405,3.6309615897650005,0.0013599999999999168,0.23199999999999887,0.1362,0.26473,0.16811,0.09662,0.18713,0.15543,1.796718858547534,1.2432606317956636,,,AAA_E23_CF.xlsx,AAA_E23_CF.xlsx,1156.1823,1236.2883,,
AAA_E23_F07_CF                            ,5141.0,13.9,1.50159,0.9556899999999999,0.5459,36.28020964444356,0.54478,3.967,3.4654804475623453,0.0011200000000000099,0.20700000000000163,0.132,0.22652,0.14566,0.08085,0.16791,0.13298,1.7349770710499675,1.2159723266656641,,,AAA_E23_CF.xlsx,AAA_E23_CF.xlsx,1156.739,1238.7938,,
AAA_E23_F08_CF                            ,5142.0,14.02,1.44423,0.8868699999999999,0.55736,38.53056646102076,0.55647,3.874,3.338373422305647,0.0008899999999999464,0.15899999999999803,0.1383,0.21878,0.14312,0.07566,0.16584,0.12652,1.7260009647853354,1.1960164400885236,,,AAA_E23_CF.xlsx,AAA_E23_CF.xlsx,1142.6804,1215.9661,,
AAA_E26_F01_CF                            ,5601.0,15.06,1.79907,1.04691,0.75216,41.67653287531891,0.74979,4.694,3.627100640991198,0.0023700000000000943,0.3149999999999986,0.1684,0.35932,0.2335,0.12582,0.24807,0.18349,1.8825331559640424,1.371409886097335,1172.7463,1239.9769,AAA_E26_CF.xlsx,AAA_E26_CF.xlsx,,,,
AAA_E26_F02_CF                            ,5602.0,14.83,1.7758,1.02407,0.75173,42.227728347786915,0.74988,4.649,3.587316985582233,0.0018500000000000183,0.24600000000000177,0.1706,0.35023,0.2243,0.12593,0.24194,0.19144,1.8541787219971895,1.315608023401588,1176.4349,1245.9623,AAA_E26_CF.xlsx,AAA_E26_CF.xlsx,,,,
AAA_E26_F03_CF                            ,5603.0,14.93,1.71911,1.00753,0.71158,41.2806626684738,0.70966,4.606,3.558229248528725,0.0019200000000000328,0.27000000000000357,0.1618,0.32591,0.21116,0.11475,0.22766,0.18151,1.8550469999121495,1.2643931463831195,1169.7537,1240.0465,AAA_E26_CF.xlsx,AAA_E26_CF.xlsx,,,,
AAA_E26_F04_CF                            ,5604.0,14.74,1.60578,0.95504,0.65074,40.44701017574014,0.64949,4.314,3.4643017466060293,0.0012499999999999734,0.19200000000000328,0.1566,0.28125,0.18329,0.09797,0.20761,0.15916,1.7657145609556382,1.231088213118874,1166.4825,1235.8011,AAA_E26_CF.xlsx,AAA_E26_CF.xlsx,,,,
AAA_E26_F05_CF                            ,5606.0,14.85,1.51445,0.84064,0.67381,44.36990326521179,0.67196,4.241,3.2501990390212865,0.0018500000000000183,0.27599999999999847,0.1688,0.26454,0.16838,0.09616,0.19707,0.15936,1.7088344243162328,1.2068273092369477,1174.0687,1242.7609,AAA_E26_CF.xlsx,AAA_E26_CF.xlsx,,,,
AAA_E26_F06_CF                            ,5607.0,15.02,1.67861,0.97593,0.70268,41.73393462448097,0.70055,4.538,3.5019848762768158,0.0021299999999999653,0.30400000000000427,0.1628,0.31376,0.20487,0.10889,0.22714,0.17528,1.8039094831381526,1.2424691921497033,1168.3617,1236.8451,AAA_E26_CF.xlsx,AAA_E26_CF.xlsx,,,,
AAA_E26_F07_CF                            ,5608.0,14.94,1.57705,0.8698,0.70725,44.71513268444247,0.70518,4.385,3.306089708457653,0.0020700000000000163,0.29200000000000337,0.1698,0.29054,0.19076,0.09978,0.21312,0.16276,1.7901651651651653,1.2260997788154337,1167.9441,1233.5044,AAA_E26_CF.xlsx,AAA_E26_CF.xlsx,,,,
AAA_E26_F08_CF                            ,5609.0,14.61,1.56747,0.8959499999999999,0.67152,42.720434840858196,0.66963,4.227,3.355419459908865,0.0018900000000000583,0.2809999999999979,0.1627,0.27656,0.17916,0.0974,0.20646,0.16453,1.7355419936065097,1.1839786057253996,1167.5266,1236.1492,AAA_E26_CF.xlsx,AAA_E26_CF.xlsx,,,,
AAA_E27_F01_CF                            ,6192.0,14.99,1.65742,0.9528599999999999,0.70456,42.392392996343716,0.70262,4.472,3.460345633545626,0.0019399999999999418,0.27399999999999647,0.1704,0.30556,0.19477,0.1108,0.21583,0.17141,1.804846406894315,1.2928067207280787,1167.9441,1237.2627,AAA_E27_CF.xlsx,AAA_E27_CF.xlsx,,,,
AAA_E27_F02_CF                            ,6193.0,14.72,1.60035,0.95546,0.64489,40.186209266722905,0.64312,4.307,3.4650634145994523,0.0017699999999999383,0.273000000000001,0.1532,0.27502,0.17602,0.099,0.20384,0.16096,1.7270408163265307,1.2301192842942348,1141.4973,1207.684,AAA_E27_CF.xlsx,AAA_E27_CF.xlsx,,,,
AAA_E27_F03_CF                            ,6194.0,14.59,1.5491,0.9021799999999999,0.64692,41.62352333613066,0.64479,4.232,3.36706522670152,0.0021300000000000763,0.3290000000000015,0.1563,0.26653,0.17228,0.09425,0.19842,0.15196,1.7365184961193425,1.2404580152671756,1154.7207,1225.1528,AAA_E27_CF.xlsx,AAA_E27_CF.xlsx,,,,
AAA_E27_F04_CF                            ,6195.0,14.8,1.60034,0.9146200000000001,0.68572,42.712173663096586,0.68354,4.266,3.3901996831020424,0.0021799999999999597,0.3170000000000006,0.165,0.28752,0.18501,0.10251,0.20901,0.16654,1.7703459164633273,1.231055602257716,1174.4862,1244.4312,AAA_E27_CF.xlsx,AAA_E27_CF.xlsx,,,,
AAA_E27_F05_CF                            ,6197.0,15.31,1.64172,0.9444,0.69732,42.372633579416714,0.69564,4.604,3.444949986313416,0.0016800000000000148,0.24199999999999777,0.168,0.30132,0.19443,0.10689,0.21144,0.16807,1.8391032917139614,1.271970012494794,1166.9697,1233.1565,AAA_E27_CF.xlsx,AAA_E27_CF.xlsx,,,,
AAA_E27_F06_CF                            ,6198.0,14.62,1.61746,0.9503799999999999,0.66708,41.14043005700295,0.66543,4.323,3.4558395947258123,0.0016500000000000403,0.24800000000000377,0.1584,0.28937,0.18973,0.09965,0.21366,0.16176,1.7759992511466818,1.2320722057368942,1163.2811,1232.8781,AAA_E27_CF.xlsx,AAA_E27_CF.xlsx,,,,
AAA_E27_F07_CF                            ,6199.0,15..25,1.76348,1.0377299999999998,0.72575,41.028534488624764,0.72353,4.784,3.6111632166988716,0.0022199999999999998,0.30599999999999516,0.164,0.33901,0.21711,0.12191,0.23576,0.18446,1.8417882592466917,1.3218041851892008,1155.9038,1219.8634,AAA_E27_CF.xlsx,AAA_E27_CF.xlsx,,,,
AAA_E27_F09_CF                            ,6200.0,14.61,1.70498,1.0205799999999998,0.6844,40.02392989947096,0.6824,4.442,3.5811990340670374,0.0020000000000000018,0.2929999999999988,0.1582,0.31165,0.19979,0.11186,0.21683,0.17927,1.8428261771895034,1.2479500195236235,1167.8745,1240.325,AAA_E27_CF.xlsx,AAA_E27_CF.xlsx,,,,
AAA_E28_F01_CF,6571.0,14.848,1.57098,0.90237,0.66861,42.44993570892055,0.66688,4.346,3.3674197616690567,0.0017300000000000093,0.25800000000000267,0.1669,0.27431,0.17204,0.10227,0.20061,0.16094,1.7151687353571605,1.270908413073195,1162.1676,1229.4678,AAA_E28_CF.xlsx,AAA_E28_CF.xlsx,,,,
AAA_E28_F02_CF                            ,6572.0,14.336,1.38945,0.7743300000000001,0.61512,44.14840404476591,0.61342,3.787,3.1193777837602066,0.0017000000000000348,0.27599999999999847,0.1601,0.21898,0.13431,0.08467,0.16954,0.14162,1.58440486020998,1.195735065668691,1167.1786,1238.3762,AAA_E28_CF.xlsx,AAA_E28_CF.xlsx,,,,
AAA_E28_F03_CF                            ,6573.0,14.784,1.55842,0.8944399999999999,0.66398,42.50779635784962,0.66245,4.216,3.35259071947463,0.0015300000000000313,0.22999999999999687,0.1625,0.27078,0.1736,0.09718,0.19844,0.15787,1.749647248538601,1.231139545195414,1163.2115,1233.9916,AAA_E28_CF.xlsx,AAA_E28_CF.xlsx,,,,
AAA_E28_F04_CF                            ,6574.0,14.592,1.69931,1.0100200000000001,0.68929,40.48231340956035,0.68792,4.439,3.562623422130811,0.0013699999999999823,0.19900000000000473,0.1613,0.31313,0.2012,0.11193,0.21703,0.17489,1.8541215500161268,1.2800045743038482,1161.402,1228.9806,AAA_E28_CF.xlsx,AAA_E28_CF.xlsx,,,,
AAA_E28_F05_CF                            ,6576.0,14.608,1.63186,0.9726600000000001,0.6592,40.25835549618227,0.65696,4.389,3.496112990417014,0.0022400000000000198,0.33999999999999586,0.1544,0.29294,0.19705,0.09588,0.20927,0.15589,1.8832130740192095,1.2300981461286806,1151.728,1225.1528,AAA_E28_CF.xlsx,AAA_E28_CF.xlsx,,,,
AAA_E28_F06_CF                            ,6577.0,14.448,1.53787,0.9080600000000001,0.62981,40.840253077308226,0.62807,4.239,3.378019908182157,0.0017399999999999638,0.275000000000003,0.1533,0.25901,0.16867,0.09034,0.19167,0.14369,1.7600041738404548,1.2574291878349224,1142.1932,1212.4862,AAA_E28_CF.xlsx,AAA_E28_CF.xlsx,,,,
AAA_E28_F07_CF                            ,6578.0,14.48,1.49976,0.89162,0.60814,40.42513468821679,0.60628,4.163,3.3473015052688226,0.0018599999999999728,0.30599999999999516,0.1476,0.24137,0.15178,0.08959,0.17869,0.14499,1.6988079914936483,1.2358093661631837,1142.8197,1212.5558,AAA_E28_CF.xlsx,AAA_E28_CF.xlsx,,,,
AAA_E28_F08_CF                            ,6579.0,15.328,1.67913,0.94047,0.73866,43.87629308034517,0.73674,4.633,3.4377746540002256,0.0019200000000000328,0.26000000000000467,0.1744,0.32515,0.21173,0.11342,0.23514,0.18137,1.8008845793995067,1.250702982852732,1161.1932,1223.9,AAA_E28_CF.xlsx,AAA_E28_CF.xlsx,,,,
AAA_E29_F01_CF                            ,,,1.61775,0.9425600000000001,0.67519,41.57626332869726,0.6726,4.468,3.4415924055980804,0.002589999999999981,0.383,0.1587,0.28967,0.18863,0.10104,0.21638,0.16693,1.743506793603845,1.210567303660217,1171.9807,1244.5007,AAA_E29_CF.xlsx,AAA_E29_CF.xlsx,,,7757.0,14.832
AAA_E29_F02_CF                            ,,,1.72908,0.9612099999999999,0.76787,44.2553265320286,0.76521,4.713,3.475474226379499,0.0026600000000001067,0.3469999999999973,0.1827,0.34732,0.22837,0.11894,0.25041,0.18368,1.823968691346192,1.2950783972125435,1171.2152,1237.6803,AAA_E29_CF.xlsx,AAA_E29_CF.xlsx,,,7758.0,15.28
AAA_E29_F03_CF                            ,,,1.58118,0.90678,0.6744,42.5201431842042,0.67232,4.105,3.375638242716273,0.0020799999999999708,0.30799999999999716,0.1657,0.27944,0.17831,0.10112,0.2058,0.16593,1.7328474246841592,1.2188272162960285,1164.2555,1233.9916,AAA_E29_CF.xlsx,AAA_E29_CF.xlsx,,,7759.0,14.416
AAA_E29_F04_CF                            ,,,1.6961,1.0037699999999998,0.69233,40.71575968398089,0.69058,4.558,3.551583566745305,0.0017500000000000293,0.25399999999999867,0.1594,0.31097,0.19701,0.11397,0.21965,0.18251,1.7938538584111083,1.2489178675141088,1167.4569,1237.3323,AAA_E29_CF.xlsx,AAA_E29_CF.xlsx,,,7760.0,14.944
AAA_E29_F05_CF                            ,,,1.67785,1.0232,0.65465,38.926006496409094,0.65312,4.492,3.5857928569024042,0.0015299999999999203,0.23300000000000542,0.1491,0.29754,0.19407,0.10346,0.21138,0.16964,1.8362191314220833,1.2197594906861589,1158.8965,1229.8854,AAA_E29_CF.xlsx,AAA_E29_CF.xlsx,,,7762.0,14.736
AAA_E29_F06_CF                            ,,,1.62306,0.9933799999999999,0.62968,38.67940803174251,0.62779,4.395,3.5331545735917236,0.0018900000000000583,0.3009999999999957,0.1479,0.27523,0.17629,0.09894,0.19593,0.15843,1.7995202368192722,1.24900587010036,1154.9296,1230.5117,AAA_E29_CF.xlsx,AAA_E29_CF.xlsx,,,7763.0,14.736
AAA_E30_F01_CF                            ,,,1.6143,0.9954900000000001,0.61881,38.277271882549705,0.61791,4.2,3.536904901589582,0.0009000000000000119,0.14399999999999968,0.1441,0.26718,0.16521,0.10197,0.19015,0.16341,1.737680778332895,1.2480264365705893,1149.2225,1217.2883,AAA_E30_CF.xlsx,AAA_E30_CF.xlsx,,,8340.0,14.384
AAA_E30_F02_CF                            ,,,1.58462,0.9756799999999999,0.60894,38.33916017720337,0.60753,4.205,3.5015363029701625,0.0014100000000000223,0.23199999999999887,0.1426,0.26383,0.17383,0.09001,0.19182,0.15019,1.8124283182149934,1.1986150875557628,1143.5852,1214.2261,AAA_E30_CF.xlsx,AAA_E30_CF.xlsx,,,8341.0,14.304
AAA_E30_F03_CF                            ,,,1.5874,0.9585699999999999,0.62883,39.52941917601109,0.62749,4.28,3.470698183335202,0.0013400000000000079,0.21200000000000108,0.1525,0.26865,0.17274,0.09591,0.20092,0.15594,1.719490344415688,1.2300884955752212,1150.8929,1219.2371,AAA_E30_CF.xlsx,AAA_E30_CF.xlsx,,,8342.0,14.512
AAA_E30_F04_CF                            ,,,1.55833,0.93517,0.62316,39.89655592846188,0.62172,4.233,3.428074212649176,0.0014399999999999968,0.23199999999999887,0.151,0.25843,0.16275,0.09567,0.19662,0.15195,1.6554775709490388,1.2592300098716684,1143.5156,1210.9551,AAA_E30_CF.xlsx,AAA_E30_CF.xlsx,,,8343.0,14.448
AAA_E30_F06_CF                            ,,,1.67048,0.98393,0.68655,40.975647718021165,0.68449,4.398,3.5163090078356913,0.0020599999999999508,0.30000000000000027,0.158,0.30695,0.20008,0.10687,0.22425,0.17402,1.7844370122630993,1.228249626479715,1161.5413,1230.7902,AAA_E30_CF.xlsx,AAA_E30_CF.xlsx,,,8345.0,14.8
AAA_E30_F07_CF                            ,,,1.35502,0.7691999999999999,0.58582,43.11449277501439,0.58421,3.889,3.1090275451602345,0.0016100000000000003,0.275000000000003,0.1561,0.20658,0.13038,0.0762,0.16761,0.13562,1.5557544299266153,1.1237280637074178,1160.8452,1232.5997,AAA_E30_CF.xlsx,AAA_E30_CF.xlsx,,,8346.0,14.48
AAA_E30_F08_CF                            ,,,1.40608,0.85136,0.55472,39.35195721438325,0.55332,3.923,3.270856965114926,0.0013999999999999568,0.25199999999999667,0.1415,0.20936,0.1337,0.07566,0.16326,0.13214,1.637878231042509,1.1451490843045256,1143.3069,1215.8268,AAA_E30_CF.xlsx,AAA_E30_CF.xlsx,,,8347.0,14.064
AAA_E31_F01_CF                            ,,,1.82214,1.09397,0.72817,39.83557794680979,0.72586,4.788,3.707726049884283,0.0023100000000000342,0.31799999999999606,0.1623,0.35954,0.2382,0.12135,0.24907,0.18812,1.91271530091942,1.2901339570486923,1151.7976,1218.5411,AAA_E31_CF.xlsx,AAA_E31_CF.xlsx,,,8972.0,15.008
AAA_E31_F02_CF                            ,,,1.5919,0.9294500000000001,0.66245,41.4554934355173,0.65993,4.495,3.4175741641573976,0.0025199999999999667,0.38000000000000256,0.1597,0.28304,0.18767,0.09537,0.21074,0.15216,1.7810572269146816,1.2535488958990537,1148.6658,1219.5851,AAA_E31_CF.xlsx,AAA_E31_CF.xlsx,,,8973.0,14.928
AAA_E31_F03_CF                            ,,,1.58414,0.9348600000000001,0.64928,40.84613733634654,0.64706,4.262,3.427505978483454,0.0022199999999999998,0.3430000000000044,0.1558,0.27054,0.17135,0.09918,0.20062,0.15895,1.7082045658458778,1.2479396036489463,1156.1127,1228.2847,AAA_E31_CF.xlsx,AAA_E31_CF.xlsx,,,8974.0,14.72
AAA_E31_F04_CF                            ,,,1.53457,0.89472,0.63985,41.569951191539,0.63792,4.197,3.3531154343504848,0.0019299999999999873,0.3009999999999957,0.1563,0.26105,0.16952,0.09153,0.19514,0.14343,1.7374192887157938,1.2763020288642544,1152.2152,1222.0906,AAA_E31_CF.xlsx,AAA_E31_CF.xlsx,,,8975.0,14.704
AAA_E31_F05_CF                            ,,,1.63136,0.9727499999999999,0.65861,40.230237347979596,0.6563,4.353,3.4962747339300844,0.0023100000000000342,0.34999999999999476,0.1537,0.28616,0.18371,0.10245,0.20677,0.15696,1.7769502345601393,1.305428134556575,1152.1456,1223.2041,AAA_E31_CF.xlsx,AAA_E31_CF.xlsx,,,8977.0,14.752
AAA_E31_F06_CF                            ,,,1.64737,0.96429,0.68308,41.348938004212776,0.68117,4.349,3.4810379945815595,0.0019099999999999673,0.28000000000000247,0.1603,0.29928,0.19421,0.10507,0.22034,0.16876,1.7628210946718705,1.2452002844275896,1156.9479,1225.2224,AAA_E31_CF.xlsx,AAA_E31_CF.xlsx,,,8978.0,14.8
AAA_E31_F07_CF                            ,,,1.80588,1.11736,0.68852,38.03131991051454,0.6868,4.755,3.747153568998789,0.0017200000000000548,0.24899999999999922,0.1546,0.33617,0.21439,0.12178,0.22754,0.18347,1.884415926870001,1.3275194854744645,1142.4717,1210.6071,AAA_E31_CF.xlsx,AAA_E31_CF.xlsx,,,8979.0,15.04
AAA_E31_F08_CF                            ,,,1.70865,1.07416,0.63449,36.99704445029702,0.63215,4.523,3.674002267163161,0.0023400000000000087,0.3689999999999971,0.1472,0.29821,0.19624,0.10197,0.2104,0.16403,1.8653992395437262,1.243309150765104,1136.4863,1209.5631,AAA_E31_CF.xlsx,AAA_E31_CF.xlsx,,,8980.0,14.688
AAA_E32_F01_CF                            ,,,1.63063,0.98458,0.64605,39.51785506215389,0.64439,4.373,3.517470281251251,0.0016599999999999948,0.25600000000000067,0.1506,0.28575,0.18793,0.09782,0.21096,0.16064,1.7816647705726205,1.217878486055777,1145.3948,1211.0247,AAA_E32_CF.xlsx,AAA_E32_CF.xlsx,,,9052.0,14.432
AAA_E32_F02_CF                            ,,,1.53134,0.9278899999999999,0.60345,39.2878132877088,0.60163,4.209,3.414704911021995,0.0018200000000000438,0.30200000000000227,0.1453,0.24612,0.15451,0.09161,0.18903,0.14441,1.634766968206105,1.2687487016134615,1133.8417,1200.5851,AAA_E32_CF.xlsx,AAA_E32_CF.xlsx,,,9053.0,14.656
AAA_E32_F03_CF                            ,,,1.62387,0.9913099999999999,0.63256,38.841163393621414,0.63073,4.375,3.5294714694583367,0.0018299999999999983,0.2889999999999948,0.1464,0.27662,0.17869,0.09793,0.19849,0.16033,1.8004937276437099,1.221605438782511,1136.0687,1205.248,AAA_E32_CF.xlsx,AAA_E32_CF.xlsx,,,9054.0,14.672
AAA_E32_F04_CF                            ,,,1.51085,0.90739,0.60346,39.819307012608796,0.60161,4.179,3.376773464679467,0.0018500000000000183,0.3070000000000017,0.1471,0.24275,0.15226,0.0905,0.18342,0.1468,1.6602333442372696,1.2329700272479562,1141.2189,1211.4423,AAA_E32_CF.xlsx,AAA_E32_CF.xlsx,,,9055.0,14.496
AAA_E32_F05_CF                            ,,,1.55869,0.9145899999999999,0.6441,41.20960550205621,0.64233,4.224,3.3901440825113545,0.0017700000000000493,0.27599999999999847,0.1529,0.26431,0.16653,0.09778,0.1938,0.15437,1.718575851393189,1.2668264559176006,1152.772,1223.3433,AAA_E32_CF.xlsx,AAA_E32_CF.xlsx,,,9057.0,14.736
AAA_E32_F06_CF                            ,,,1.48524,0.8678299999999999,0.61741,41.43303439174814,0.61538,4.132,3.3023436238918746,0.0020299999999999763,0.3290000000000015,0.1498,0.24261,0.15605,0.08656,0.18895,0.14337,1.6517597247949192,1.2075050568459231,1148.109,1218.054,AAA_E32_CF.xlsx,AAA_E32_CF.xlsx,,,9058.0,14.64
AAA_E32_F07_CF                            ,,,1.58173,0.91927,0.66246,41.75048838929526,0.66038,4.403,3.3988067780710858,0.002080000000000082,0.31400000000000317,0.158,0.27562,0.17718,0.09844,0.19978,0.16363,1.7737511262388628,1.2032023467579296,1152.6328,1220.4899,AAA_E32_CF.xlsx,AAA_E32_CF.xlsx,,,9059.0,14.832
AAA_E32_F08_CF                            ,,,1.59534,0.97758,0.61776,38.60556370428875,0.61589,4.348,3.504944020264124,0.0018699999999999273,0.30200000000000227,0.1469,0.26695,0.17453,0.09242,0.19633,0.15119,1.7779249223246574,1.2225676301342683,1137.1823,1207.8231,AAA_E32_CF.xlsx,AAA_E32_CF.xlsx,,,9060.0,14.752
AAA_E33_F01_CF                           ,,,1.62343,0.9480399999999999,0.67539,41.48993181104206,0.67356,4.153,3.451582535191223,0.0018299999999999983,0.270999999999999,0.1596,0.28798,0.18102,0.10696,0.20846,0.16701,1.7367360644728003,1.2808813843482427,1164.5339,1234.0612,AAA_E33_CF.xlsx,AAA_E33_CF.xlsx,,,9139.0,14.416
AAA_E33_F02_CF                           ,,,1.64468,0.9509199999999999,0.69376,42.04161295814383,0.69145,4.455,3.4568212485759835,0.0023100000000000342,0.3330000000000055,0.1651,0.29736,0.1883,0.10906,0.21829,0.16533,1.7252279078290347,1.3193007923546847,1159.8708,1228.911,AAA_E33_CF.xlsx,AAA_E33_CF.xlsx,,,9140.0,14.928
AAA_E33_F03_CF                           ,,,1.49004,0.87036,0.61968,41.48479235456766,0.61814,3.854,3.307153810743258,0.0015399999999999858,0.24899999999999922,0.1524,0.24277,0.15144,0.09133,0.18126,0.14898,1.6709698775239985,1.2260706135051684,1158.8269,1229.6071,AAA_E33_CF.xlsx,AAA_E33_CF.xlsx,,,9141.0,13.712
AAA_E33_F04_CF                           ,,,1.32902,0.75331,0.57571,43.20100525199019,0.57415,3.75,3.076747088647832,0.0015600000000000058,0.268999999999997,0.1521,0.19959,0.12549,0.0741,0.15536,0.12178,1.615473738414006,1.2169485958285433,1161.8892,1232.9476,AAA_E33_CF.xlsx,AAA_E33_CF.xlsx,,,9142.0,14.24
AAA_E33_F05_CF                           ,,,1.16557,0.6170599999999999,0.54851,46.94269756428186,0.54715,3.423,2.784637256681105,0.0013600000000000279,0.24899999999999922,0.158,0.15959,0.0934,0.06619,0.13095,0.11453,1.4264986636120656,1.1558543613027155,1165.0907,1235.5227,AAA_E33_CF.xlsx,AAA_E33_CF.xlsx,,,9144.0,14.144
AAA_E33_F06_CF                           ,,,1.37871,0.8231400000000001,0.55557,40.21005142488267,0.55438,3.857,3.2161906516100087,0.0011900000000000244,0.21499999999999853,0.1421,0.20295,0.12711,0.07584,0.1554,0.1309,1.6359073359073357,1.1587471352177237,1146.2994,1219.3066,AAA_E33_CF.xlsx,AAA_E33_CF.xlsx,,,9145.0,14.144
AAA_E33_F07_CF                           ,,,1.50367,0.90741,0.59626,39.54325084626281,0.5946,4.047,3.376810678610167,0.0016599999999999948,0.27800000000000047,0.1438,0.23846,0.14923,0.08923,0.17699,0.14595,1.6863099610147465,1.2227475162726962,1144.9772,1216.1052,AAA_E33_CF.xlsx,AAA_E33_CF.xlsx,,,9146.0,14.272
AAA_E33_F08_CF                           ,,,1.4755,0.8831,0.5924,40.03659776347001,0.59074,4.028,3.331270311689009,0.0016599999999999948,0.28000000000000247,0.1489,0.23375,0.1511,0.08265,0.17557,0.13714,1.7212507831634107,1.2053376112002332,1133.2849,1203.8562,AAA_E33_CF.xlsx,AAA_E33_CF.xlsx,,,9147.0,14.352
AAA_E34_F01_CF                            ,,,1.46092,0.83389,0.62703,42.81822413273827,0.62554,4.067,3.237123845577733,0.0014899999999999913,0.23800000000000487,0.1565,0.24179,0.15719,0.08461,0.19263,0.14511,1.6320406997871568,1.1661498173799187,1169.8232,1241.0905,AAA_E34_CF.xlsx,AAA_E34_CF.xlsx,,,9802.0,14.48
AAA_E34_F02_CF                            ,,,1.71442,1.02256,0.69186,40.22176596166634,0.68957,4.605,3.5846712450961404,0.0022900000000000142,0.3310000000000035,0.1591,0.31759,0.20488,0.11271,0.22208,0.17612,1.8451008645533142,1.27992277992278,1157.2958,1229.1199,AAA_E34_CF.xlsx,AAA_E34_CF.xlsx,,,9803.0,14.928
AAA_E34_F03_CF                            ,,,1.71595,1.00042,0.71553,41.54724788018298,0.71293,4.615,3.5456520542796084,0.0026000000000000467,0.3630000000000022,0.1634,0.32938,0.21945,0.10993,0.23647,0.17553,1.8560493931576945,1.2525494217512676,1161.8892,1230.8597,AAA_E34_CF.xlsx,AAA_E34_CF.xlsx,,,9804.0,15.04
AAA_E34_F04_CF                            ,,,1.69874,1.0062699999999998,0.69247,40.67014375360562,0.69088,4.454,3.5560036217798205,0.0015899999999999803,0.22799999999999487,0.1596,0.31612,0.20682,0.10931,0.22219,0.17193,1.86164993924119,1.2715640086081546,1171.7024,1237.889,AAA_E34_CF.xlsx,AAA_E34_CF.xlsx,,,9805.0,14.464
AAA_E34_F05_CF                            ,,,1.34136,0.7383800000000001,0.60298,44.80676328502415,0.60102,3.875,3.046105174518852,0.0019599999999999618,0.3249999999999975,0.1579,0.21015,0.13635,0.07379,0.17186,0.12759,1.5867566623996274,1.1566737205110116,1156.1823,1226.5448,AAA_E34_CF.xlsx,AAA_E34_CF.xlsx,,,9807.0,14.528
AAA_E34_F06_CF                            ,,,1.50895,0.87456,0.63439,41.870837337221246,0.63181,4.148,3.3151236906779147,0.0025800000000000267,0.4070000000000018,0.1549,0.25185,0.1611,0.09075,0.19396,0.15113,1.6611672509795834,1.2009528220737113,1160.0797,1233.5741,AAA_E34_CF.xlsx,AAA_E34_CF.xlsx,,,9808.0,14.528
AAA_E34_F07_CF                            ,,,1.51329,0.89,0.62329,41.06351062915899,0.62141,4.043,3.3442592373767415,0.0018799999999999928,0.30200000000000227,0.153,0.24874,0.15752,0.09122,0.18867,0.14756,1.669793819897175,1.2363784223366765,1149.9882,1220.6986,AAA_E34_CF.xlsx,AAA_E34_CF.xlsx,,,9809.0,14.24
AAA_E34_F08_CF                            ,,,1.30106,0.7328000000000001,0.56826,43.528353803821496,0.56633,3.825,3.0345735097707554,0.0019299999999999873,0.3390000000000004,0.1497,0.19282,0.12281,0.07001,0.15656,0.12184,1.5688553909044456,1.1492120814182534,1150.6145,1221.5338,AAA_E34_CF.xlsx,AAA_E34_CF.xlsx,,,9810.0,14.624
AAA_E35_F01_CF                            ,,,1.55983,0.892,0.66783,42.657212644967714,0.66538,4.475,3.348014723385843,0.0024500000000000632,0.36599999999999966,0.1651,0.27718,0.18356,0.09362,0.21544,0.15176,1.7040475306349796,1.2337901950448076,1153.2592,1220.4202,AAA_E35_CF.xlsx,AAA_E35_CF.xlsx,,,10278.0,15.28
AAA_E35_F02_CF                            ,,,1.47784,0.8271000000000001,0.65074,43.93980403832621,0.64936,4.06,3.2239176687900195,0.0013799999999999368,0.21200000000000108,0.1639,0.24992,0.15975,0.09017,0.19566,0.15159,1.6329346826126956,1.189656309782967,1161.6804,1226.8231,AAA_E35_CF.xlsx,AAA_E35_CF.xlsx,,,10279.0,14.64
AAA_E35_F03_CF                            ,,,1.69515,1.01262,0.68253,40.116803822670555,0.68004,4.573,3.567205939038618,0.0024899999999999922,0.36399999999999766,0.1579,0.30965,0.20102,0.10864,0.2213,0.17048,1.816719385449616,1.274519005161896,1150.1273,1216.0356,AAA_E35_CF.xlsx,AAA_E35_CF.xlsx,,,10280.0,14.976
AAA_E35_F04_CF                            ,,,1.4335,0.80034,0.63316,44.0655737704918,0.63168,3.891,3.1713355321530106,0.0014799999999999258,0.23400000000000087,0.1597,0.23719,0.15389,0.0833,0.18561,0.14341,1.6582080706858466,1.1617042047277037,1155.6255,1219.3762,AAA_E35_CF.xlsx,AAA_E35_CF.xlsx,,,10281.0,14.4
AAA_E35_F05_CF                            ,,,1.88736,1.13282,0.75454,39.8641488640217,0.75238,4.842,3.7729876701837175,0.0021599999999999397,0.2870000000000039,0.1672,0.38304,0.25008,0.13296,0.25756,0.19759,1.941916446653207,1.345817096006883,1148.3177,1209.9111,AAA_E35_CF.xlsx,AAA_E35_CF.xlsx,,,10283.0,15.168
AAA_E35_F06_CF                            ,,,1.73916,1.04108,0.69808,40.030819476068906,0.6962,4.64,3.616987298733166,0.0018799999999999928,0.268999999999997,0.1592,0.32337,0.20701,0.11636,0.22756,0.18607,1.8193882931973984,1.2507120975976782,1152.9808,1218.7499,AAA_E35_CF.xlsx,AAA_E35_CF.xlsx,,,10284.0,14.912
AAA_E35_F07_CF                            ,,,1.47536,0.84922,0.62614,42.35101941221126,0.62483,3.96,3.2667435242342022,0.0013100000000000334,0.20900000000000363,0.1555,0.24232,0.15315,0.08917,0.18813,0.14492,1.6281294849306331,1.2306099917195694,1154.9991,1221.3945,AAA_E35_CF.xlsx,AAA_E35_CF.xlsx,,,10285.0,14.16
AAA_E35_F08_CF                            ,,,1.71931,1.02456,0.69475,40.311520319197825,0.69308,4.596,3.5881751178904064,0.0016699999999999493,0.24100000000000232,0.1573,0.3172,0.20038,0.11682,0.22138,0.17612,1.8102809648568075,1.3265955030660912,1151.3104,1215.5485,AAA_E35_CF.xlsx,AAA_E35_CF.xlsx,,,10286.0,15.04
AAA_E36_F01_CF                            ,,,1.54222,0.8904399999999999,0.65178,42.15287053727744,0.65009,4.189,3.3450858060519137,0.0016900000000000803,0.26000000000000467,0.1607,0.26531,0.17081,0.09449,0.19813,0.15258,1.7242214707515267,1.2385633765893302,1161.4717,1229.8854,AAA_E36_CF.xlsx,AAA_E36_CF.xlsx,,,12175.0,14.432
AAA_E36_F02_CF                            ,,,1.64987,0.94121,0.70866,42.82701061295739,0.70659,4.348,3.439126878430192,0.0020699999999999052,0.29200000000000337,0.1698,0.31044,0.20683,0.10361,0.23035,0.16309,1.7957890167136967,1.2705867925685204,1161.4717,1227.7279,AAA_E36_CF.xlsx,AAA_E36_CF.xlsx,,,12176.0,14.624
AAA_E36_F03_CF                            ,,,1.59874,0.9580000000000001,0.64074,39.98148541976807,0.6392,4.224,3.4696661292631727,0.0015399999999999858,0.23999999999999577,0.1506,0.27627,0.17994,0.09633,0.19996,0.15907,1.799759951990398,1.2111648959577546,1154.2335,1220.9771,AAA_E36_CF.xlsx,AAA_E36_CF.xlsx,,,12177.0,14.224
AAA_E36_F04_CF                            ,,,1.6621,0.99296,0.66914,40.184104446182545,0.6679,4.25,3.532407587642468,0.0012399999999999078,0.18399999999999528,0.1577,0.29999,0.19386,0.10613,0.21778,0.17101,1.7803287721553862,1.241213964095667,1164.8818,1230.5117,AAA_E36_CF.xlsx,AAA_E36_CF.xlsx,,,12178.0,14.272
AAA_E36_F05_CF                            ,,,1.62811,0.9391299999999999,0.68898,42.18572455178091,0.68683,4.466,3.4353246768046724,0.0021499999999999853,0.3109999999999946,0.1655,0.29717,0.19441,0.10275,0.21865,0.16824,1.778275783215184,1.2214693295292438,1158.2701,1225.4312,AAA_E36_CF.xlsx,AAA_E36_CF.xlsx,,,12180.0,14.928
AAA_E36_F06_CF                            ,,,1.61396,0.9152600000000001,0.6987,43.14914867778631,0.69641,4.42,3.3913856118846724,0.0022900000000000142,0.3290000000000015,0.1671,0.2973,0.19402,0.10327,0.21677,0.16684,1.790100106103243,1.2379525293694558,1156.8086,1222.3689,AAA_E36_CF.xlsx,AAA_E36_CF.xlsx,,,12181.0,15.088
AAA_E36_F07_CF                            ,,,1.7243,0.9908899999999999,0.73341,42.42359218233486,0.73151,4.709,3.5287237038428443,0.0019000000000000128,0.26000000000000467,0.169,0.33436,0.2184,0.11596,0.24029,0.18544,1.8178034874526614,1.2506471095772218,1154.0944,1216.314,AAA_E36_CF.xlsx,AAA_E36_CF.xlsx,,,12182.0,15.248
AAA_E36_F08_CF                            ,,,1.58103,0.92428,0.65675,41.41161141787316,0.65473,4.388,3.408055902041499,0.0020199999999999108,0.3070000000000017,0.1599,0.27485,0.17605,0.0988,0.20152,0.15684,1.7472211194918619,1.2598826829890333,1154.4424,1222.7865,AAA_E36_CF.xlsx,AAA_E36_CF.xlsx,,,12183.0,14.816
AAA_E37_F01_CF                            ,,,1.6315,0.9673299999999999,0.66417,40.61722341403616,0.66267,4.477,3.486520799649424,0.0015000000000000568,0.22600000000000398,0.1577,0.28938,0.18731,0.10207,0.21088,0.1649,1.7764605462822458,1.2379624014554276,1148.3177,1213.4606,AAA_E37_CF.xlsx,AAA_E37_CF.xlsx,,,12491.0,15.04
AAA_E37_F02_CF                            ,,,1.4843,0.89381,0.59049,39.706932560803075,0.58937,4.004,3.3514098106349772,0.0011200000000000099,0.19000000000000128,0.1441,0.23353,0.14758,0.08595,0.17989,0.13743,1.640780476958141,1.2508185985592666,1140.0358,1206.8489,AAA_E37_CF.xlsx,AAA_E37_CF.xlsx,,,12492.0,14.192
AAA_E37_F03_CF                            ,,,1.60078,0.9339900000000001,0.66679,41.575357013455935,0.66553,4.407,3.4259107533771695,0.0012600000000000389,0.19000000000000128,0.158,0.28191,0.17981,0.1021,0.20712,0.16869,1.7362881421398224,1.2105044756654217,1162.6548,1227.6583,AAA_E37_CF.xlsx,AAA_E37_CF.xlsx,,,12493.0,14.848
AAA_E37_F04_CF                            ,,,1.5409,0.91572,0.62518,40.48413264975015,0.62382,4.092,3.3922377421078527,0.0013599999999999168,0.21700000000000053,0.1534,0.25626,0.16417,0.09209,0.18864,0.15051,1.7405640373197626,1.2237060660421235,1149.9882,1219.7242,AAA_E37_CF.xlsx,AAA_E37_CF.xlsx,,,12494.0,14.336
AAA_E37_F05_CF                            ,,,1.64045,0.9587,0.68175,41.438629644304925,0.67978,4.489,3.470933521113036,0.0019699999999999163,0.29000000000000137,0.1617,0.29734,0.19454,0.1028,0.21846,0.16132,1.7810125423418475,1.274485494668981,1151.5193,1217.9844,AAA_E37_CF.xlsx,AAA_E37_CF.xlsx,,,12496.0,14.848
AAA_E37_F06_CF                            ,,,1.54559,0.89671,0.64888,41.85456686443364,0.6469,4.219,3.3568422950150656,0.0019799999999999818,0.30400000000000427,0.1578,0.26528,0.1714,0.09389,0.1923,0.14967,1.78263130525221,1.2546268457272667,1138.1566,1203.7169,AAA_E37_CF.xlsx,AAA_E37_CF.xlsx,,,12497.0,14.64
AAA_E37_F07_CF                            ,,,1.61074,0.95118,0.65956,40.869414058134765,0.6583,4.312,3.4572937973169355,0.0012600000000000389,0.19099999999999673,0.1565,0.28149,0.18016,0.10133,0.20342,0.16576,1.7713105889293088,1.222611003861004,1152.4241,1218.7499,AAA_E37_CF.xlsx,AAA_E37_CF.xlsx,,,12498.0,14.608
AAA_E37_F08_CF                            ,,,1.66231,0.9682299999999999,0.69408,41.67574038536735,0.69278,4.212,3.488142345137449,0.0013000000000000789,0.18700000000000383,0.1629,0.30338,0.19192,0.11145,0.21502,0.17388,1.785136266393824,1.2819185645272602,1143.0284,1204.4825,AAA_E37_CF.xlsx,AAA_E37_CF.xlsx,,,12499.0,14.368
