Bone type,Bone #,R_BS,G_BS,R_G,Ronly_BS,Gonly_BS,sLS_BS,dLS_BS,LS_BS,R_LS,G_LS,MS_BS,sLS_LS,dLS_LS,dLS_sLS,MAR,BFR,BV_TV,Tb.Th,Tb.N,Tb.Sp,AP_BS,AP_R_BS,AP_G_BS,AP_RG_BS,AP_R_RG_BS,AP_L_BS,AP_NL_BS,AP_L_AP,AP_NL_AP,AP_R_R,AP_G_G,AP_RG_RG,AP_R_RG_R,AP_TRAP_BS,TRAP_BS,TRAP_L_BS,TRAP_NL_BS,AP_TRAP_R_RG_BS,TRAP_on_TRAP,TRAP_L_TRAP_on,TRAP_NL_TRAP_on,GFP_BS,GFP_R_BS,GFPonly_BS,Height_Width,Osteocytes_Density,Cortex_Width,AC_Intensity,RedBeads_Intensity,AC_RedBeads,AC_BR_Intensity,AC_BR_RedBeads,Calcein_Intensity,GreenBeads_Intensity,Calcein_GreenBeads,exp_name,gene_symbol,AP_Intensity,TRAP_Intensity,AP_Background_Intensity,TRAP_Background_Intensity
Male,AAA_E26_hF_M_s1,23.45608722,30.52228561,76.92981728,15.93557355,23.00177194,38.93734549,7.520513669,46.45785916,50.44823417,65.68479174,26.98918641,83.86697409,16.13302591,19.4137486,2.114829365,0.578466926,23.71399089,58.04656798,4.119246877,186.3295808,51.94271957,10.10466086,12.75257811,5.431692679,15.53635354,28.28893165,23.65378792,54.22532511,45.77467489,43.0669392,42.21819333,72.74952867,65.88788208,9.831568112,16.67692981,7.073237636,9.603692175,2.876578625,93.61817706,42.67370116,57.32629884,,,,0.913609583,529.7355638,649.817007,80.66666667,241.6666667,0.333794375,44,0.182071729,109.6666667,235,0.467099011,AAA_E26F.xls,AAA_E26,,,,
,AAA_E26_hF_M_s2,23.4383584,26.97625307,86.81432466,17.21252673,20.7504214,37.96294813,6.22583167,44.1887798,53.01820968,61.05630223,25.20730574,85.92548809,14.07451191,16.52046286,1.84712638,0.464887611,17.68130325,45.59206267,3.91159331,210.8464506,46.94663949,10.36596603,10.69050368,4.416911808,14.78287784,25.47338152,21.47325797,53.81454942,46.18545058,44.14627808,39.40568616,70.19273706,62.67885016,7.789737283,12.60651175,5.277019672,7.329492079,2.306250701,86.96804453,41.88398324,58.11601676,,,,1.30264909,699.6291833,483.1417204,79.5,243.3333333,0.325858362,44.5,0.182406101,90,238.3333333,0.377599197,AAA_E26F.xls,AAA_E26,,,,
,AAA_E26_hF_M_s3,23.45076654,26.97020243,88.47208956,16.49017791,20.14350281,36.04084306,6.960588634,43.00143169,54.5391912,61.64893869,24.98101016,83.81187011,16.18812989,19.31506103,2.37978987,0.646073741,21.13499592,47.69860456,4.412204366,181.7322143,51.21346062,11.43596932,11.23806483,5.390188553,16.82615787,29.74427845,30.58076826,49.29951814,50.70048186,48.77024493,41.92434847,77.45475699,71.75989128,7.719516651,12.4323148,4.527768331,6.583379618,2.376704232,88.95652154,40.83427647,59.16572353,,,,0.852548486,,676.8614913,66,241,0.273897768,35.33333333,0.146634524,98.33333333,234.3333333,0.419531525,AAA_E26F.xls,AAA_E26,,,,
,AAA_E26_hF_M_s4,34.50560367,27.23095599,126.9039706,21.43483279,14.16018511,35.5950179,13.07077088,48.66578878,70.95077525,55.9675284,30.86827983,73.08169634,26.91830366,37.05603934,1.940381003,0.597756304,,34.69794193,,,45.81749854,12.20011804,7.038113582,9.760658783,21.96077682,28.9988904,16.81860813,63.29216306,36.70783694,35.36004044,25.30602069,70.31615178,63.62470137,5.472740181,11.1844611,5.393427025,5.791034072,2.044111679,79.39801189,47.57070478,52.42929522,,,,1.316371891,595.6521072,378.8346809,69,241.6666667,0.285850581,42,0.173848187,101.3333333,239.3333333,0.423297304,AAA_E26F.xls,AAA_E26,,,,
,AAA_E26_hF_M_s5,27.65160709,29.83497375,92.15545303,17.12144177,19.30480843,36.4262502,10.53016532,46.95641552,58.58855996,64.00546012,28.74329042,77.40597992,22.59402008,29.23847291,1.931725322,0.555092347,14.65120403,33.24315324,4.356929799,195.8920614,42.5140722,8.574548492,9.093649559,6.590551981,15.16510047,24.25875003,18.25532217,57.73078317,42.26921683,30.82804255,30.59523382,62.76207634,55.07798363,3.445124036,6.864475535,3.089104909,3.775370626,1.418671708,81.15782349,43.81370635,56.18629365,,,,1.441529843,608.5383952,447.4412181,73,243,0.300583348,44.66666667,0.18381098,117,236.3333333,0.495064907,AAA_E26F.xls,AAA_E26,,,,
,AAA_E26_hF_M_s6,36.676077,,,18.30584842,,,,,,,,,,,2.173030806,,21.50116608,,,,42.23813986,10.53454654,,,,,,,,28.78763002,,,,9.293119882,15.54939626,,,,94.83087235,,,,,,1.126867344,664.0323967,584.0326324,80,238.3333333,0.338983051,46,0.194915254,,230,,AAA_E26F.xls,AAA_E26,,,,
,AAA_E26_hF_M_s7,34.17798958,33.95425609,94.18255418,18.73695853,20.4684562,38.53863404,13.48579989,52.02443393,60.65080863,65.27371268,32.75511691,74.07547869,25.92452131,35.08093098,2.155839587,0.704379756,22.00288121,78.09898422,2.737838349,289.0885345,55.91069497,12.95161262,10.45642328,10.25801714,23.20962976,33.66605304,22.24464193,60.24385951,39.75614049,40.77056169,30.66085253,75.96956271,73.60909536,12.89378328,15.80336665,9.404450262,8.291884817,4.489528796,93.98509204,53.14349112,46.85650888,,,,1.39308957,601.4034759,643.7319044,64.33333333,244,0.263680867,38.33333333,0.157111145,126.6666667,235.3333333,0.538310533,AAA_E26F.xls,AAA_E26,,,,
,AAA_E26_hF_M_s8,34.29715235,29.0727077,119.8060155,21.06305953,15.83861488,36.90167442,13.23409281,50.13576723,68.45507991,57.67067464,31.68493002,73.87424546,26.12575454,35.82693444,2.175743102,0.719373917,20.61658489,70.12674997,2.997682868,270.6722811,52.68942708,14.3151656,8.337714452,9.818734243,24.13389984,32.4716143,20.21781279,61.46821708,38.53178292,41.88831648,28.21823368,72.42251853,70.15419478,10.38099595,15.19056812,7.443076704,7.747491413,4.108085273,91.61511555,49.9735999,50.0264001,,,,1.526216066,681.8737045,486.0755793,63,244.3333333,0.257837127,38.66666667,0.158259847,112.3333333,239,0.47005443,AAA_E26F.xls,AAA_E26,,,,
Male,AAA_E27_hF_M_s1,18.28204041,16.70397131,110.1653713,12.83644289,11.25837379,24.09481668,5.44559752,29.5404142,61.93619416,56.45340998,17.49300586,81.61039587,18.38960413,22.58821459,1.411315993,0.247109521,18.31983446,59.93644015,2.835450068,303.3477841,43.46393192,7.583543603,6.275185514,2.889964265,10.47350787,16.74869338,26.71523854,38.50928004,61.49071996,41.60753307,35.48400165,59.38108481,57.37947702,8.97837292,14.52566903,3.491023375,11.03464565,1.50405742,75.34276961,24.51954963,75.48045037,,,,1.087447672,524.4163466,632.8123638,49,244.1666667,0.200688368,35.33333333,0.144713757,97.66666667,240,0.406931785,AAA_E27F.xls,AAA_E27,,,,
,AAA_E27_hF_M_s2,18.7034029,22.72702764,82.30589725,11.62586153,15.64948627,27.27534781,7.077541369,34.35288918,54.431246,66.14144571,20.71521527,79.42730828,20.57269172,26.45104621,1.413123747,0.291549161,14.21583205,68.342562,2.127301297,411.1497513,41.0373552,7.315595278,7.096173562,4.748304538,12.06389982,19.16007338,21.87728182,46.60470863,53.39529137,39.84027227,29.71692422,68.43836281,64.56838474,8.497372499,15.44861376,4.672058658,10.77655511,1.693374457,74.43671336,30.24541341,69.75458659,,,,1.255371959,485.5447235,579.8879266,49.66666667,244,0.203559875,34.66666667,0.142072533,101.5,228.6666667,0.433774109,AAA_E27F.xls,AAA_E27,,,,
,AAA_E27_hF_M_s3,23.5450981,19.81495474,118.6184174,15.28549817,10.53916938,26.87254058,8.259599929,35.13214051,66.99487151,56.47703161,21.69587022,76.52809688,23.47190312,30.72227584,1.382641691,0.268002155,12.7540192,68.20518735,1.872342895,467.7023336,42.91112075,10.2435554,5.951366324,4.665182122,14.90873752,21.69262216,24.1107333,47.39802488,52.60197512,43.72546446,28.19078063,65.74683041,63.51109814,10.95901484,18.3857846,6.423112033,12.22750629,3.233468889,73.09119783,35.12055749,64.87944251,,,,1.33046253,465.6710634,608.8908356,52,244,0.213237236,37.66666667,0.154450419,101.3333333,235,0.431180759,AAA_E27F.xls,AAA_E27,,,,
,AAA_E27_hF_M_s4,10.8299075,19.02320853,55.38764783,8.774409044,17.2820778,26.27183967,2.055498458,28.32733813,38.23129252,69.02494331,15.19141829,92.74376417,7.256235828,7.82396088,1.33470696,0.18015464,,37.08039695,,,45.05458054,,10.07329073,,,,,,,,52.572163,,,12.23589636,19.86947793,,,,65.53171913,,,,,,1.282230389,499.1255108,498.1156435,45.5,243.6666667,0.186453347,32.5,0.13319056,102.6666667,237,0.433037514,AAA_E27F.xls,AAA_E27,,,,
,AAA_E27_hF_M_s5,22.67480243,16.07120986,140.8723443,16.02892344,9.425330865,25.4542543,6.645878991,32.1001333,70.38609137,50.31328144,19.37300614,79.30062719,20.69937281,26.16341502,1.512820513,0.267498944,16.90119888,76.19931343,2.262366945,372.0514164,37.04268293,7.552660754,5.300720621,3.305155211,10.85781596,16.15853659,20.88414634,43.62139918,56.37860082,33.88249922,32.63651877,59.625,48.70997824,10.92710643,15.98297115,4.692871014,11.29010013,2.425166297,80.65763215,30.41346458,69.58653542,,,,1.299000354,421.5034248,612.1334325,49.33333333,244,0.202185792,35.33333333,0.144808743,95.5,239.6666667,0.398805788,AAA_E27F.xls,AAA_E27,,,,
,AAA_E27_hF_M_s6,26.40730532,22.04740889,121.8868124,17.07728135,13.00640215,30.8316265,9.041006749,39.87263325,67.39153271,55.29065182,24.45682,77.31781546,22.68218454,29.33679986,1.112881202,0.285179388,17.89318862,61.45328688,2.926666787,284.9173424,31.90212267,8.905933995,4.711882001,3.779884368,13.00411797,17.71599998,13.7337227,56.20534867,43.79465133,33.68057163,20.29815626,50.12995406,48.41707245,1.880035087,5.583165651,1.888831704,3.998970664,0.468347916,89.87497818,32.08041958,67.91958042,,,,,351.4434856,723.6594424,51.5,239.3333333,0.211065574,39,0.159836066,102,235.1666667,0.433804753,AAA_E27F.xls,AAA_E27,,,,
,AAA_E27_hF_M_s7,23.99864997,12.92197438,185.110254,18.62820706,7.551531461,26.17973852,5.370442916,31.55018143,75.84483741,41.04176937,18.46031217,83.11339322,16.88660678,20.36885103,1.437340695,0.266692802,21.40793243,86.2552728,2.432644836,324.9645555,45.40849684,12.15808939,4.019927357,3.137216327,15.29530572,19.31523308,26.09326376,42.05726441,57.94273559,50.15742132,29.18329308,66.05843666,62.83441423,11.54785417,18.74020559,5.881733226,12.85847237,2.941909514,85.0865807,30.76124101,69.23875899,,,,1.341675815,451.3995267,613.5344048,50.33333333,244,0.206319222,37,0.151678192,99,236,0.423270176,AAA_E27F.xls,AAA_E27,,,,
,AAA_E27_hF_M_s8,15.07990782,10.45629511,143.7329545,12.1788195,6.912846201,18.39911547,3.543448911,21.94256438,68.48729695,47.64798997,12.74300665,83.86471308,16.13528692,19.27459809,1.365622929,0.179349929,21.02962797,73.27891018,2.887784509,277.0077172,39.3172809,6.012023658,3.467299025,1.374602235,7.337929911,10.80522894,30.5969386,26.07333594,73.92666406,39.85382523,30.46428322,49.20448898,48.76375138,8.090192999,12.52960833,3.146970627,9.953421289,1.657881946,75.69876254,23.42833631,76.57166369,,,,0.977204398,439.0904599,709.5936161,45.5,242.3333333,0.188676483,33,0.136829415,88.5,238,0.372637663,AAA_E27F.xls,AAA_E27,,,,
Male,AAA_E28_hF_M_s1,24.87110742,27.6485701,108.5547982,17.37407775,16.73152505,32.82124444,7.49702967,40.31827411,61.49675738,57.18919176,23.90765189,81.31405086,18.68594914,23.01716802,1.478197615,0.369214128,10.05051866,44.20090638,2.269436769,399.7056574,69.26991616,14.18590397,13.87385175,5.725679027,19.911583,32.35584093,33.84813727,49.00648739,50.99351261,56.52541545,49.56690562,88.60063043,80.17891495,18.02587556,22.08040117,8.898015058,14.98117728,4.218001369,81.96658073,37.26262988,62.73737012,,,,1.533627822,1017.659947,367.5172033,58.33333333,242.3333333,0.240646825,30.66666667,0.126519019,102,232.6666667,0.439134513,AAA_E28F.xls,AAA_E28,99,186.6666667,,
,AAA_E28_hF_M_s2,22.81696359,26.69245408,84.66947633,13.05565919,16.93114968,29.98680887,9.761304403,39.74811327,56.99780578,67.72241754,24.75470884,75.27977668,24.72022332,32.87450876,1.130267081,0.279528803,9.848351195,43.68613878,2.243834417,405.1332284,71.98920785,11.86949605,14.90834942,7.308187394,19.17768345,34.08603287,37.90317498,46.83042873,53.16957127,50.89538613,53.98531043,82.84233762,82.4035593,18.38940604,22.92050252,8.293291858,14.62721066,4.104655441,78.3587239,36.50527954,63.49472046,,,,1.293234307,708.5930317,446.5021957,52,243,0.21392663,29.33333333,0.120692119,100,234.3333333,0.426821329,AAA_E28F.xls,AAA_E28,94,174.3333333,,
,AAA_E28_hF_M_s3,17.39249287,27.76415398,62.59135711,9.485704723,19.85736583,29.34307055,7.906788145,37.2498587,46.6170164,74.45083863,22.57832342,78.93214497,21.06785503,26.90727097,1.150957732,0.262901291,11.60974435,45.94848357,2.529052464,350.3174575,70.90933493,8.960414958,16.13009813,6.386877856,15.34729281,31.47739095,39.43194399,44.45340582,55.54659418,52.24359883,57.31519932,91.36930343,88.3835515,15.15249236,18.79637495,5.981807983,12.81456696,2.242964344,83.00523006,31.86952801,68.13047199,,,,1.453837004,973.0920999,394.5608779,51,243.6666667,0.20930311,29,0.119021116,107,234.6666667,0.45605345,AAA_E28F.xls,AAA_E28,96.66666667,171,,
,AAA_E28_hF_M_s4,29.46638966,34.54179888,111.7110266,17.64467719,15.60391419,32.10922787,16.71374765,48.82297552,70.82931533,63.40405014,32.76836158,65.76663452,34.23336548,52.05278592,1.390441244,0.516131703,11.49221079,56.41234571,2.037985412,434.2966228,73.12744563,15.11441705,14.44373056,14.67357188,30.49278092,44.09918393,33.1136221,57.11382114,42.88617886,52.4590679,40.44940225,93.17389138,88.1778988,12.62347534,14.63807042,5.649717514,6.536409291,3.436911488,80.61302398,46.36188023,53.63811977,,,,1.291290527,898.9849656,365.4767475,59,241.3333333,0.244084362,30.5,0.126337449,118.5,233,0.511056397,AAA_E28F.xls,AAA_E28,101,165,,
,AAA_E28_hF_M_s5,20.58832988,32.49177152,62.58117312,11.42722849,23.33067013,34.75789862,9.161101388,43.91900001,46.22284991,73.90745645,26.5400507,79.86969364,20.13030636,25.58035313,1.475249106,0.44991137,13.1662829,46.74809455,2.816188361,308.3422453,75.14011506,10.70815466,20.46192342,8.216774638,18.9249293,39.38685272,35.75326234,52.21576772,47.78423228,53.3629364,60.6206901,95.35589722,92.18126111,17.46183447,20.08113626,8.77499007,11.30614619,4.629665092,86.65671487,45.09271658,54.90728342,,,,1.096283844,854.5148032,491.8249886,58,242,0.240071801,31.66666667,0.130980189,105.5,225.6666667,0.459415584,AAA_E28F.xls,AAA_E28,101.5,184.6666667,,
,AAA_E28_hF_M_s6,22.05625928,30.6799244,85.43162838,14.34909108,20.89225474,37.54805814,9.787669657,47.3357278,55.34049744,65.29760038,28.56169873,79.36190218,20.63809782,26.00699404,1.272344394,0.392864409,13.86996051,53.99714534,2.274666105,384.2744285,69.18255926,13.17117826,17.21784159,10.21537013,28.11580558,45.33364717,29.67517948,60.43775006,39.56224994,60.0145969,51.54130703,90.89005236,88.6950065,15.28694624,18.20805574,8.826644698,7.708603036,5.55490173,79.1745695,53.38078292,46.61921708,,,,0.981911674,675.7597616,487.6533554,54.5,241.6666667,0.224309037,29.5,0.121426636,107.6666667,233,0.463278208,AAA_E28F.xls,AAA_E28,80.5,183.5,,
,AAA_E28_hF_M_s7,,,,,,,,,,,,,,,,,,,,,,,,,,,,,,,,,,,,,,,,,,,,,,,,,,,,,,,,AAA_E28F.xls,AAA_E28,,,,
,AAA_E28_hF_M_s8,,,,,,,,,,,,,,,,,,,,,,,,,,,,,,,,,,,,,,,,,,,,,,,,,,,,,,,,AAA_E28F.xls,AAA_E28,,,,
Male,AAA_E29_hF_M_s1,24.4525189,27.40785649,89.61097014,15.58383805,18.53917565,34.1230137,8.868680847,42.99169454,56.97165074,63.72773239,25.93018769,79.30061687,20.69938313,26.22086786,1.296960217,0.335886186,13.8624614,47.60336984,2.535289,344.7106743,73.23058262,14.25764456,15.96032417,7.27160836,21.52925292,37.48957708,35.74100553,50.96743061,49.03256939,58.07169365,54.91927089,88.6344318,87.6816582,14.12830846,15.79419709,6.66880125,9.125395839,3.437317805,84.22660605,42.36731014,57.63268986,,,,1.341443188,653.7636791,493.1663984,60.66666667,241.6666667,0.250866721,31,0.12824241,127.6666667,235.3333333,0.541966035,AAA_E29F.xls,AAA_E29,113.5,180,,
,AAA_E29_hF_M_s2,20.89990441,28.65813533,83.56538357,11.54581456,15.52773404,27.20196641,9.354089854,36.55605626,57.1722077,68.41613747,22.95507306,74.41165484,25.58834516,34.3875502,1.587339101,0.316330264,15.00141467,53.78556586,2.784655884,305.9903775,68.73505207,,11.7989958,,,,,,,,36.59154425,,,14.15784925,17.35348391,5.701215349,14.17451864,,85.77674467,28.68430093,71.31569907,,,,0.970684066,539.0951827,626.2068356,65.33333333,241,0.271234829,34,0.141105517,124,232,0.537755563,AAA_E29F.xls,AAA_E29,105.3333333,173,,
,AAA_E29_hF_M_s3,24.72573763,26.20714601,94.36029854,16.07771222,17.5591206,33.63683281,8.648025411,42.28485823,58.22801155,61.70633453,25.46644182,80.06565392,19.93434608,25.20100391,1.465443252,0.40993991,14.84018936,50.42065876,2.847859315,300.7202823,70.50307084,13.90385469,14.58530189,6.689995433,20.59385012,35.17915202,35.32391882,49.53468947,50.46531053,56.87330544,53.01587736,87.47754801,82.80137377,13.76068992,15.58435962,6.400805581,9.183554036,3.587052898,82.30983579,41.63044703,58.36955297,,,,1.021994504,538.3569068,620.1801108,60.66666667,241.3333333,0.251617398,31,0.12854375,122,226.3333333,0.539127462,AAA_E29F.xls,AAA_E29,111.6666667,157,,
,AAA_E29_hF_M_s4,27.70948073,21.88300542,130.0299396,18.74999958,12.92352428,31.67352386,8.959481143,40.63300501,68.36802796,53.59480809,24.79624307,78.03716395,21.96283605,28.16255553,1.564184716,0.408573146,12.60953493,51.04644477,2.457124851,357.080977,74.44145586,17.08754193,11.98912277,7.38613793,24.47367986,36.46280263,37.97865323,49.00245618,50.99754382,62.06950438,51.88691391,91.94354492,88.74324845,10.98475018,13.24583883,4.189521818,9.056317015,2.539806718,80.14311518,31.67305923,68.32694077,,,,1.531451646,638.4855707,493.8767738,61,243,0.25101518,32.33333333,0.133142662,120.3333333,236,0.510254078,AAA_E29F.xls,AAA_E29,98,151.6666667,,
,AAA_E29_hF_M_s5,29.14025651,32.18999114,90.79316018,15.26147464,18.31120926,33.5726839,13.87878187,47.45146577,61.50404401,67.82664548,30.66512382,70.66931051,29.33068949,41.75749261,1.387188388,0.425427569,12.18864901,51.0656346,2.396034772,373.4846639,70.33922374,13.39428537,15.75553001,11.28684384,24.68112922,40.43665923,29.90256451,57.4612229,42.5387771,47.06511116,46.6599786,93.18857205,86.5529541,13.87028266,17.91343177,8.25590141,9.657530356,3.880953145,78.79560601,46.21435722,53.78564278,,,,1.704477565,954.6107972,369.5907446,66.66666667,242.3333333,0.275137015,32.33333333,0.133470147,119,233.6666667,0.509312038,AAA_E29F.xls,AAA_E29,102.6666667,180.5,,
,AAA_E29_hF_M_s6,28.16134626,30.53737346,91.26610937,15.99060062,19.10806038,35.61844111,11.42931308,47.04775419,59.29391213,64.98775765,29.23853363,75.71833022,24.28166978,32.06867494,1.266376107,0.365842438,14.38999995,51.39367586,2.792119916,307.4157654,74.24467291,13.93613062,15.92296975,10.00932094,24.23971027,40.16268002,33.25451294,54.525581,45.474419,49.32012554,50.95184617,94.77053865,86.55926906,10.60317419,12.46150569,5.33198276,7.124045664,3.110358516,83.86023582,42.85796274,57.14203726,,,,1.027658143,687.5983761,563.3807209,61.5,241.6666667,0.253656214,34,0.140186042,128.3333333,229.6666667,0.558802144,AAA_E29F.xls,AAA_E29,103.3333333,175.3333333,,
,AAA_E29_hF_M_s7,24.89696634,21.77327306,114.4844163,16.67535174,13.55165846,30.22701019,8.221614601,38.44862479,64.70700332,56.67410533,23.3351197,78.61889136,21.38110864,27.436972,1.234014125,0.28743533,14.21044453,51.97800515,2.735675752,313.6966617,73.51137618,13.41845245,11.60927808,7.708867196,21.12731965,32.73659773,40.77477846,44.52982859,55.47017141,55.65822432,50.53862693,93.81984773,87.41402471,11.2067026,16.17720259,4.927824788,11.2493778,3.459432554,83.21174983,30.46153846,69.53846154,,,,1.167327481,602.8251743,511.5216412,57,242.6666667,0.234972678,31.33333333,0.129075592,100.6666667,238,0.423155401,AAA_E29F.xls,AAA_E29,99.66666667,153,,
,AAA_E29_hF_M_s8,24.58440792,18.27672172,134.057971,18.6948023,12.79214709,31.80897476,5.484574634,37.29354939,65.6987675,49.00772927,21.38906201,85.29350324,14.70649676,17.24222386,1.386370284,0.2965316,11.6543533,51.86973209,2.244160198,395.7623452,64.00497792,14.24007839,10.13555625,4.799002805,18.18323465,28.3187909,35.51729511,44.36172809,55.63827191,57.91211692,54.00581154,90.58823529,74.21303657,11.26032127,16.5325409,7.40105952,9.153942038,4.019943908,71.7721494,44.70588235,55.29411765,,,,1.532539947,946.0839289,351.7520334,56,245,0.228571429,31,0.126530612,97,238.3333333,0.404166667,AAA_E29F.xls,AAA_E29,98,151.6666667,,
Male,AAA_E30_hF_M_s1,18.76008049,15.11209736,126.8865284,13.70589329,10.05791016,23.76380345,5.054187201,28.81799065,64.54398004,51.72722268,16.93608893,83.72879729,16.27120271,20.15070216,1.362497564,0.220181597,17.55950823,54.36501086,3.202194949,262.0258975,56.66928945,10.04116291,7.140065605,3.0475978,13.08876071,20.22882632,36.44046313,35.56226477,64.43773523,54.92788821,47.33476521,68.58469892,70.32391874,15.80040594,14.57627119,4.393220339,10.18305085,2.522033898,80.89355221,30.13953488,69.86046512,,,,1.081259006,491.9092445,572.5153657,44,243.3333333,0.180745467,27,0.110884886,81.33333333,237.6666667,0.342308838,AAA_E30F_v2.xls,AAA_E30,72,153.5,21.13360268,22.92555301
,AAA_E30_hF_M_s2,13.83092969,,,13.82407381,,,,,,,,,,,,,16.52654359,47.51187047,3.505390658,238.4674325,51.44838261,10.30658011,,,,,,,,70.93989072,,,,10.21705741,14.45501454,,,,84.57266587,,,,,,0.797269737,459.7240968,678.1075045,42.66666667,244,0.174960658,24.33333333,0.099772715,,242,,AAA_E30F_v2.xls,AAA_E30,73.33333333,146.5,22.44096761,22.97625652
,AAA_E30_hF_M_s3,19.31167617,20.75012827,123.4002276,13.48419663,12.54090413,28.0169727,8.209224142,36.22619684,65.7210737,54.25730413,22.21771049,80.02162217,19.97837783,25.7347991,1.647706183,0.407828921,15.60556645,52.95188997,2.892379074,305.4739223,44.96262769,9.078265962,9.088935574,6.199692739,16.84018254,25.92911811,22.79312103,48.05212243,51.94787757,48.2247712,38.1066554,70.96903088,65.88821567,9.011185131,14.74846367,6.105934282,6.70671898,3.390142227,75.69635313,47.65550239,52.34449761,,,,0.812529535,463.7018433,566.8198727,43.66666667,244,0.178960441,28.33333333,0.116114366,83.33333333,238,0.350545388,AAA_E30F_v2.xls,AAA_E30,69.33333333,153,20.02156084,25.10499408
,AAA_E30_hF_M_s4,13.90914202,28.59695566,78.77806063,10.07847577,19.2918597,32.5148908,9.305095963,41.81998676,53.86928311,68.38107295,25.56254136,77.74964393,22.25035607,28.61795237,1.648055049,0.396883876,13.98453079,50.25188986,2.782886541,309.0872299,41.76839686,6.847942247,11.68100596,6.300463269,16.18133686,27.86234282,25.29450695,52.41533865,47.58466135,42.27891947,39.27458834,78.61271676,71.82726204,6.915229354,13.20990577,3.084050298,7.643944408,1.489080079,63.5599669,28.74768661,71.25231339,,,,1.063277195,416.8750147,417.9060141,45,243,0.185343228,26,0.107050093,80.33333333,232,0.347611379,AAA_E30F_v2.xls,AAA_E30,79,152,21.52162029,23.54372041
,AAA_E30_hF_M_s5,18.52324695,27.42039485,67.96198763,11.98846367,20.88561157,32.87407523,6.534783281,39.40885851,47.03027934,69.45504825,22.9718209,83.51467241,16.48532759,19.83050342,1.224713382,0.281069971,18.76789716,60.36775336,3.641367055,223.0813363,51.02520958,8.46450896,13.80585214,3.613426344,12.0779353,25.88378744,25.14142214,50.79045377,49.20954623,48.68515122,48.91862958,78.36403765,69.46437138,5.141579286,8.781903729,4.211452915,4.570450814,1.595211813,91.4733461,48.43861629,51.56138371,,,,0.845593474,655.2414301,521.4694748,60,241.3333333,0.248853838,30,0.124340824,98.66666667,231,0.426984338,AAA_E30F_v2.xls,AAA_E30,102.5,143.3333333,31.18858494,24.42208444
,AAA_E30_hF_M_s6,30.40272012,25.25156896,120.4460126,18.49282781,13.34167665,31.83450445,11.90989232,43.74439677,69.42981206,57.75394053,27.82714454,72.81624741,27.18375259,37.41134053,1.470348248,0.410487895,14.70620041,50.82953471,2.92882079,296.7875026,55.7057092,13.52654321,8.684710987,8.213780674,21.74032388,30.42503487,25.28067433,54.59490262,45.40509738,44.12325225,32.13253481,71.44756492,70.92918798,3.168389722,4.450683964,1.770409654,2.680274311,1.047572354,88.50806176,38.42795528,61.57204472,,,,0.950647174,480.1529898,497.8628028,64,238,0.269410534,31.66666667,0.133234508,100.6666667,228.6666667,0.441453684,AAA_E30F_v2.xls,AAA_E30,101,136.8333333,33.13272067,24.52658553
,AAA_E30_hF_M_s7,27.95960469,26.12532076,109.5276005,16.73847177,14.90418783,31.6426596,11.22113292,42.86379252,65.34653279,60.37915458,27.04246272,74.27431264,25.72568736,35.34185412,1.688054582,0.460616486,10.86647302,50.73190703,2.221892625,421.4053819,53.26034524,11.66157324,9.833803362,8.268507707,19.93008095,29.76388431,23.49646093,55.45600223,44.54399777,41.52501592,33.99657608,74.72457754,70.55831563,2.450580676,3.36331388,1.443617974,1.919695906,0.743966991,83.49805474,42.67938701,57.32061299,,,,0.942968724,477.7059391,584.9360967,65.33333333,237.3333333,0.27570153,29.66666667,0.125314367,118.5,219.3333333,0.55414907,AAA_E30F_v2.xls,AAA_E30,102,140.3333333,32.4911732,23.26027809
,AAA_E30_hF_M_s8,28.01063062,26.08152402,96.63963621,17.17954643,17.83821696,34.74007638,8.243307063,42.98338344,58.57360969,60.63904942,25.61334525,80.7873409,19.2126591,23.79060313,1.623278328,0.374577234,16.22393593,56.14335795,2.834122138,300.5051582,60.89600508,13.05570712,11.9844854,6.414073053,19.46507107,31.44955647,28.15300671,52.71978185,47.28021815,47.51815601,43.83457145,79.01853233,77.45072871,5.388092296,6.423155569,2.985695592,2.914918498,1.373255521,84.84751876,50.69660638,49.30339362,,,,0.953235601,602.5911235,542.5069152,57,241.6666667,0.233171629,29.5,0.120675811,105,226.6666667,0.467600475,AAA_E30F_v2.xls,AAA_E30,94,139.6666667,34.19289834,22.97563325
Male,AAA_E31_hF_M_s1,23.19300646,17.3758639,145.060217,17.87597118,11.06936414,29.54252979,6.306499759,35.84902955,69.43922481,48.10272546,21.07776465,82.45804973,17.54195027,21.27610864,1.194759151,0.241452079,13.16918321,54.42007296,2.388273504,365.1858873,55.18978295,13.00172209,8.48386135,4.800306294,18.5484595,27.03232085,30.38543036,46.93172585,53.06827415,56.17065352,45.27007124,85.96731402,74.72082523,14.69948863,22.71111108,8.809209931,14.50034196,4.483390834,74.01676563,37.89075274,62.10924726,,,,1.308482318,652.1788207,526.06607,50,243.3333333,0.2054746,27.33333333,0.112331062,71.16666667,236.6666667,0.300866452,AAA_E31F_v2.xls,AAA_E31,77.66666667,188,,
,AAA_E31_hF_M_s2,24.77847411,22.45819059,111.9585059,16.85137667,14.53109314,31.38246981,7.927097444,39.30956725,63.03902947,56.58383658,23.61833235,80.37713395,19.62286605,24.93808732,1.313856903,0.309243874,12.06265103,47.43311955,2.680255498,325.7976159,57.76284702,12.68648505,10.38600241,6.087271608,18.77375665,29.15975906,28.60308796,49.83298163,50.16701837,51.10342145,44.55111071,78.97134404,74.67147569,17.50810292,24.59118334,9.604119068,14.98706428,4.692247061,74.9916247,38.62977823,61.37022177,,,,1.052656262,510.4888141,578.3577102,50.66666667,243,0.208484683,29,0.119325999,75.5,238.6666667,0.316437122,AAA_E31F_v2.xls,AAA_E31,80.66666667,177.6666667,,
,AAA_E31_hF_M_s3,18.71663953,17.41997418,109.7035169,13.62811344,11.35464052,24.03272188,6.065333662,30.09805554,62.38206143,57.70843098,18.0816946,79.9095076,20.0904924,25.22142963,1.590046633,0.287279633,10.920076,46.07621754,2.385506422,389.3997618,42.57922048,9.295715538,5.609343273,4.058295246,13.13482781,18.74417108,23.50963158,44.36046496,55.63953504,49.56073873,29.85027337,71.24011251,70.00423607,11.5146428,20.38445505,5.538141171,13.95657019,2.610625634,70.56625248,28.2025519,71.7974481,,,,1.246193832,552.5729915,533.7362873,49.66666667,244.3333333,0.203284265,28,0.11459797,68.66666667,236.3333333,0.291306408,AAA_E31F_v2.xls,AAA_E31,76,184.5,,
,AAA_E31_hF_M_s4,22.06670986,17.2350818,113.0841121,18.33003683,13.64235845,30.43813936,4.584057132,35.02219649,60.01653348,53.07247176,19.80312681,86.91099476,13.08900524,15.06024096,1.301078806,0.261487626,14.63542808,42.02141504,3.310313701,260.0647587,47.47367325,11.98261546,7.960164863,3.532136653,13.09592743,20.86469793,28.1895387,42.53393665,57.46606335,53.90287754,42.10150001,82.99319728,62.30486685,13.69576926,21.67111167,8.154796371,11.87994596,3.493534067,77.5950743,40.70327553,59.29672447,,,,1.316623153,590.953242,511.7293567,49,245,0.200056877,27.66666667,0.112967982,73.33333333,240.6666667,0.304660239,AAA_E31F_v2.xls,AAA_E31,74.66666667,169,,
,AAA_E31_hF_M_s5,30.77177792,32.55744182,95.0870757,18.13166995,19.91733385,38.0490038,12.64010797,50.68911177,60.8382769,64.15415616,31.66460987,75.00756695,24.99243305,33.53928162,1.4303869,0.465128996,12.76346455,48.43572093,2.473277564,367.4376347,60.22786027,13.80334206,12.76358311,9.846069582,23.64941165,36.41299476,23.81486552,60.81514454,39.18485546,45.30510626,37.68511502,80.71547574,77.35507137,19.29295554,21.72235023,11.23847926,10.48387097,4.544930876,87.34592492,51.7369398,48.2630602,,,,1.269874922,593.9553355,532.8849922,60.5,242,0.248971193,29,0.119341564,100.6666667,229,0.439992029,AAA_E31F_v2.xls,AAA_E31,94,191,,
,AAA_E31_hF_M_s6,23.56619684,33.43597756,70.34209205,11.79332377,21.66310448,33.45642825,11.77287307,45.22930132,51.99676486,73.97499129,28.5010872,74.02824385,25.97175615,35.14030192,1.456797796,0.420446229,10.49951827,49.19884536,2.148437976,418.9769278,63.78205128,9.591932458,17.12007505,8.505315822,18.09724828,35.21732333,28.56472795,55.21509989,44.78490011,45.66430964,49.87474379,91.27516779,86.15556383,13.25046904,20.70814809,8.077017749,12.63113035,3.963414634,79.02358874,39.44129295,60.55870705,,,,1.17155766,537.9375001,501.9114661,54.33333333,241,0.225482381,28.66666667,0.119000075,92.33333333,236.3333333,0.390865832,AAA_E31F_v2.xls,AAA_E31,94,178.6666667,,
,AAA_E31_hF_M_s7,28.75675891,30.3667903,95.68236025,16.99400489,18.60403628,35.59804117,11.76275402,47.36079519,60.86375805,63.86922493,29.56177461,75.26701702,24.73298298,32.89778797,1.428051378,0.428459264,11.60601139,47.96376102,2.415157378,366.2983617,52.27888212,11.38366941,11.0010261,8.516893243,19.90056265,30.90158875,21.37729337,59.34326968,40.65673032,39.85231617,35.59367026,77.08557657,69.44951262,15.71798233,22.24393596,10.98725788,11.25667809,4.736713209,79.32267224,49.60790334,50.39209666,,,,1.38009336,564.4736329,542.75575,59,242,0.242819401,30,0.123458881,96,231,0.401680672,AAA_E31F_v2.xls,AAA_E31,93,183,,
,AAA_E31_hF_M_s8,32.33036157,34.93375053,86.98983841,17.26102031,19.23620847,39.35735513,15.06934126,54.42669638,59.40166079,68.28574679,34.74801882,72.31259242,27.68740758,38.28850087,1.52492019,0.599487814,12.57338254,46.96454248,2.675431519,328.9436215,56.93739168,,10.33414149,,,,,,,,30.12367161,,,13.81317105,21.60938135,,,,76.01598413,,,,,,1.365533659,588.3702734,,60,242,0.245922567,32,0.131132947,92,232.6666667,0.394324602,AAA_E31F_v2.xls,AAA_E31,89.5,186.5,,
Male,AAA_E32_hF_M_s1,27.35408701,26.80262786,101.980855,15.77155411,15.22009496,30.99164907,11.5825329,42.57418197,64.11010234,63.17220647,27.07835744,72.71769119,27.28230881,37.65393708,1.443031192,0.412653688,,53.8205232,,,64.97208375,14.1991226,11.86966963,8.924364597,23.12348719,34.99315683,29.97892693,53.86512535,46.13487465,51.42718193,42.39671751,88.49803547,84.26572058,21.96120952,28.98993887,11.41418753,17.57575133,5.100086545,79.64458375,39.58726163,60.41273837,,,,1.412804091,643.0395672,486.3010178,53.66666667,243.3333333,0.220563764,28,0.115068924,85,238.3333333,0.356602861,AAA_E32F_v2.xls,AAA_E32,86,184.5,,
,AAA_E32_hF_M_s2,23.94915351,27.44020678,87.6207764,14.55010191,18.04115518,32.59125708,9.399051602,41.99030869,57.11273871,65.31320982,25.69468014,77.57405147,22.42594853,28.98247444,1.559719239,0.390514286,7.850332969,43.42435537,1.805419747,514.545362,52.57510421,10.92622323,11.35943845,7.422213142,18.34843637,29.70787482,25.22506334,54.09072455,45.90927545,45.82353753,38.92257145,83.50647486,76.71117357,11.92189522,22.42236358,10.05722213,12.92699844,4.785850529,67.18347713,43.7570728,56.2429272,,,,1.363460424,726.2477192,366.426946,53.66666667,244.3333333,0.219621205,27.33333333,0.111829068,88,239.6666667,0.367148734,AAA_E32F_v2.xls,AAA_E32,78.66666667,174,,
,AAA_E32_hF_M_s3,,27.23758402,,,20.44450827,,,,,,,,,,1.431382607,,10.82739984,43.58831151,2.492231465,358.3804301,64.42079084,,15.96833366,,,,,,,,54.72681597,,,25.01813212,31.72667642,,,,82.6731295,,,,,,1.139006297,591.1984903,431.7835049,48.66666667,244,0.199483727,28.66666667,0.117482048,98,232,0.422769677,AAA_E32F_v2.xls,AAA_E32,87.66666667,198.6666667,,
,AAA_E32_hF_M_s4,28.79373015,23.69404647,121.0482906,19.57529169,14.47560801,34.05089971,9.218438455,43.26933816,66.20101877,54.73650681,26.24388831,79.06247442,20.93752558,26.79262201,1.496079994,0.397439702,7.426457553,38.42286592,1.938076471,478.9979183,63.74356732,16.2702448,9.705638878,8.030814202,24.30105901,34.00669789,29.73686944,53.01101799,46.98898201,56.99509738,38.99651003,88.17837738,84.0803379,27.56888985,36.27431241,15.0575105,21.2168019,7.351185646,71.74169289,41.48306191,58.51693809,,,,1.814071973,769.3089058,446.7866333,53,242.6666667,0.218462153,31,0.127770083,87,237.3333333,0.366620609,AAA_E32F_v2.xls,AAA_E32,78.66666667,200.6666667,,
,AAA_E32_hF_M_s5,28.36008101,31.48373646,91.38548144,15.7545368,19.42258332,36.15640293,12.06115314,48.21755607,59.5419272,65.13368161,30.1393546,75.32439119,24.67560881,33.46993426,1.468019597,0.588714627,8.459488589,43.57871805,1.949257486,472.7013142,44.18296045,9.269481961,9.547442799,9.757738896,19.11170929,28.65915209,16.74798116,63.11596888,36.88403112,31.34516619,26.762556,63.87665198,59.8209584,12.43114911,27.7392856,13.32976877,15.68906538,4.660161507,77.53359009,46.12181549,53.87818451,,,,1.650516081,725.8872214,390.6373239,56,243.6666667,0.229508197,31,0.12704918,100.5,235,0.426866883,AAA_E32F_v2.xls,AAA_E32,83,183.5,,
,AAA_E32_hF_M_s6,32.05003251,33.885236,89.88375487,18.38755098,21.2339961,39.04485865,12.6512399,51.69609854,58.92994205,65.5476394,32.17366922,75.52241854,24.47758146,32.62439576,1.440217981,0.44972387,9.874085877,44.69617148,2.482875389,362.9954004,73.66572747,16.09434681,16.82213128,10.83435152,26.65974349,43.48187477,27.7617978,61.02832857,38.97167143,50.41978978,48.11054436,89.539393,87.4427328,17.98401772,22.40064505,9.893932532,10.32957573,5.609068199,76.56904635,48.65497836,51.34502164,,,,1.298051404,634.7171889,507.9578485,60,243.3333333,0.245901639,32,0.131147541,88,233.6666667,0.37294162,AAA_E32F_v2.xls,AAA_E32,90,194.6666667,,
,AAA_E32_hF_M_s7,34.34408227,32.73798287,105.5088824,19.33378749,17.72768809,37.06147558,15.01029478,52.07177036,66.15120527,62.76583403,33.54103257,71.0829607,28.9170393,40.74494999,1.334798807,0.450833682,9.966103985,46.83713458,2.425965515,366.3560449,76.13045556,17.34027095,14.9110054,13.10990714,30.45017809,45.36118349,30.76927206,59.47737074,40.52262926,50.46613513,43.99765575,91.71508001,88.63434389,25.94079266,26.81946136,14.39174631,12.42771505,8.383905351,81.4380478,53.65671495,46.34328505,,,,1.380438466,717.6522576,441.0009271,60.5,241.6666667,0.249119361,31.5,0.129640293,91.66666667,234.6666667,0.390808106,AAA_E32F_v2.xls,AAA_E32,82,207,,
,AAA_E32_hF_M_s8,31.27821885,30.17583015,105.5006455,17.71322334,16.61083465,34.32405799,13.5649955,47.88905349,65.67173279,62.69682623,30.7270245,71.63144098,28.36855902,39.94981096,1.613183174,0.493239206,10.95974202,50.23569465,2.182966212,410.5077701,,,,,,,,,,,,,,,26.84480878,11.13823999,15.70656879,,74.61423151,41.27736781,58.72263219,,,,1.739735128,772.9377205,333.001538,59.5,243,0.244417459,32.5,0.133500304,76.5,236.3333333,0.326973684,AAA_E32F_v2.xls,AAA_E32,86.5,197.6666667,,
Male,AAA_E33_hF_M_s1,32.92806376,29.38468324,112.7172483,20.50603526,16.96265475,37.46869001,12.42202849,49.89071851,66.0303146,58.71068179,31.1563735,75.2590036,24.7409964,32.98117391,1.102447389,0.365047418,10.51234837,45.06936806,2.348470761,382.1564021,46.21648227,11.48332421,8.971748502,7.851984151,19.33530836,28.30705686,17.90942541,61.06623693,38.93376307,34.9266137,29.50152079,68.15198316,58.58434057,12.77049375,25.97280482,12.98103579,12.99176904,4.581623187,78.98005604,49.97062748,50.02937252,,,,1.438333418,723.0870532,407.9047474,61,244,0.250092291,31.66666667,0.129816437,85.5,234,0.363861924,AAA_E33F_v2.xls,AAA_E33,97,173.3333333,36.39542754,25.6433072
,AAA_E33_hF_M_s2,,27.27547795,,,27.27547795,,,,,,,,,,,,9.931989508,45.0178279,2.204552304,409.2045436,46.32119939,,15.87124405,,,,,,,,57.84031634,,,15.74188076,26.80550049,,,,74.8895084,,,,,,1.121319826,704.1832299,470.8254729,,240.6666667,,,,92,230.6666667,0.399229891,AAA_E33F_v2.xls,AAA_E33,103,184.3333333,36.86271593,25.26011044
,AAA_E33_hF_M_s3,31.15929737,29.80645002,114.3853127,18.85140641,15.70858352,35.79505885,14.0978665,49.89292535,68.42765937,59.88345781,31.99539592,71.68888282,28.31111718,39.50124744,1.391960034,0.419555354,10.32807498,47.94792384,2.15769726,415.8122272,50.56847039,11.35743059,10.79626405,8.42171917,20.54772835,31.3439924,24.53696375,56.09065156,43.90934844,40.92501483,37.10554951,66.37554585,67.23646724,11.39973162,19.90429628,12.34451964,9.04171684,3.933829349,73.79205666,56.44633366,43.55366634,,,,1.179213718,603.9535432,524.4840601,63,238.6666667,0.26456157,30.5,0.127888572,86.66666667,232.3333333,0.373549373,AAA_E33F_v2.xls,AAA_E33,102.5,178,37.80391283,25.12678005
,AAA_E33_hF_M_s4,30.88991095,25.6226751,120.525555,18.40575249,13.13851665,31.54426914,12.48415846,44.02842759,70.06450807,58.14705106,28.25629302,71.78844087,28.21155913,39.38550618,1.54758464,0.467468037,10.88884024,57.06757747,1.905580689,472.1565145,50.27471647,11.96895416,8.479689487,8.612466652,20.58142081,29.0611103,21.21360617,57.74229595,42.25770405,38.98627913,30.4526116,73.83203206,66.71664587,15.34791048,24.85178459,11.62861243,13.22317216,6.221980058,72.25257953,46.84743186,53.15256814,,,,,889.1644918,,59.66666667,241,0.247764408,32.33333333,0.13417027,104.6666667,239.6666667,0.436638775,AAA_E33F_v2.xls,AAA_E33,95,188.3333333,33.61563635,24.18817346
,AAA_E33_hF_M_s5,43.35020848,33.77331758,128.334301,25.50163014,15.92473923,41.42636937,17.84857834,59.27494772,73.09640479,56.98592646,38.56176303,69.91766875,30.08233125,43.16130204,1.183971746,0.457149089,12.34368615,56.44213281,2.186963096,400.8129538,58.88157895,17.92763158,11.24226006,11.91950464,29.84713622,41.08939628,17.79218266,69.78310877,30.21689123,44.52186449,32.87128713,83.07484828,74.12301778,18.77902477,29.52329852,16.84027849,12.68302002,8.581656347,82.34041602,57.15008702,42.84991298,,,,1.147350371,766.777906,531.8817387,65.33333333,236.6666667,0.276220132,31.66666667,0.133948185,103.6666667,231.3333333,0.448701723,AAA_E33F_v2.xls,AAA_E33,102.3333333,189.3333333,36.90700476,28.41557218
,AAA_E33_hF_M_s6,31.90772432,35.54158607,82.70165209,17.02296234,21.79469467,37.44128212,13.74689141,51.18817353,57.42240216,69.43319838,32.46753247,73.14439946,26.85560054,36.71586716,1.324414817,0.429587639,12.03003177,46.09131632,2.607733864,338.32894,46.00682015,10.23493001,10.85935341,9.567560099,19.79828682,30.65764023,15.41862393,66.53673163,33.46326837,32.43408704,27.72486772,71.79885951,67.3560517,10.81300493,21.77160764,13.1735286,11.6814037,3.882287925,86.8204005,53.00166759,46.99833241,,,,1.337117192,695.0005237,477.2075741,65.33333333,241.3333333,0.270740116,36.66666667,0.151869918,93.33333333,234.3333333,0.398239958,AAA_E33F_v2.xls,AAA_E33,110,178,38.39267835,27.94282507
,AAA_E33_hF_M_s7,34.92466142,27.51967883,137.8897787,21.70277577,12.57861308,35.34925129,14.94106575,50.29031704,75.13866662,54.60294394,32.61569139,70.25838944,29.74161056,42.33837189,1.312450896,0.397695448,11.39855289,44.28608178,2.567343722,346.029688,43.20158405,12.91986371,6.091794224,8.609212683,21.5290764,27.62087062,15.58071343,63.9721169,36.0278831,34.42367701,20.94810168,60.34337729,57.28860956,8.928041963,19.63125283,10.38990479,9.241348043,4.73024029,79.97382199,52.92532717,47.07467283,,,,1.191403457,643.6012278,529.3995862,63.5,238.3333333,0.262885802,33.5,0.138631687,75,226.3333333,0.330396476,AAA_E33F_v2.xls,AAA_E33,99.5,170,35.34325911,26.703133
,AAA_E33_hF_M_s8,,,,,,,,,,,,,,,,,,,,,,,,,,,,,,,,,,,,,,,,,,,,,,,,,,,,,,,,AAA_E33F_v2.xls,AAA_E33,,,,
Male,AAA_E34_hF_M_s1,23.88294404,26.22205339,81.49307761,12.85349,16.99436096,28.86566691,9.22769243,38.09335934,55.28623397,69.11043575,23.66052588,75.60333028,24.39666972,32.82607801,1.39343865,0.3171504,13.18610204,54.49934003,2.265050604,393.1052725,62.76876772,11.99970312,12.80840694,5.734084679,17.68199817,30.49040512,31.16052391,49.45652174,50.54347826,46.50617479,49.05220181,80.62098501,77.09163347,19.40185774,23.82075836,10.44604881,14.40450807,4.62229668,79.08660561,43.18329542,56.81670458,,,,1.282723728,807.7571844,456.3362691,55.5,242.6666667,0.228871204,30,0.123694861,93.33333333,239.3333333,0.390278167,AAA_E34F_v2.xls,AAA_E34,93.5,182,27.45511907,24.26519637
,AAA_E34_hF_M_s2,21.44395049,26.40096295,108.7639311,15.70288404,16.17627391,34.66631002,10.22468905,44.89099906,63.96544019,58.81126173,27.55784406,77.22329808,22.77670192,29.49459877,1.686686687,0.474257192,11.43859516,45.42883779,2.575206816,346.5547781,62.91239722,12.65874828,12.17065668,8.051357496,23.53885248,35.70950916,31.67045607,52.99722112,47.00277888,57.43127677,43.11774461,82.80605227,81.97484863,21.83746616,26.90597156,11.44844189,15.54767955,6.707235522,74.87297129,42.40772851,57.59227149,,,,1.114830079,619.0621721,495.7427715,51.33333333,243.6666667,0.210699588,27.33333333,0.112202906,83.5,238.6666667,0.348666318,AAA_E34F_v2.xls,AAA_E34,91.66666667,191.3333333,27.44196558,25.19281001
,AAA_E34_hF_M_s3,23.37677183,18.80163981,,11.59122085,14.06735709,,,,,,,,,,1.572235474,,11.57260335,47.88699118,2.509996241,354.0983146,62.76112935,9.939414723,10.57198345,,,,,,,42.51833741,55.58066852,,,14.79853483,18.28268693,,,,81.52072583,,,,,,1.191442812,586.7808002,533.7554128,52.5,243.3333333,0.214687186,29,0.118593175,80.33333333,234.3333333,0.342742555,AAA_E34F_v2.xls,AAA_E34,85.5,169,25.52625897,23.28914633
,AAA_E34_hF_M_s4,20.99758604,22.68969321,103.2386933,14.20752386,14.45150259,28.8722011,8.238190612,37.11039171,61.59789889,60.32974894,22.67429116,78.07235217,21.92764783,28.14368427,1.384386447,0.396086824,14.16784655,51.6588202,2.582656963,335.5393305,63.97850397,12.23613908,6.161971831,4.48943662,16.32293763,22.48490946,37.38682093,37.55513548,62.44486452,65.15954995,33.10810811,72.26720648,81.125,17.36921934,29.70343343,10.29202739,15.91290864,,77.6529917,39.27514793,60.72485207,,,,1.310150721,726.8485477,470.9280828,50,240.6666667,0.207919286,25.66666667,0.106548337,95.66666667,232,0.413631088,AAA_E34F_v2.xls,AAA_E34,92.33333333,195.6666667,25.09425029,26.47411006
,AAA_E34_hF_M_s5,23.33185619,23.27995352,101.8370542,14.62613507,14.57423239,29.20036746,8.705721122,37.90608858,61.76253732,61.17325987,23.30590485,77.06420281,22.93579719,29.76791263,1.493844144,0.344335125,8.942990274,41.25700515,2.148460367,435.325882,66.81853527,12.61148554,12.00784417,6.959259524,19.57074506,31.57858924,35.23994603,47.24419475,52.75580525,54.23761185,49.80838696,90.97879539,83.86937989,22.47246977,24.10278422,9.633159622,14.4696246,4.111198386,82.42598192,39.41775166,60.58224834,,,,1.484047981,684.2900617,337.6346243,49.66666667,244,0.203559737,28.66666667,0.117487624,86.66666667,236,0.367250893,AAA_E34F_v2.xls,AAA_E34,89.66666667,182,26.63634654,24.93135721
,AAA_E34_hF_M_s6,30.53725036,21.22168994,156.9828554,21.0908084,11.58430603,31.30751967,9.446441953,40.75396163,75.0016276,48.16330573,25.10020179,76.83506667,23.16493333,30.15643434,1.689763674,0.411767869,6.994638111,36.17583935,1.928626056,484.0076542,68.55870386,17.8212215,9.295292251,7.742661748,25.56388324,33.45935271,32.69539602,50.5909026,49.4090974,58.35376014,41.54413257,86.27707986,83.70468377,19.7688131,25.48763088,9.454324171,17.75943079,5.633702429,72.36323405,34.84797481,65.15202519,,,,1.246640238,706.7757444,383.0698625,49.5,243.3333333,0.202475744,29,0.118609903,81.66666667,238,0.343111614,AAA_E34F_v2.xls,AAA_E34,83,183.3333333,24.9782303,23.98054218
,AAA_E34_hF_M_s7,27.07854675,23.09054308,116.4913189,17.60944463,13.62144096,31.23088559,9.469102117,40.69998771,66.05665343,56.70535231,25.08454491,77.23799426,22.76200574,29.86937025,1.586860702,0.410055815,10.2422129,44.3447722,2.288070447,422.709705,68.1605622,14.90667298,10.44698444,8.177178543,23.08385153,33.53083596,34.62972624,48.81835311,51.18164689,55.41916133,44.35670624,90.80109549,84.91154054,20.11016422,23.99104538,9.28394254,14.70710284,5.429169603,80.96121489,39.29326866,60.70673134,,,,1.14923494,627.7170709,470.6593139,53.33333333,243.3333333,0.219208887,28.66666667,0.117829274,93,238,0.390765428,AAA_E34F_v2.xls,AAA_E34,93,188,28.59012478,24.725031
,AAA_E34_hF_M_s8,29.05857775,21.01869561,141.2650419,19.26484763,11.2249655,30.48981313,9.793730112,40.28354324,72.17823674,52.08464111,25.03863668,75.73712215,24.26287785,32.41281233,1.386647463,0.347018227,5.932973928,39.31422169,1.50736452,630.1028477,65.0593556,15.33127028,7.638506762,7.836494783,23.16776506,30.80627182,34.25308378,47.41475636,52.58524364,52.70986747,34.91233427,85.65572184,79.76501513,18.11515946,23.92415108,8.048042503,15.87610857,4.613679078,70.22705445,33.79397556,66.20602444,,,,1.686335503,671.1143286,376.1332923,53.33333333,243,0.219548557,30.33333333,0.124827109,91.66666667,236,0.389535703,AAA_E34F_v2.xls,AAA_E34,88.33333333,190.5,26.8118191,23.633754
Male,AAA_E35_hF_M_s1,31.53994097,28.04205648,112.7851558,19.58982972,16.09194523,35.68177495,11.95011125,47.63188621,66.08964741,58.69625045,29.79099873,75.21410214,24.78589786,33.16179303,1.248462779,0.37725049,14.44988037,45.41090177,2.845116953,305.2597769,46.91064518,12.17548616,8.370148898,8.451636915,20.62712307,28.99727197,17.91337321,61.10728352,38.89271648,38.33572993,28.19938898,72.79893986,64.58001292,10.23366842,16.83612197,9.151489845,7.684632127,3.89537549,92.31922378,52.98638627,47.01361373,,,,1.230351717,611.5444151,487.3555285,57.33333333,240.3333333,0.238603679,31,0.128977934,95,236.3333333,0.401994223,AAA_E35F_v2.xls,AAA_E35,82.66666667,162,29.10804773,24.7738176
,AAA_E35_hF_M_s2,28.2254696,24.31036473,116.6044951,19.08962822,15.17452335,34.26415158,9.135841374,43.39999295,65.03575727,55.91996912,26.26791716,79.04427361,20.95572639,26.5581962,1.190174531,0.324449993,14.73578567,45.68725423,3.076730795,279.6219342,41.95857932,11.34323125,6.904141174,5.678490076,17.02172133,23.9258625,18.03271682,56.89931845,43.10068155,40.34600337,27.10148068,69.99042735,60.2554111,8.104445703,13.23912921,6.75163242,6.487496791,2.902300015,91.35119235,50.8906957,49.1093043,,,,0.925076618,581.4876246,610.0890629,59,240.6666667,0.24534239,28.33333333,0.117772741,85.66666667,232,0.369321726,AAA_E35F_v2.xls,AAA_E35,85,165.3333333,30.25150777,25.38163619
,AAA_E35_hF_M_s3,33.95302237,27.79638469,134.7334504,22.61814422,13.77795014,36.95302476,14.01843455,50.97145931,73.04467599,54.42551708,32.49494693,72.52980694,27.47019306,37.89221638,1.118975668,0.354274828,11.51446687,45.16140037,2.547692371,347.4515089,50.18516662,13.54481759,8.288069954,10.76655777,24.94177748,33.22984744,19.93377443,62.50363603,37.49636397,40.31281601,29.0481198,79.577783,67.05474635,7.703659635,13.07838589,6.84086515,5.454948041,3.436852059,83.96212849,55.55926969,44.44073031,,,,1.012344741,528.4825221,526.3587707,59.33333333,244,0.243216852,29.33333333,0.120242306,85,232.3333333,0.365821599,AAA_E35F_v2.xls,AAA_E35,77,151,26.8880188,22.7049128
,AAA_E35_hF_M_s4,22.98612447,22.47456231,102.5064507,14.04836703,13.53680487,27.5851719,8.93775744,36.52292934,62.96572325,61.48558837,22.73034339,75.54868839,24.45131161,32.37388588,1.040005636,0.251544399,12.91928134,45.02865055,2.876950142,304.1207437,52.39854939,8.956190399,9.039085394,6.728580209,15.68477061,24.723856,29.38939728,45.68817524,54.31182476,39.01210917,39.26966964,79.717067,68.25021105,9.842632508,17.93877009,6.478312169,11.08474123,2.714614808,81.200868,36.86507408,63.13492592,,,,1.035605068,567.5893291,548.2304478,50.5,243,0.206122449,29.5,0.120408163,83.66666667,237,0.353124893,AAA_E35F_v2.xls,AAA_E35,74,149.6666667,24.86843965,22.35161006
,AAA_E35_hF_M_s5,23.93346111,24.88582255,97.56336246,16.223242,16.10861961,31.78224861,8.777202944,40.55945156,59.87099257,61.44662796,24.66832725,78.68237947,21.31762053,27.32156818,1.551703004,0.390610545,14.80559441,49.35430762,2.712959736,316.1712673,48.65459999,9.828075252,8.997746108,6.057069949,14.76309435,23.76084046,21.65994194,51.68443653,48.31556347,40.91608505,34.42173049,69.38028331,58.86759697,10.1708198,17.41509415,7.74607225,9.610561988,3.671810033,84.1108258,43.61681761,56.38318239,,,,1.153978755,561.492575,600.9314478,54.66666667,240.3333333,0.227503929,29.33333333,0.122028268,98,236.3333333,0.414341884,AAA_E35F_v2.xls,AAA_E35,81,163.5,25.60976733,23.08669508
,AAA_E35_hF_M_s6,22.46764496,28.11735027,79.92316573,14.73607555,20.38578086,35.12185641,7.73156941,42.85342582,52.41915548,65.63371733,25.29249761,81.94712719,18.05287281,22.04900266,1.195722625,0.302063427,15.59115835,51.42395611,3.156881189,268.252994,48.86937508,9.407845585,12.05582091,5.236906355,14.64475194,26.70057285,22.16880223,54.90878078,45.09121922,41.87011561,41.63927945,75.42350008,65.23040614,10.74284261,17.00947801,7.576016034,9.433461978,3.101976036,86.55921057,45.03242578,54.96757422,,,,0.875611984,468.4648846,534.3310656,55,240.6666667,0.228535354,29.66666667,0.123278237,105.6666667,229,0.461418617,AAA_E35F_v2.xls,AAA_E35,83,155.3333333,28.4877113,23.26173071
,AAA_E35_hF_M_s7,32.25092146,30.24280816,106.4886936,20.52304475,17.30688341,39.27020167,11.72787671,50.99807838,63.39860948,59.64725108,31.36297754,76.95413944,23.04586056,29.95991375,1.325467098,0.409837099,12.47427278,45.19489763,2.768810487,316.5378314,51.90764302,12.31458645,11.01002279,8.124649124,20.43923558,32.64201422,21.09298356,60.50675576,39.49324424,38.04679523,35.39527529,70.44785351,63.22250242,7.730649633,14.36908462,8.041436722,6.327647894,3.719835536,86.93630866,54.72294568,45.27705432,,,,0.982803514,575.2824371,598.5577332,62.66666667,242.6666667,0.258227618,30.33333333,0.124987246,,236.6666667,,AAA_E35F_v2.xls,AAA_E35,84,145.6666667,29.10610508,23.23406601
,AAA_E35_hF_M_s8,35.92543772,30.22851299,119.7144413,20.87628917,15.04474348,35.94729847,15.04914855,50.99644703,70.54477354,59.02468029,33.02279779,70.43054618,29.56945382,42.10820518,1.431479476,0.51596279,12.37534934,49.05081368,2.399081521,369.16404,63.87559809,15.52289815,11.55844156,10.94326726,26.46616541,38.02460697,25.85099111,59.52915998,40.47084002,44.10565158,35.01035197,77.49273959,75.19906778,12.20095694,17.51935395,8.723287763,7.87895188,4.196855776,88.84289294,52.3481494,47.6518506,,,,,653.5632165,459.5739096,64.5,242.6666667,0.265993266,32.5,0.133999932,89.66666667,237.3333333,0.377743349,AAA_E35F_v2.xls,AAA_E35,91,156.5,32.29772658,24.4121294
Male,AAA_E36_hF_M_s1,19.14783173,22.92276586,81.0723533,11.61582514,16.53672225,28.11894773,7.532006591,35.65095432,53.88134681,66.80350844,21.59148046,79.31514474,20.68485526,26.25621225,1.463671633,0.291086393,12.34318554,48.07768757,2.433201133,366.1143865,62.20682351,10.15582485,12.52014413,6.246336237,16.40216109,29.24904395,36.3631521,44.07333806,55.92666194,53.50528892,52.37383656,90.86416853,85.22864851,2.481524481,2.901674163,1.516668823,1.941724775,0.841761959,92.08150089,42.07264508,57.92735492,,,,1.119985994,552.4116779,561.7958714,54.66666667,242,0.22582174,24.66666667,0.101936227,113.5,234,0.483409132,AAA_E36F_v2.xls,AAA_E36,91.66666667,167,33.29071888,29.51315549
,AAA_E36_hF_M_s2,22.37798411,26.17687294,74.43217908,13.84221189,19.31849085,35.22744653,8.535772221,43.76321875,50.7941163,68.46106995,26.14949549,80.74481375,19.25518625,24.20338963,1.304915487,0.340554691,11.78087929,53.90399193,2.210358754,407.5702342,59.07640795,10.15887031,15.33233286,6.031574762,16.19044507,31.52277794,27.55363001,53.10084344,46.89915656,45.1946601,50.16494189,76.53847584,71.10828278,4.168615641,5.176616712,2.718957204,2.901239638,1.323538228,89.30966066,48.14825083,51.85174917,,,,1.227437284,584.4498032,535.4846783,58,240.3333333,0.241369931,27,0.1123457,113.5,236.3333333,0.482343818,AAA_E36F_v2.xls,AAA_E36,98,171.8333333,31.04088934,29.72316238
,AAA_E36_hF_M_s3,24.80399035,24.03500493,103.9255659,17.2847745,16.51578908,33.80056358,7.519215855,41.31977943,60.26899515,58.01347011,24.41949764,81.71753474,18.28246526,22.68206851,1.382211825,0.345435548,11.59927646,51.9816768,2.234587251,395.9080479,67.85440977,13.63878044,12.72623714,6.207828178,19.84660861,32.57284575,35.28156402,47.84479532,52.15520468,55.34642337,51.8556809,87.91036335,79.66421414,4.912436033,5.771242112,2.85537427,2.915867842,1.814467445,93.58743758,50.3901268,49.6098732,,,,1.141372937,602.6924698,543.4549599,58.66666667,239,0.245685104,29.33333333,0.122763649,121,230.6666667,0.533411033,AAA_E36F_v2.xls,AAA_E36,94,165.3333333,27.36944143,28.15123358
,AAA_E36_hF_M_s4,19.82799591,25.97704812,81.27709894,12.92822191,19.31777767,37.97437462,9.072605247,47.04697987,53.48203865,65.80210089,28.05979256,80.71586046,19.28413954,23.89138817,1.768103691,0.496126228,10.08958985,48.57207611,2.039477558,440.8502061,57.61001407,8.956453904,15.74740696,6.632092739,18.71262965,34.46003661,30.51250763,53.03784393,46.96215607,44.1253415,49.18064024,77.92114695,74.36954413,4.289078928,5.42917179,3.184868822,3.17266626,1.934106162,86.40790241,50.09596929,49.90403071,,,,1.225411782,612.472057,482.8989174,59,235.6666667,0.243703362,29.5,0.121860219,121.5,227,0.551775666,AAA_E36F_v2.xls,AAA_E36,101,169.6666667,33.10365903,29.22465422
,AAA_E36_hF_M_s5,21.69211711,25.96415886,83.3006273,13.13659842,17.40864017,30.54523859,8.555518685,39.10075728,55.28930272,66.35945178,23.82813798,78.3512455,21.6487545,27.80546281,1.45898189,0.354795677,11.55011417,55.39028031,2.104108617,425.081341,66.29266112,10.28483464,13.6021541,7.195480437,17.48031507,31.08246917,35.21019195,46.68866288,53.31133712,47.55144455,49.35005959,87.29054081,80.26867228,4.587344886,4.140560542,1.671850795,2.468709747,0.769992392,89.99113697,41.73062624,58.26937376,,,,1.272223135,672.7854313,488.5451355,62.5,234,0.272579783,28,0.122251489,113.3333333,229,0.496555553,AAA_E36F_v2.xls,AAA_E36,94.5,168,30.39993664,28.91082752
,AAA_E36_hF_M_s6,28.846023,25.59057361,83.48348348,14.12489821,17.21885104,34.21163872,13.02663097,47.23826969,58.04623415,69.53020134,30.13245033,72.4235645,27.5764355,38.07660626,1.68705007,0.480571337,11.35394581,49.59646522,2.287049545,391.4016123,70.13222838,13.40707341,13.86505079,11.50486121,24.91193462,41.75708046,33.09144709,55.78878012,44.21121988,48.89516958,53.23330437,92.36425339,90.85303186,6.280631477,7.632836825,2.78991123,4.45963083,1.528814992,89.23243127,38.48396501,61.51603499,,,,1.287473459,635.1177863,489.6306728,59.66666667,241,0.247594104,31.66666667,0.13137562,118.3333333,232.3333333,0.509282327,AAA_E36F_v2.xls,AAA_E36,93,170.3333333,30.64430733,29.79537576
,AAA_E36_hF_M_s7,28.67898995,29.79454593,96.34867077,15.90861747,17.02417346,32.93279093,12.77037248,45.70316341,62.66621234,65.06921772,29.23676794,72.26456994,27.73543006,38.52518849,1.250399362,0.369356407,10.94933018,44.10695688,2.4747283,360.6755037,60.84338771,12.09159799,12.23193226,9.127118866,21.21871686,33.45064912,27.3927386,54.819837,45.180163,42.37766161,40.44009597,76.91467585,73.88546308,4.504327179,2.667686747,1.055394483,1.612292263,0.50832523,90.65533804,40.27939093,59.72060907,,,,1.076462123,617.5196717,544.9504975,59.5,242.3333333,0.244383728,32,0.131417392,127.5,230.6666667,0.546760279,AAA_E36F_v2.xls,AAA_E36,86,175.5,27.14676455,26.76297227
,AAA_E36_hF_M_s8,28.85934817,25.38045479,113.2748817,18.41738075,14.93848737,33.35586811,10.44196742,43.79783554,65.70639332,58.20958342,27.11990148,76.08402326,23.91597674,31.47800797,1.132978704,0.302983906,12.88556109,48.21045963,2.674385279,326.0749184,64.45545057,14.47556872,12.34525212,8.182298107,22.65786683,35.00311895,29.45233162,54.13428185,45.86571815,49.61596037,47.15423137,86.99809263,78.19405266,2.630882103,3.135321581,1.61235595,1.522965632,1.131195428,85.74769605,51.42783796,48.57216204,,,,1.317171876,623.7206637,451.305274,61.5,241.3333333,0.255186722,31.5,0.130705394,113.1666667,238,0.475906633,AAA_E36F_v2.xls,AAA_E36,81.33333333,174,25.54027213,29.1228746
Male,AAA_E37_hF_M_s1,23.94175666,27.33842831,99.17958067,14.64657438,15.68366838,31.14304702,11.65475993,42.79780694,63.35403727,63.87810559,27.22628344,72.76785714,27.23214286,37.42331288,1.475715089,,10.60564857,46.0286333,2.254917714,396.4417454,67.82584234,12.45174398,13.56537631,10.40870577,24.46419671,38.02957302,34.28310351,52.59046525,47.40953475,52.03448493,47.88856305,95.35768645,90.22671569,18.02114054,20.90985559,7.310184416,12.85097192,4.228277122,79.32428789,36.25875567,63.74124433,,,,1.242699498,552.8581946,589.4288665,53.33333333,241.3333333,0.221002097,31.83333333,0.131880055,115,238.3333333,0.482613404,AAA_E37F_v2.xls,AAA_E37,82,174.3333333,24.71664711,21.927597
,AAA_E37_hF_M_s2,23.79281881,28.42970423,83.64009285,14.51697259,19.15385801,33.6708306,9.275846221,42.94667682,55.34547196,66.14594522,26.11126152,78.50858281,21.49141719,27.79414287,1.324407392,0.346047657,14.79949837,54.31939661,2.741290216,315.5303905,66.13855114,11.85531312,14.20613807,7.689809692,19.54512281,33.75126088,32.38729026,50.9957279,49.0042721,49.92003106,49.02589273,87.56665124,81.79477817,11.51323356,13.31208104,5.084348205,8.227732834,2.894827438,84.53022854,38.25405815,61.74594185,,,,1.152855451,539.6316336,593.8977963,54.66666667,242.1666667,0.225845333,29.33333333,0.121151716,107,231,0.464213304,AAA_E37F_v2.xls,AAA_E37,91.33333333,156.3333333,28.97824591,20.88077295
,AAA_E37_hF_M_s3,32.96416547,30.09710719,117.6757705,20.3047595,16.1534971,37.5541961,13.94361009,51.49780618,68.47309517,58.21760915,32.72070814,73.30929568,26.69070432,36.72859826,1.508338618,0.466857474,17.79164964,52.93807325,3.361897857,244.7889165,,,,,,,,,,,,,,,12.83374524,6.724804207,6.077433198,,87.76210251,52.67072561,47.32927439,,,,1.109009282,508.003456,603.2203065,59.33333333,242.6666667,0.2445581,34,0.14012329,100.6666667,235.6666667,0.42713021,AAA_E37F_v2.xls,AAA_E37,81.66666667,136,26.49969569,20.24049326
,AAA_E37_hF_M_s4,22.61458819,28.83064132,79.39854937,13.94710183,20.16315496,34.1102568,8.66748636,42.77774316,52.79576896,67.43098242,25.72261476,79.77324863,20.22675137,25.47099959,1.61727643,0.412476443,17.59663025,50.69182375,3.654730427,228.4220229,74.95304035,12.55635427,17.86063051,7.331461471,19.88781574,37.74844626,37.20459409,50.38903311,49.61096689,55.37538597,59.1948094,91.87492954,87.96139405,20.11971943,21.25433154,8.351371068,12.90296047,4.041802962,87.44126667,39.39061654,60.60938346,,,,1.365216095,769.4212876,480.1603215,53,242.6666667,0.218396082,32,0.131879967,114.6666667,238,0.482205333,AAA_E37F_v2.xls,AAA_E37,92,176,26.43605972,22.2537901
,AAA_E37_hF_M_s5,38.56484733,35.59534184,108.5935002,21.24558277,18.27607728,39.52166006,17.31926456,56.84092461,67.8363292,62.65157941,37.08009458,69.51209139,30.48790861,43.88310611,1.499601495,0.556033984,16.43967983,57.00644543,2.872568859,292.6601685,75.85133233,19.71587652,15.65818256,14.49491432,34.21079085,49.86897341,25.98235893,65.73427856,34.26572144,51.10699224,42.0441676,90.57936458,88.68277926,11.34920166,12.68437473,7.464055204,5.220319522,4.422278053,86.95100215,58.825379,41.174621,,,,1.063329555,566.0552218,700.5494761,60,241,0.248931078,32.33333333,0.134164781,124.6666667,232.6666667,0.535847284,AAA_E37F_v2.xls,AAA_E37,99.66666667,166,30.83929953,23.58574603
,AAA_E37_hF_M_s6,31.37050951,31.98031791,98.1628845,17.83048417,18.44029256,36.27077674,13.54002534,49.81080208,62.99524973,64.17782176,31.67541371,72.8269285,27.1730715,37.31387058,1.768513754,0.579359487,17.15253413,53.56026078,3.033454858,276.3021257,78.98108203,17.3998422,16.69060065,11.83292187,29.23276407,45.92336472,33.05771731,58.27120971,41.72879029,55.49953628,49.35498831,95.70546991,93.1657343,14.64726488,15.93945492,7.349913188,8.589541734,4.192008946,90.28602775,45.05552599,54.94447401,,,,0.806694997,422.5126791,801.8930059,66,240,0.275184274,33.66666667,0.140447726,125,227.3333333,0.536480687,AAA_E37F_v2.xls,AAA_E37,110,174,35.40040729,23.81763807
,AAA_E37_hF_M_s7,35.10149629,33.61544833,104.1965579,20.30307763,18.81702967,39.1201073,14.79841866,53.91852596,64.97924063,62.44385613,34.35847231,72.57690324,27.42309676,37.92636209,1.627286589,0.534922331,14.48045488,51.74949935,2.796646439,306.2752763,72.91148716,17.81029175,15.63781102,12.02767547,29.83796723,45.47577824,27.43570891,62.35758061,37.64241939,50.9997025,45.8667797,88.48682188,85.42769522,7.942593426,9.203125209,5.693033899,3.51009131,3.625210422,90.16648567,61.84367225,38.15632775,,,,1.154816433,674.4323188,578.7639146,66,239,0.276150628,35,0.146443515,116,232.6666667,0.486392884,AAA_E37F_v2.xls,AAA_E37,114,152.6666667,39.29273678,23.23794658
,AAA_E37_hF_M_s8,42.05996605,33.44711669,125.5699133,24.54274668,14.76753056,40.56890752,17.51721937,58.08612689,72.43683257,57.71141837,37.80167313,69.85174906,30.14825094,43.16199518,1.536358583,0.602475799,12.63195282,46.9683772,2.688618483,325.1748436,51.72465733,14.46000904,9.941256213,11.86172616,26.3217352,36.26299141,15.46166591,70.10774607,29.89225393,33.43200418,28.15699659,67.97583082,60.85669511,3.682783552,6.522299356,3.399895352,3.122404004,1.498719687,86.37582602,52.22240502,47.77759498,,,,1.087345351,673.6220607,665.6357763,63.66666667,241.6666667,0.26343457,35,0.144848598,102,236.6666667,0.4310315,AAA_E37F_v2.xls,AAA_E37,85.66666667,,32.548991,19.83921551
,,,,,,,,,,,,,,,,,,,,,,,,,,,,,,,,,,,,,,,,,,,,,,,,,,,,,,,,,,,,,,
,,,,,,,,,,,,,,,,,,,,,,,,,,,,,,,,,,,,,,,,,,,,,,,,,,,,,,,,,,,,,,
,,,,,,,,,,,,,,,,1.477249785,,,,,,,,,,,,,,,,,,,,,,,,,,,,,,,,,,,,,,,,,,,,,,
